"ID";"PROGENY";"GA_PARENT";"GB_PARENT";"PARCEL";"PLOT";"X_POSITION";"Y_POSITION";"EVENT_T1S";"Y_T1S";"EVENT_TD";"Y_TD"
"D1L3_1";"D1L3";"D1";"L3";"44A";68;9;3.5;1;25.5;0;25.5
"D1L3_2";"D1L3";"D1";"L3";"44A";68;9;4.5;1;7.5;1;8.5
"D1L3_3";"D1L3";"D1";"L3";"44A";68;9;5.5;1;8;1;8.5
"D1Y1_1";"D1Y1";"D1";"Y1";"44A";72;9;6.5;1;18;1;22
"D1Y1_2";"D1Y1";"D1";"Y1";"44A";72;9;7.5;1;9.5;1;13.5
"D1Y1_3";"D1Y1";"D1";"Y1";"44A";72;9;8.5;0;25.5;0;25.5
"D3L1_1";"D3L1";"D3";"L1";"44A";76;9;9.5;1;14.5;1;17
"D3L1_2";"D3L1";"D3";"L1";"44A";76;9;10.5;0;25.5;0;25.5
"D3L1_3";"D3L1";"D3";"L1";"44A";76;9;11.5;1;23.5;0;25.5
"D3L2_1";"D3L2";"D3";"L2";"44A";80;9;12.5;1;15.5;1;24
"D3L2_2";"D3L2";"D3";"L2";"44A";80;9;13.5;1;25.5;0;25.5
"D3L2_3";"D3L2";"D3";"L2";"44A";80;9;14.5;1;13.5;1;14.5
"D1L3_4";"D1L3";"D1";"L3";"44A";68;10;3;1;8.5;1;9.5
"D1L3_5";"D1L3";"D1";"L3";"44A";68;10;4;1;25.5;0;25.5
"D1L3_6";"D1L3";"D1";"L3";"44A";68;10;5;1;25.5;0;25.5
"D1Y1_4";"D1Y1";"D1";"Y1";"44A";72;10;6;1;15;1;19
"D1Y1_5";"D1Y1";"D1";"Y1";"44A";72;10;7;1;23.5;0;25.5
"D1Y1_6";"D1Y1";"D1";"Y1";"44A";72;10;8;1;24;0;25.5
"D3L1_4";"D3L1";"D3";"L1";"44A";76;10;9;1;20.5;1;23
"D3L1_5";"D3L1";"D3";"L1";"44A";76;10;10;1;25.5;0;25.5
"D3L1_6";"D3L1";"D3";"L1";"44A";76;10;11;1;23;0;25.5
"D3L2_4";"D3L2";"D3";"L2";"44A";80;10;12;1;19.5;1;24
"D3L2_5";"D3L2";"D3";"L2";"44A";80;10;13;1;25.5;0;25.5
"D3L2_6";"D3L2";"D3";"L2";"44A";80;10;14;1;17;1;21
"D1L3_7";"D1L3";"D1";"L3";"44A";68;11;3.5;1;24.5;0;25.5
"D1L3_8";"D1L3";"D1";"L3";"44A";68;11;4.5;1;12.5;1;18
"D1L3_9";"D1L3";"D1";"L3";"44A";68;11;5.5;0;25.5;0;25.5
"D1Y1_7";"D1Y1";"D1";"Y1";"44A";72;11;6.5;1;19.5;1;24
"D1Y1_8";"D1Y1";"D1";"Y1";"44A";72;11;7.5;1;24;0;25.5
"D1Y1_9";"D1Y1";"D1";"Y1";"44A";72;11;8.5;1;8;1;11.5
"D3L1_7";"D3L1";"D3";"L1";"44A";76;11;9.5;1;17;1;21
"D3L1_8";"D3L1";"D3";"L1";"44A";76;11;10.5;1;24.5;0;25.5
"D3L1_9";"D3L1";"D3";"L1";"44A";76;11;11.5;1;24.5;0;25.5
"D3L2_7";"D3L2";"D3";"L2";"44A";80;11;12.5;1;2.5;1;7.5
"D3L2_8";"D3L2";"D3";"L2";"44A";80;11;13.5;1;14;1;14.5
"D3L2_9";"D3L2";"D3";"L2";"44A";80;11;14.5;0;25.5;0;25.5
"D1L3_10";"D1L3";"D1";"L3";"44A";68;12;3;1;12.2;1;22.5
"D1L3_11";"D1L3";"D1";"L3";"44A";68;12;4;1;24.5;0;25.5
"D1L3_12";"D1L3";"D1";"L3";"44A";68;12;5;1;24.5;0;25.5
"D1Y1_10";"D1Y1";"D1";"Y1";"44A";72;12;6;1;24.5;0;25.5
"D1Y1_11";"D1Y1";"D1";"Y1";"44A";72;12;7;1;21.5;0;25.5
"D1Y1_12";"D1Y1";"D1";"Y1";"44A";72;12;8;1;23.5;0;25.5
"D3L1_10";"D3L1";"D3";"L1";"44A";76;12;9;0;25.5;0;25.5
"D3L1_11";"D3L1";"D3";"L1";"44A";76;12;10;1;24.5;0;25.5
"D3L1_12";"D3L1";"D3";"L1";"44A";76;12;11;1;23;0;25.5
"D3L2_10";"D3L2";"D3";"L2";"44A";80;12;12;0;23;0;23
"D3L2_11";"D3L2";"D3";"L2";"44A";80;12;13;1;9.5;1;10.5
"D3L2_12";"D3L2";"D3";"L2";"44A";80;12;14;1;19.5;1;23
"D1L3_13";"D1L3";"D1";"L3";"44A";68;13;3.5;0;25.5;0;25.5
"D1L3_14";"D1L3";"D1";"L3";"44A";68;13;4.5;0;25.5;0;25.5
"D1L3_15";"D1L3";"D1";"L3";"44A";68;13;5.5;0;25.5;0;25.5
"D1Y1_13";"D1Y1";"D1";"Y1";"44A";72;13;6.5;1;21;1;24
"D1Y1_14";"D1Y1";"D1";"Y1";"44A";72;13;7.5;1;22.5;1;25
"D1Y1_15";"D1Y1";"D1";"Y1";"44A";72;13;8.5;1;21;1;24
"D3L1_13";"D3L1";"D3";"L1";"44A";76;13;9.5;1;23;0;25.5
"D3L1_14";"D3L1";"D3";"L1";"44A";76;13;10.5;1;25;0;25.5
"D3L1_15";"D3L1";"D3";"L1";"44A";76;13;11.5;1;25;0;25.5
"D3L2_13";"D3L2";"D3";"L2";"44A";80;13;12.5;0;25.5;0;25.5
"D3L2_14";"D3L2";"D3";"L2";"44A";80;13;13.5;1;22.5;1;25.5
"D3L2_15";"D3L2";"D3";"L2";"44A";80;13;14.5;1;25.5;0;25.5
"D3L3_1";"D3L3";"D3";"L3";"44A";67;14;3;1;12;1;14
"D3L3_2";"D3L3";"D3";"L3";"44A";67;14;4;0;25.5;0;25.5
"D3L3_3";"D3L3";"D3";"L3";"44A";67;14;5;0;25.5;0;25.5
"D4L1_1";"D4L1";"D4";"L1";"44A";71;14;6;0;25.5;0;25.5
"D4L1_2";"D4L1";"D4";"L1";"44A";71;14;7;1;25.5;0;25.5
"D4L1_3";"D4L1";"D4";"L1";"44A";71;14;8;0;25.5;0;25.5
"D2L1_1";"D2L1";"D2";"L1";"44A";75;14;9;1;23;1;25
"D2L1_2";"D2L1";"D2";"L1";"44A";75;14;10;0;25.5;0;25.5
"D2L1_3";"D2L1";"D2";"L1";"44A";75;14;11;1;21.5;1;24.5
"D2L2_1";"D2L2";"D2";"L2";"44A";79;14;12;0;25.5;0;25.5
"D2L2_2";"D2L2";"D2";"L2";"44A";79;14;13;1;25.5;0;25.5
"D2L2_3";"D2L2";"D2";"L2";"44A";79;14;14;0;25.5;0;25.5
"D3L3_4";"D3L3";"D3";"L3";"44A";67;15;3.5;0;25.5;0;25.5
"D3L3_5";"D3L3";"D3";"L3";"44A";67;15;4.5;0;25.5;0;25.5
"D3L3_6";"D3L3";"D3";"L3";"44A";67;15;5.5;0;25.5;0;25.5
"D4L1_4";"D4L1";"D4";"L1";"44A";71;15;6.5;1;18.5;1;24.5
"D4L1_5";"D4L1";"D4";"L1";"44A";71;15;7.5;1;24;0;25.5
"D4L1_6";"D4L1";"D4";"L1";"44A";71;15;8.5;1;24.5;0;25.5
"D2L1_4";"D2L1";"D2";"L1";"44A";75;15;9.5;1;18;1;21.5
"D2L1_5";"D2L1";"D2";"L1";"44A";75;15;10.5;1;21.5;1;23.5
"D2L1_6";"D2L1";"D2";"L1";"44A";75;15;11.5;0;25.5;0;25.5
"D2L2_4";"D2L2";"D2";"L2";"44A";79;15;12.5;0;25.5;0;25.5
"D2L2_5";"D2L2";"D2";"L2";"44A";79;15;13.5;0;25.5;0;25.5
"D2L2_6";"D2L2";"D2";"L2";"44A";79;15;14.5;0;25.5;0;25.5
"D3L3_7";"D3L3";"D3";"L3";"44A";67;16;3;0;25.5;0;25.5
"D3L3_8";"D3L3";"D3";"L3";"44A";67;16;4;0;25.5;0;25.5
"D3L3_9";"D3L3";"D3";"L3";"44A";67;16;5;1;8;1;8.5
"D4L1_7";"D4L1";"D4";"L1";"44A";71;16;6;0;7.5;0;7.5
"D4L1_8";"D4L1";"D4";"L1";"44A";71;16;7;0;25.5;0;25.5
"D4L1_9";"D4L1";"D4";"L1";"44A";71;16;8;1;19;0;25.5
"D2L1_7";"D2L1";"D2";"L1";"44A";75;16;9;0;25.5;0;25.5
"D2L1_8";"D2L1";"D2";"L1";"44A";75;16;10;0;25.5;0;25.5
"D2L1_9";"D2L1";"D2";"L1";"44A";75;16;11;0;10.5;0;10.5
"D2L2_7";"D2L2";"D2";"L2";"44A";79;16;12;0;25.5;0;25.5
"D2L2_8";"D2L2";"D2";"L2";"44A";79;16;13;0;25.5;0;25.5
"D2L2_9";"D2L2";"D2";"L2";"44A";79;16;14;1;18.5;1;24
"D3L3_10";"D3L3";"D3";"L3";"44A";67;17;3.5;0;25.5;0;25.5
"D3L3_11";"D3L3";"D3";"L3";"44A";67;17;4.5;1;21.5;0;25.5
"D3L3_12";"D3L3";"D3";"L3";"44A";67;17;5.5;1;9.5;1;10.5
"D4L1_10";"D4L1";"D4";"L1";"44A";71;17;6.5;1;20.5;1;23
"D4L1_11";"D4L1";"D4";"L1";"44A";71;17;7.5;0;25.5;0;25.5
"D4L1_12";"D4L1";"D4";"L1";"44A";71;17;8.5;1;24.5;0;25.5
"D2L1_10";"D2L1";"D2";"L1";"44A";75;17;9.5;0;7.5;0;7.5
"D2L1_11";"D2L1";"D2";"L1";"44A";75;17;10.5;0;25.5;0;25.5
"D2L1_12";"D2L1";"D2";"L1";"44A";75;17;11.5;0;25.5;0;25.5
"D2L2_10";"D2L2";"D2";"L2";"44A";79;17;12.5;1;15;1;16.5
"D2L2_11";"D2L2";"D2";"L2";"44A";79;17;13.5;0;25.5;0;25.5
"D2L2_12";"D2L2";"D2";"L2";"44A";79;17;14.5;1;24.5;0;25.5
"D3L3_13";"D3L3";"D3";"L3";"44A";67;18;3;0;25.5;0;25.5
"D3L3_14";"D3L3";"D3";"L3";"44A";67;18;4;1;25;1;25.5
"D3L3_15";"D3L3";"D3";"L3";"44A";67;18;5;0;25.5;0;25.5
"D4L1_13";"D4L1";"D4";"L1";"44A";71;18;6;1;18.5;1;23
"D4L1_14";"D4L1";"D4";"L1";"44A";71;18;7;1;22.5;1;25.5
"D4L1_15";"D4L1";"D4";"L1";"44A";71;18;8;0;25.5;0;25.5
"D2L1_13";"D2L1";"D2";"L1";"44A";75;18;9;1;22.5;0;25.5
"D2L1_14";"D2L1";"D2";"L1";"44A";75;18;10;1;24.5;0;25.5
"D2L1_15";"D2L1";"D2";"L1";"44A";75;18;11;0;25.5;0;25.5
"D2L2_13";"D2L2";"D2";"L2";"44A";79;18;12;1;25.5;0;25.5
"D2L2_14";"D2L2";"D2";"L2";"44A";79;18;13;0;25.5;0;25.5
"D2L2_15";"D2L2";"D2";"L2";"44A";79;18;14;0;25.5;0;25.5
"D3L3_16";"D3L3";"D3";"L3";"44A";66;19;3.5;1;19.5;1;21.5
"D3L3_17";"D3L3";"D3";"L3";"44A";66;19;4.5;1;2.5;1;3.5
"D3L3_18";"D3L3";"D3";"L3";"44A";66;19;5.5;0;25.5;0;25.5
"D2Y1_1";"D2Y1";"D2";"Y1";"44A";70;19;6.5;1;24.5;0;25.5
"D2Y1_2";"D2Y1";"D2";"Y1";"44A";70;19;7.5;1;25.5;0;25.5
"D2Y1_3";"D2Y1";"D2";"Y1";"44A";70;19;8.5;0;25.5;0;25.5
"D3Y1_1";"D3Y1";"D3";"Y1";"44A";74;19;9.5;0;25.5;0;25.5
"D3Y1_2";"D3Y1";"D3";"Y1";"44A";74;19;10.5;0;25.5;0;25.5
"D3Y1_3";"D3Y1";"D3";"Y1";"44A";74;19;11.5;1;24.5;0;25.5
"D3Y1_4";"D3Y1";"D3";"Y1";"44A";78;19;12.5;0;25.5;0;25.5
"D3Y1_5";"D3Y1";"D3";"Y1";"44A";78;19;13.5;1;15.5;1;17
"D3Y1_6";"D3Y1";"D3";"Y1";"44A";78;19;14.5;1;21.5;0;25.5
"D3L3_19";"D3L3";"D3";"L3";"44A";66;20;3;0;16.5;0;16.5
"D3L3_20";"D3L3";"D3";"L3";"44A";66;20;4;1;24.5;0;25.5
"D3L3_21";"D3L3";"D3";"L3";"44A";66;20;5;1;17;1;17.5
"D2Y1_4";"D2Y1";"D2";"Y1";"44A";70;20;6;1;25.5;0;25.5
"D2Y1_5";"D2Y1";"D2";"Y1";"44A";70;20;7;1;24.5;0;25.5
"D2Y1_6";"D2Y1";"D2";"Y1";"44A";70;20;8;1;23;1;25.5
"D3Y1_7";"D3Y1";"D3";"Y1";"44A";74;20;9;1;11.5;1;13.5
"D3Y1_8";"D3Y1";"D3";"Y1";"44A";74;20;10;0;25.5;0;25.5
"D3Y1_9";"D3Y1";"D3";"Y1";"44A";74;20;11;1;20.5;1;24
"D3Y1_10";"D3Y1";"D3";"Y1";"44A";78;20;12;1;15.5;0;25.5
"D3Y1_11";"D3Y1";"D3";"Y1";"44A";78;20;13;1;9.5;1;13.5
"D3Y1_12";"D3Y1";"D3";"Y1";"44A";78;20;14;1;14;1;20.5
"D3L3_22";"D3L3";"D3";"L3";"44A";66;21;3.5;0;25.5;0;25.5
"D3L3_23";"D3L3";"D3";"L3";"44A";66;21;4.5;0;25.5;0;25.5
"D3L3_24";"D3L3";"D3";"L3";"44A";66;21;5.5;0;25.5;0;25.5
"D2Y1_7";"D2Y1";"D2";"Y1";"44A";70;21;6.5;0;7;0;7
"D2Y1_8";"D2Y1";"D2";"Y1";"44A";70;21;7.5;1;14;1;19
"D2Y1_9";"D2Y1";"D2";"Y1";"44A";70;21;8.5;1;24;0;25.5
"D3Y1_13";"D3Y1";"D3";"Y1";"44A";74;21;9.5;0;25.5;0;25.5
"D3Y1_14";"D3Y1";"D3";"Y1";"44A";74;21;10.5;0;25.5;0;25.5
"D3Y1_15";"D3Y1";"D3";"Y1";"44A";74;21;11.5;1;7.5;1;8
"D3Y1_16";"D3Y1";"D3";"Y1";"44A";78;21;12.5;0;25.5;0;25.5
"D3Y1_17";"D3Y1";"D3";"Y1";"44A";78;21;13.5;1;7.5;1;8
"D3Y1_18";"D3Y1";"D3";"Y1";"44A";78;21;14.5;0;25.5;0;25.5
"D3L3_25";"D3L3";"D3";"L3";"44A";66;22;3;1;2.5;1;4.5
"D3L3_26";"D3L3";"D3";"L3";"44A";66;22;4;1;15;1;16
"D3L3_27";"D3L3";"D3";"L3";"44A";66;22;5;0;25.5;0;25.5
"D2Y1_10";"D2Y1";"D2";"Y1";"44A";70;22;6;0;25.5;0;25.5
"D2Y1_11";"D2Y1";"D2";"Y1";"44A";70;22;7;1;23.5;0;25.5
"D2Y1_12";"D2Y1";"D2";"Y1";"44A";70;22;8;0;25;0;25
"D3Y1_19";"D3Y1";"D3";"Y1";"44A";74;22;9;1;12;1;13.5
"D3Y1_20";"D3Y1";"D3";"Y1";"44A";74;22;10;0;25.5;0;25.5
"D3Y1_21";"D3Y1";"D3";"Y1";"44A";74;22;11;1;12;1;14
"D3Y1_22";"D3Y1";"D3";"Y1";"44A";78;22;12;1;21;1;25.5
"D3Y1_23";"D3Y1";"D3";"Y1";"44A";78;22;13;1;21.5;1;25.5
"D3Y1_24";"D3Y1";"D3";"Y1";"44A";78;22;14;0;18.5;0;18.5
"D3L3_28";"D3L3";"D3";"L3";"44A";66;23;3.5;1;24;0;25.5
"D3L3_29";"D3L3";"D3";"L3";"44A";66;23;4.5;1;16;1;16.5
"D3L3_30";"D3L3";"D3";"L3";"44A";66;23;5.5;0;23.5;0;23.5
"D2Y1_13";"D2Y1";"D2";"Y1";"44A";70;23;6.5;0;25.5;0;25.5
"D2Y1_14";"D2Y1";"D2";"Y1";"44A";70;23;7.5;1;23.5;0;25.5
"D2Y1_15";"D2Y1";"D2";"Y1";"44A";70;23;8.5;0;25.5;0;25.5
"D3Y1_25";"D3Y1";"D3";"Y1";"44A";74;23;9.5;0;25.5;0;25.5
"D3Y1_26";"D3Y1";"D3";"Y1";"44A";74;23;10.5;0;25.5;0;25.5
"D3Y1_27";"D3Y1";"D3";"Y1";"44A";74;23;11.5;1;14.5;1;18.5
"D3Y1_28";"D3Y1";"D3";"Y1";"44A";78;23;12.5;1;15;1;18.5
"D3Y1_29";"D3Y1";"D3";"Y1";"44A";78;23;13.5;1;25;0;25.5
"D3Y1_30";"D3Y1";"D3";"Y1";"44A";78;23;14.5;1;17.5;1;18.5
"D5L2_1";"D5L2";"D5";"L2";"44A";65;24;3;1;11;1;11.5
"D5L2_2";"D5L2";"D5";"L2";"44A";65;24;4;1;25;0;25.5
"D5L2_3";"D5L2";"D5";"L2";"44A";65;24;5;1;25.5;0;25.5
"D5L3_1";"D5L3";"D5";"L3";"44A";69;24;6;1;25;0;25.5
"D5L3_2";"D5L3";"D5";"L3";"44A";69;24;7;1;23;0;25.5
"D5L3_3";"D5L3";"D5";"L3";"44A";69;24;8;1;25.5;0;25.5
"D2L3_1";"D2L3";"D2";"L3";"44A";73;24;9;1;25;0;25.5
"D2L3_2";"D2L3";"D2";"L3";"44A";73;24;10;1;23.5;1;25
"D2L3_3";"D2L3";"D2";"L3";"44A";73;24;11;1;13;1;14
"D4L3_1";"D4L3";"D4";"L3";"44A";77;24;12;1;13;1;13.5
"D4L3_2";"D4L3";"D4";"L3";"44A";77;24;13;1;24.5;0;25.5
"D4L3_3";"D4L3";"D4";"L3";"44A";77;24;14;1;24.5;1;25
"D5L2_4";"D5L2";"D5";"L2";"44A";65;25;3.5;0;25.5;0;25.5
"D5L2_5";"D5L2";"D5";"L2";"44A";65;25;4.5;0;7;0;7
"D5L2_6";"D5L2";"D5";"L2";"44A";65;25;5.5;0;25.5;0;25.5
"D5L3_4";"D5L3";"D5";"L3";"44A";69;25;6.5;1;17.5;1;20.5
"D5L3_5";"D5L3";"D5";"L3";"44A";69;25;7.5;0;25.5;0;25.5
"D5L3_6";"D5L3";"D5";"L3";"44A";69;25;8.5;1;23;1;25.5
"D2L3_4";"D2L3";"D2";"L3";"44A";73;25;9.5;1;23;0;25.5
"D2L3_5";"D2L3";"D2";"L3";"44A";73;25;10.5;1;24;0;25.5
"D2L3_6";"D2L3";"D2";"L3";"44A";73;25;11.5;0;25.5;0;25.5
"D4L3_4";"D4L3";"D4";"L3";"44A";77;25;12.5;1;15.5;1;18
"D4L3_5";"D4L3";"D4";"L3";"44A";77;25;13.5;1;6.5;1;8
"D4L3_6";"D4L3";"D4";"L3";"44A";77;25;14.5;0;25.5;0;25.5
"D5L2_7";"D5L2";"D5";"L2";"44A";65;26;3;0;25.5;0;25.5
"D5L2_8";"D5L2";"D5";"L2";"44A";65;26;4;1;24.5;0;25.5
"D5L2_9";"D5L2";"D5";"L2";"44A";65;26;5;1;23;1;25
"D5L3_7";"D5L3";"D5";"L3";"44A";69;26;6;1;15;1;15.5
"D5L3_8";"D5L3";"D5";"L3";"44A";69;26;7;0;25.5;0;25.5
"D5L3_9";"D5L3";"D5";"L3";"44A";69;26;8;1;22.5;1;25.5
"D2L3_7";"D2L3";"D2";"L3";"44A";73;26;9;1;21.5;1;23
"D2L3_8";"D2L3";"D2";"L3";"44A";73;26;10;0;25.5;0;25.5
"D2L3_9";"D2L3";"D2";"L3";"44A";73;26;11;0;25;0;25
"D4L3_7";"D4L3";"D4";"L3";"44A";77;26;12;1;6.5;1;7
"D4L3_8";"D4L3";"D4";"L3";"44A";77;26;13;1;17.5;1;19
"D4L3_9";"D4L3";"D4";"L3";"44A";77;26;14;1;12.5;1;14
"D5L2_10";"D5L2";"D5";"L2";"44A";65;27;3.5;1;23;0;25.5
"D5L2_11";"D5L2";"D5";"L2";"44A";65;27;4.5;0;25.5;0;25.5
"D5L2_12";"D5L2";"D5";"L2";"44A";65;27;5.5;1;24.5;0;25.5
"D5L3_10";"D5L3";"D5";"L3";"44A";69;27;6.5;1;24.5;0;25.5
"D5L3_11";"D5L3";"D5";"L3";"44A";69;27;7.5;1;21.5;1;25
"D5L3_12";"D5L3";"D5";"L3";"44A";69;27;8.5;0;25.5;0;25.5
"D2L3_10";"D2L3";"D2";"L3";"44A";73;27;9.5;1;24.5;0;25.5
"D2L3_11";"D2L3";"D2";"L3";"44A";73;27;10.5;1;24.5;0;25.5
"D2L3_12";"D2L3";"D2";"L3";"44A";73;27;11.5;1;7.5;1;8.5
"D4L3_10";"D4L3";"D4";"L3";"44A";77;27;12.5;1;7;1;7.5
"D4L3_11";"D4L3";"D4";"L3";"44A";77;27;13.5;1;18.5;1;21
"D4L3_12";"D4L3";"D4";"L3";"44A";77;27;14.5;1;24.5;1;25
"D5L2_13";"D5L2";"D5";"L2";"44A";65;28;3;1;24.5;0;25.5
"D5L2_14";"D5L2";"D5";"L2";"44A";65;28;4;0;25.5;0;25.5
"D5L2_15";"D5L2";"D5";"L2";"44A";65;28;5;1;24.5;0;25.5
"D5L3_13";"D5L3";"D5";"L3";"44A";69;28;6;0;25.5;0;25.5
"D5L3_14";"D5L3";"D5";"L3";"44A";69;28;7;1;17;1;19
"D5L3_15";"D5L3";"D5";"L3";"44A";69;28;8;1;24.5;0;25.5
"D2L3_13";"D2L3";"D2";"L3";"44A";73;28;9;1;24.5;0;25.5
"D2L3_14";"D2L3";"D2";"L3";"44A";73;28;10;1;24.5;0;25.5
"D2L3_15";"D2L3";"D2";"L3";"44A";73;28;11;1;22.5;0;25.5
"D4L3_13";"D4L3";"D4";"L3";"44A";77;28;12;1;15;1;15.5
"D4L3_14";"D4L3";"D4";"L3";"44A";77;28;13;1;24.5;0;25.5
"D4L3_15";"D4L3";"D4";"L3";"44A";77;28;14;1;24.5;0;25.5
"D4L1_16";"D4L1";"D4";"L1";"44A";52;29;3.5;0;25.5;0;25.5
"D4L1_17";"D4L1";"D4";"L1";"44A";52;29;4.5;0;25.5;0;25.5
"D4L1_18";"D4L1";"D4";"L1";"44A";52;29;5.5;0;25.5;0;25.5
"D5L3_16";"D5L3";"D5";"L3";"44A";56;29;6.5;1;10.5;1;11.5
"D5L3_17";"D5L3";"D5";"L3";"44A";56;29;7.5;1;14;1;14.5
"D5L3_18";"D5L3";"D5";"L3";"44A";56;29;8.5;0;25.5;0;25.5
"D1Y1_16";"D1Y1";"D1";"Y1";"44A";60;29;9.5;0;25.5;0;25.5
"D1Y1_17";"D1Y1";"D1";"Y1";"44A";60;29;10.5;0;25.5;0;25.5
"D1Y1_18";"D1Y1";"D1";"Y1";"44A";60;29;11.5;1;18.5;1;19
"D1L3_16";"D1L3";"D1";"L3";"44A";64;29;12.5;0;25.5;0;25.5
"D1L3_17";"D1L3";"D1";"L3";"44A";64;29;13.5;0;25.5;0;25.5
"D1L3_18";"D1L3";"D1";"L3";"44A";64;29;14.5;1;10.5;1;12
"D4L1_19";"D4L1";"D4";"L1";"44A";52;30;3;1;10.5;1;11.5
"D4L1_20";"D4L1";"D4";"L1";"44A";52;30;4;1;19.5;1;23
"D4L1_21";"D4L1";"D4";"L1";"44A";52;30;5;0;25.5;0;25.5
"D5L3_19";"D5L3";"D5";"L3";"44A";56;30;6;1;14;1;18
"D5L3_20";"D5L3";"D5";"L3";"44A";56;30;7;1;8.5;1;15
"D5L3_21";"D5L3";"D5";"L3";"44A";56;30;8;1;16.5;1;24.5
"D1Y1_19";"D1Y1";"D1";"Y1";"44A";60;30;9;0;25.5;0;25.5
"D1Y1_20";"D1Y1";"D1";"Y1";"44A";60;30;10;0;25.5;0;25.5
"D1Y1_21";"D1Y1";"D1";"Y1";"44A";60;30;11;1;5;1;7
"D1L3_19";"D1L3";"D1";"L3";"44A";64;30;12;0;25.5;0;25.5
"D1L3_20";"D1L3";"D1";"L3";"44A";64;30;13;0;6;0;6
"D1L3_21";"D1L3";"D1";"L3";"44A";64;30;14;1;7;1;8
"D4L1_22";"D4L1";"D4";"L1";"44A";52;31;3.5;0;7;0;7
"D4L1_23";"D4L1";"D4";"L1";"44A";52;31;4.5;1;24.5;0;25.5
"D4L1_24";"D4L1";"D4";"L1";"44A";52;31;5.5;0;25.5;0;25.5
"D5L3_22";"D5L3";"D5";"L3";"44A";56;31;6.5;1;14;1;18.5
"D5L3_23";"D5L3";"D5";"L3";"44A";56;31;7.5;0;25.5;0;25.5
"D5L3_24";"D5L3";"D5";"L3";"44A";56;31;8.5;0;25.5;0;25.5
"D1Y1_22";"D1Y1";"D1";"Y1";"44A";60;31;9.5;1;25.5;0;25.5
"D1Y1_23";"D1Y1";"D1";"Y1";"44A";60;31;10.5;0;25.5;0;25.5
"D1Y1_24";"D1Y1";"D1";"Y1";"44A";60;31;11.5;0;25.5;0;25.5
"D1L3_22";"D1L3";"D1";"L3";"44A";64;31;12.5;0;25.5;0;25.5
"D1L3_23";"D1L3";"D1";"L3";"44A";64;31;13.5;1;14;1;14.5
"D1L3_24";"D1L3";"D1";"L3";"44A";64;31;14.5;1;8.5;1;9.5
"D4L1_25";"D4L1";"D4";"L1";"44A";52;32;3;1;17.5;1;22
"D4L1_26";"D4L1";"D4";"L1";"44A";52;32;4;1;23.5;0;25.5
"D4L1_27";"D4L1";"D4";"L1";"44A";52;32;5;0;25.5;0;25.5
"D5L3_25";"D5L3";"D5";"L3";"44A";56;32;6;0;25.5;0;25.5
"D5L3_26";"D5L3";"D5";"L3";"44A";56;32;7;0;25.5;0;25.5
"D5L3_27";"D5L3";"D5";"L3";"44A";56;32;8;0;7.5;0;7.5
"D1Y1_25";"D1Y1";"D1";"Y1";"44A";60;32;9;0;25.5;0;25.5
"D1Y1_26";"D1Y1";"D1";"Y1";"44A";60;32;10;0;25.5;0;25.5
"D1Y1_27";"D1Y1";"D1";"Y1";"44A";60;32;11;0;25.5;0;25.5
"D1L3_25";"D1L3";"D1";"L3";"44A";64;32;12;1;22.5;1;23
"D1L3_26";"D1L3";"D1";"L3";"44A";64;32;13;1;19;1;23
"D1L3_27";"D1L3";"D1";"L3";"44A";64;32;14;1;7.5;1;8.5
"D4L1_28";"D4L1";"D4";"L1";"44A";52;33;3.5;0;25.5;0;25.5
"D4L1_29";"D4L1";"D4";"L1";"44A";52;33;4.5;1;23;0;25.5
"D4L1_30";"D4L1";"D4";"L1";"44A";52;33;5.5;1;25.5;0;25.5
"D5L3_28";"D5L3";"D5";"L3";"44A";56;33;6.5;1;25.5;0;25.5
"D5L3_29";"D5L3";"D5";"L3";"44A";56;33;7.5;1;23.5;0;25.5
"D5L3_30";"D5L3";"D5";"L3";"44A";56;33;8.5;1;18.5;1;20.5
"D1Y1_28";"D1Y1";"D1";"Y1";"44A";60;33;9.5;1;22;0;25.5
"D1Y1_29";"D1Y1";"D1";"Y1";"44A";60;33;10.5;0;25.5;0;25.5
"D1Y1_30";"D1Y1";"D1";"Y1";"44A";60;33;11.5;1;25.5;0;25.5
"D1L3_28";"D1L3";"D1";"L3";"44A";64;33;12.5;1;23.5;1;25.5
"D1L3_29";"D1L3";"D1";"L3";"44A";64;33;13.5;1;20.5;1;22
"D1L3_30";"D1L3";"D1";"L3";"44A";64;33;14.5;1;21.5;1;25
"D2L3_16";"D2L3";"D2";"L3";"44A";51;34;3;1;24.5;0;25.5
"D2L3_17";"D2L3";"D2";"L3";"44A";51;34;4;1;25.5;0;25.5
"D2L3_18";"D2L3";"D2";"L3";"44A";51;34;5;1;25.5;0;25.5
"D2L1_16";"D2L1";"D2";"L1";"44A";55;34;6;1;25.5;0;25.5
"D2L1_17";"D2L1";"D2";"L1";"44A";55;34;7;1;18;1;21.5
"D2L1_18";"D2L1";"D2";"L1";"44A";55;34;8;1;25.5;0;25.5
"D5L2_16";"D5L2";"D5";"L2";"44A";59;34;9;1;25.5;0;25.5
"D5L2_17";"D5L2";"D5";"L2";"44A";59;34;10;1;14;1;15
"D5L2_18";"D5L2";"D5";"L2";"44A";59;34;11;1;25.5;0;25.5
"D2L2_16";"D2L2";"D2";"L2";"44A";63;34;12;1;19;1;23
"D2L2_17";"D2L2";"D2";"L2";"44A";63;34;13;1;4.5;1;7.5
"D2L2_18";"D2L2";"D2";"L2";"44A";63;34;14;1;25.5;0;25.5
"D2L3_19";"D2L3";"D2";"L3";"44A";51;35;3.5;1;24.5;0;25.5
"D2L3_20";"D2L3";"D2";"L3";"44A";51;35;4.5;1;24.5;0;25.5
"D2L3_21";"D2L3";"D2";"L3";"44A";51;35;5.5;0;25.5;0;25.5
"D2L1_19";"D2L1";"D2";"L1";"44A";55;35;6.5;1;24.5;0;25.5
"D2L1_20";"D2L1";"D2";"L1";"44A";55;35;7.5;1;24.5;0;25.5
"D2L1_21";"D2L1";"D2";"L1";"44A";55;35;8.5;1;24;0;25.5
"D5L2_19";"D5L2";"D5";"L2";"44A";59;35;9.5;1;20.5;1;23.5
"D5L2_20";"D5L2";"D5";"L2";"44A";59;35;10.5;1;24.5;0;25.5
"D5L2_21";"D5L2";"D5";"L2";"44A";59;35;11.5;1;24.5;0;25.5
"D2L2_19";"D2L2";"D2";"L2";"44A";63;35;12.5;1;22.5;1;25
"D2L2_20";"D2L2";"D2";"L2";"44A";63;35;13.5;1;24.5;0;25.5
"D2L2_21";"D2L2";"D2";"L2";"44A";63;35;14.5;0;25.5;0;25.5
"D2L3_22";"D2L3";"D2";"L3";"44A";51;36;3;1;22.5;1;24.5
"D2L3_23";"D2L3";"D2";"L3";"44A";51;36;4;1;19.5;1;23
"D2L3_24";"D2L3";"D2";"L3";"44A";51;36;5;1;24.5;0;25.5
"D2L1_22";"D2L1";"D2";"L1";"44A";55;36;6;1;24.5;0;25.5
"D2L1_23";"D2L1";"D2";"L1";"44A";55;36;7;0;25.5;0;25.5
"D2L1_24";"D2L1";"D2";"L1";"44A";55;36;8;1;24.5;0;25.5
"D5L2_22";"D5L2";"D5";"L2";"44A";59;36;9;1;19;1;24
"D5L2_23";"D5L2";"D5";"L2";"44A";59;36;10;1;18.5;1;22.5
"D5L2_24";"D5L2";"D5";"L2";"44A";59;36;11;1;22.5;0;25.5
"D2L2_22";"D2L2";"D2";"L2";"44A";63;36;12;0;25.5;0;25.5
"D2L2_23";"D2L2";"D2";"L2";"44A";63;36;13;0;25.5;0;25.5
"D2L2_24";"D2L2";"D2";"L2";"44A";63;36;14;0;25.5;0;25.5
"D2L3_25";"D2L3";"D2";"L3";"44A";51;37;3.5;1;24;0;25.5
"D2L3_26";"D2L3";"D2";"L3";"44A";51;37;4.5;1;25.5;0;25.5
"D2L3_27";"D2L3";"D2";"L3";"44A";51;37;5.5;0;25.5;0;25.5
"D2L1_25";"D2L1";"D2";"L1";"44A";55;37;6.5;0;25.5;0;25.5
"D2L1_26";"D2L1";"D2";"L1";"44A";55;37;7.5;0;25.5;0;25.5
"D2L1_27";"D2L1";"D2";"L1";"44A";55;37;8.5;0;25.5;0;25.5
"D5L2_25";"D5L2";"D5";"L2";"44A";59;37;9.5;0;25.5;0;25.5
"D5L2_26";"D5L2";"D5";"L2";"44A";59;37;10.5;0;25.5;0;25.5
"D5L2_27";"D5L2";"D5";"L2";"44A";59;37;11.5;0;25.5;0;25.5
"D2L2_25";"D2L2";"D2";"L2";"44A";63;37;12.5;0;25.5;0;25.5
"D2L2_26";"D2L2";"D2";"L2";"44A";63;37;13.5;0;25.5;0;25.5
"D2L2_27";"D2L2";"D2";"L2";"44A";63;37;14.5;0;25.5;0;25.5
"D2L3_28";"D2L3";"D2";"L3";"44A";51;38;3;1;21;1;24.5
"D2L3_29";"D2L3";"D2";"L3";"44A";51;38;4;1;22.5;1;24.5
"D2L3_30";"D2L3";"D2";"L3";"44A";51;38;5;1;22.5;1;24
"D2L1_28";"D2L1";"D2";"L1";"44A";55;38;6;0;25.5;0;25.5
"D2L1_29";"D2L1";"D2";"L1";"44A";55;38;7;1;24;1;25.5
"D2L1_30";"D2L1";"D2";"L1";"44A";55;38;8;0;25.5;0;25.5
"D5L2_28";"D5L2";"D5";"L2";"44A";59;38;9;0;25.5;0;25.5
"D5L2_29";"D5L2";"D5";"L2";"44A";59;38;10;0;25.5;0;25.5
"D5L2_30";"D5L2";"D5";"L2";"44A";59;38;11;0;25.5;0;25.5
"D2L2_28";"D2L2";"D2";"L2";"44A";63;38;12;0;25.5;0;25.5
"D2L2_29";"D2L2";"D2";"L2";"44A";63;38;13;0;25.5;0;25.5
"D2L2_30";"D2L2";"D2";"L2";"44A";63;38;14;0;25.5;0;25.5
"D3Y1_31";"D3Y1";"D3";"Y1";"44A";50;39;3.5;1;24.5;0;25.5
"D3Y1_32";"D3Y1";"D3";"Y1";"44A";50;39;4.5;1;22;0;25.5
"D3Y1_33";"D3Y1";"D3";"Y1";"44A";50;39;5.5;1;11.5;1;14
"D2L1_31";"D2L1";"D2";"L1";"44A";54;39;6.5;0;25.5;0;25.5
"D2L1_32";"D2L1";"D2";"L1";"44A";54;39;7.5;1;25;0;25.5
"D2L1_33";"D2L1";"D2";"L1";"44A";54;39;8.5;1;19;1;23
"D3Y1_34";"D3Y1";"D3";"Y1";"44A";58;39;9.5;0;25.5;0;25.5
"D3Y1_35";"D3Y1";"D3";"Y1";"44A";58;39;10.5;0;25.5;0;25.5
"D3Y1_36";"D3Y1";"D3";"Y1";"44A";58;39;11.5;1;24.5;0;25.5
"D3L1_16";"D3L1";"D3";"L1";"44A";62;39;12.5;1;11.5;1;14.5
"D3L1_17";"D3L1";"D3";"L1";"44A";62;39;13.5;1;25;0;25.5
"D3L1_18";"D3L1";"D3";"L1";"44A";62;39;14.5;0;7.5;0;7.5
"D3Y1_37";"D3Y1";"D3";"Y1";"44A";50;40;3;1;13.5;1;14
"D3Y1_38";"D3Y1";"D3";"Y1";"44A";50;40;4;1;21;0;25.5
"D3Y1_39";"D3Y1";"D3";"Y1";"44A";50;40;5;1;23.5;0;25.5
"D2L1_34";"D2L1";"D2";"L1";"44A";54;40;6;1;12.5;1;24.5
"D2L1_35";"D2L1";"D2";"L1";"44A";54;40;7;1;14.5;1;16
"D2L1_36";"D2L1";"D2";"L1";"44A";54;40;8;1;24.5;0;25.5
"D3Y1_40";"D3Y1";"D3";"Y1";"44A";58;40;9;0;25.5;0;25.5
"D3Y1_41";"D3Y1";"D3";"Y1";"44A";58;40;10;0;25.5;0;25.5
"D3Y1_42";"D3Y1";"D3";"Y1";"44A";58;40;11;0;25.5;0;25.5
"D3L1_19";"D3L1";"D3";"L1";"44A";62;40;12;0;25.5;0;25.5
"D3L1_20";"D3L1";"D3";"L1";"44A";62;40;13;1;25;0;25.5
"D3L1_21";"D3L1";"D3";"L1";"44A";62;40;14;1;12.5;1;25
"D3Y1_43";"D3Y1";"D3";"Y1";"44A";50;41;3.5;0;25.5;0;25.5
"D3Y1_44";"D3Y1";"D3";"Y1";"44A";50;41;4.5;1;10;1;10.5
"D3Y1_45";"D3Y1";"D3";"Y1";"44A";50;41;5.5;0;8.5;0;8.5
"D2L1_37";"D2L1";"D2";"L1";"44A";54;41;6.5;1;19.5;1;22.5
"D2L1_38";"D2L1";"D2";"L1";"44A";54;41;7.5;1;23.5;0;25.5
"D2L1_39";"D2L1";"D2";"L1";"44A";54;41;8.5;1;21;1;24
"D3Y1_46";"D3Y1";"D3";"Y1";"44A";58;41;9.5;0;25.5;0;25.5
"D3Y1_47";"D3Y1";"D3";"Y1";"44A";58;41;10.5;1;24;0;25.5
"D3Y1_48";"D3Y1";"D3";"Y1";"44A";58;41;11.5;0;25.5;0;25.5
"D3L1_22";"D3L1";"D3";"L1";"44A";62;41;12.5;1;17.5;1;19.5
"D3L1_23";"D3L1";"D3";"L1";"44A";62;41;13.5;1;18.5;1;22.5
"D3L1_24";"D3L1";"D3";"L1";"44A";62;41;14.5;0;25.5;0;25.5
"D3Y1_49";"D3Y1";"D3";"Y1";"44A";50;42;3;0;25.5;0;25.5
"D3Y1_50";"D3Y1";"D3";"Y1";"44A";50;42;4;0;25.5;0;25.5
"D3Y1_51";"D3Y1";"D3";"Y1";"44A";50;42;5;1;13.5;1;14
"D2L1_40";"D2L1";"D2";"L1";"44A";54;42;6;0;25.5;0;25.5
"D2L1_41";"D2L1";"D2";"L1";"44A";54;42;7;0;25.5;0;25.5
"D2L1_42";"D2L1";"D2";"L1";"44A";54;42;8;1;19.5;1;22
"D3Y1_52";"D3Y1";"D3";"Y1";"44A";58;42;9;1;20.5;1;23
"D3Y1_53";"D3Y1";"D3";"Y1";"44A";58;42;10;0;25.5;0;25.5
"D3Y1_54";"D3Y1";"D3";"Y1";"44A";58;42;11;0;25.5;0;25.5
"D3L1_25";"D3L1";"D3";"L1";"44A";62;42;12;1;15.5;1;22.5
"D3L1_26";"D3L1";"D3";"L1";"44A";62;42;13;1;8.5;1;9.5
"D3L1_27";"D3L1";"D3";"L1";"44A";62;42;14;0;7;0;7
"D3Y1_55";"D3Y1";"D3";"Y1";"44A";50;43;3.5;0;25.5;0;25.5
"D3Y1_56";"D3Y1";"D3";"Y1";"44A";50;43;4.5;1;24.5;0;25.5
"D3Y1_57";"D3Y1";"D3";"Y1";"44A";50;43;5.5;1;24.5;0;25.5
"D2L1_43";"D2L1";"D2";"L1";"44A";54;43;6.5;1;24;0;25.5
"D2L1_44";"D2L1";"D2";"L1";"44A";54;43;7.5;1;14;1;14.5
"D2L1_45";"D2L1";"D2";"L1";"44A";54;43;8.5;1;14;1;14.5
"D3Y1_58";"D3Y1";"D3";"Y1";"44A";58;43;9.5;0;25.5;0;25.5
"D3Y1_59";"D3Y1";"D3";"Y1";"44A";58;43;10.5;0;25.5;0;25.5
"D3Y1_60";"D3Y1";"D3";"Y1";"44A";58;43;11.5;0;25.5;0;25.5
"D3L1_28";"D3L1";"D3";"L1";"44A";62;43;12.5;1;19.5;1;22.5
"D3L1_29";"D3L1";"D3";"L1";"44A";62;43;13.5;1;17;1;18.5
"D3L1_30";"D3L1";"D3";"L1";"44A";62;43;14.5;1;15.5;1;18
"D3L3_31";"D3L3";"D3";"L3";"44A";49;44;3;1;19;1;23
"D3L3_32";"D3L3";"D3";"L3";"44A";49;44;4;1;12.5;1;13
"D3L3_33";"D3L3";"D3";"L3";"44A";49;44;5;1;17.5;1;21
"D4L3_16";"D4L3";"D4";"L3";"44A";53;44;6;1;18;1;20.5
"D4L3_17";"D4L3";"D4";"L3";"44A";53;44;7;0;13;0;13
"D4L3_18";"D4L3";"D4";"L3";"44A";53;44;8;1;20.5;1;22.5
"D3L2_16";"D3L2";"D3";"L2";"44A";57;44;9;1;23.5;0;25.5
"D3L2_17";"D3L2";"D3";"L2";"44A";57;44;10;1;25.5;0;25.5
"D3L2_18";"D3L2";"D3";"L2";"44A";57;44;11;1;24.5;1;25.5
"D2Y1_16";"D2Y1";"D2";"Y1";"44A";61;44;12;1;18;1;18.5
"D2Y1_17";"D2Y1";"D2";"Y1";"44A";61;44;13;1;14;1;14.5
"D2Y1_18";"D2Y1";"D2";"Y1";"44A";61;44;14;1;8.5;1;12.5
"D3L3_34";"D3L3";"D3";"L3";"44A";49;45;3.5;0;25.5;0;25.5
"D3L3_35";"D3L3";"D3";"L3";"44A";49;45;4.5;0;25.5;0;25.5
"D3L3_36";"D3L3";"D3";"L3";"44A";49;45;5.5;1;22;1;24.5
"D4L3_19";"D4L3";"D4";"L3";"44A";53;45;6.5;0;25.5;0;25.5
"D4L3_20";"D4L3";"D4";"L3";"44A";53;45;7.5;1;17.5;1;20.5
"D4L3_21";"D4L3";"D4";"L3";"44A";53;45;8.5;0;25.5;0;25.5
"D3L2_19";"D3L2";"D3";"L2";"44A";57;45;9.5;1;21.5;1;24
"D3L2_20";"D3L2";"D3";"L2";"44A";57;45;10.5;1;17.5;1;22.5
"D3L2_21";"D3L2";"D3";"L2";"44A";57;45;11.5;0;25.5;0;25.5
"D2Y1_19";"D2Y1";"D2";"Y1";"44A";61;45;12.5;0;25.5;0;25.5
"D2Y1_20";"D2Y1";"D2";"Y1";"44A";61;45;13.5;1;21;0;25.5
"D2Y1_21";"D2Y1";"D2";"Y1";"44A";61;45;14.5;0;25.5;0;25.5
"D3L3_37";"D3L3";"D3";"L3";"44A";49;46;3;0;25.5;0;25.5
"D3L3_38";"D3L3";"D3";"L3";"44A";49;46;4;0;25.5;0;25.5
"D3L3_39";"D3L3";"D3";"L3";"44A";49;46;5;1;10.5;1;11
"D4L3_22";"D4L3";"D4";"L3";"44A";53;46;6;0;25.5;0;25.5
"D4L3_23";"D4L3";"D4";"L3";"44A";53;46;7;0;25.5;0;25.5
"D4L3_24";"D4L3";"D4";"L3";"44A";53;46;8;0;25.5;0;25.5
"D3L2_22";"D3L2";"D3";"L2";"44A";57;46;9;1;23;1;24.5
"D3L2_23";"D3L2";"D3";"L2";"44A";57;46;10;1;9.5;1;10.5
"D3L2_24";"D3L2";"D3";"L2";"44A";57;46;11;1;16;1;21.5
"D2Y1_22";"D2Y1";"D2";"Y1";"44A";61;46;12;0;25.5;0;25.5
"D2Y1_23";"D2Y1";"D2";"Y1";"44A";61;46;13;1;25.5;0;25.5
"D2Y1_24";"D2Y1";"D2";"Y1";"44A";61;46;14;1;23;0;25.5
"D3L3_40";"D3L3";"D3";"L3";"44A";49;47;3.5;1;23;0;25.5
"D3L3_41";"D3L3";"D3";"L3";"44A";49;47;4.5;1;14;1;15
"D3L3_42";"D3L3";"D3";"L3";"44A";49;47;5.5;1;17;1;19
"D4L3_25";"D4L3";"D4";"L3";"44A";53;47;6.5;1;22.5;0;25.5
"D4L3_26";"D4L3";"D4";"L3";"44A";53;47;7.5;1;25.5;0;25.5
"D4L3_27";"D4L3";"D4";"L3";"44A";53;47;8.5;1;25.5;0;25.5
"D3L2_25";"D3L2";"D3";"L2";"44A";57;47;9.5;1;21;1;24
"D3L2_26";"D3L2";"D3";"L2";"44A";57;47;10.5;0;15;0;15
"D3L2_27";"D3L2";"D3";"L2";"44A";57;47;11.5;1;10.5;1;11.5
"D2Y1_25";"D2Y1";"D2";"Y1";"44A";61;47;12.5;1;24.5;0;25.5
"D2Y1_26";"D2Y1";"D2";"Y1";"44A";61;47;13.5;1;25.5;0;25.5
"D2Y1_27";"D2Y1";"D2";"Y1";"44A";61;47;14.5;1;25.5;0;25.5
"D3L3_43";"D3L3";"D3";"L3";"44A";49;48;3;1;21.5;0;25.5
"D3L3_44";"D3L3";"D3";"L3";"44A";49;48;4;1;25.5;0;25.5
"D3L3_45";"D3L3";"D3";"L3";"44A";49;48;5;1;25.5;0;25.5
"D4L3_28";"D4L3";"D4";"L3";"44A";53;48;6;1;25.5;0;25.5
"D4L3_29";"D4L3";"D4";"L3";"44A";53;48;7;0;25.5;0;25.5
"D4L3_30";"D4L3";"D4";"L3";"44A";53;48;8;1;25.5;0;25.5
"D3L2_28";"D3L2";"D3";"L2";"44A";57;48;9;1;25.5;0;25.5
"D3L2_29";"D3L2";"D3";"L2";"44A";57;48;10;1;25.5;0;25.5
"D3L2_30";"D3L2";"D3";"L2";"44A";57;48;11;1;14;1;14.5
"D2Y1_28";"D2Y1";"D2";"Y1";"44A";61;48;12;1;15.5;0;25.5
"D2Y1_29";"D2Y1";"D2";"Y1";"44A";61;48;13;1;25.5;0;25.5
"D2Y1_30";"D2Y1";"D2";"Y1";"44A";61;48;14;1;25.5;0;25.5
"D2Y1_31";"D2Y1";"D2";"Y1";"44A";36;49;3.5;0;25.5;0;25.5
"D2Y1_32";"D2Y1";"D2";"Y1";"44A";36;49;4.5;1;15.5;1;21
"D2Y1_33";"D2Y1";"D2";"Y1";"44A";36;49;5.5;1;14.5;1;15.5
"D1L3_31";"D1L3";"D1";"L3";"44A";40;49;6.5;0;25.5;0;25.5
"D1L3_32";"D1L3";"D1";"L3";"44A";40;49;7.5;0;25.5;0;25.5
"D1L3_33";"D1L3";"D1";"L3";"44A";40;49;8.5;0;25.5;0;25.5
"D2L1_46";"D2L1";"D2";"L1";"44A";44;49;9.5;0;25.5;0;25.5
"D2L1_47";"D2L1";"D2";"L1";"44A";44;49;10.5;0;25.5;0;25.5
"D2L1_48";"D2L1";"D2";"L1";"44A";44;49;11.5;0;25.5;0;25.5
"D3L3_46";"D3L3";"D3";"L3";"44A";48;49;12.5;0;25.5;0;25.5
"D3L3_47";"D3L3";"D3";"L3";"44A";48;49;13.5;0;25.5;0;25.5
"D3L3_48";"D3L3";"D3";"L3";"44A";48;49;14.5;1;19;1;21.5
"D2Y1_34";"D2Y1";"D2";"Y1";"44A";36;50;3;1;22;1;25.5
"D2Y1_35";"D2Y1";"D2";"Y1";"44A";36;50;4;1;25;1;25.5
"D2Y1_36";"D2Y1";"D2";"Y1";"44A";36;50;5;1;19.5;0;25.5
"D1L3_34";"D1L3";"D1";"L3";"44A";40;50;6;0;25.5;0;25.5
"D1L3_35";"D1L3";"D1";"L3";"44A";40;50;7;1;15.5;1;22.5
"D1L3_36";"D1L3";"D1";"L3";"44A";40;50;8;0;25.5;0;25.5
"D2L1_49";"D2L1";"D2";"L1";"44A";44;50;9;0;25.5;0;25.5
"D2L1_50";"D2L1";"D2";"L1";"44A";44;50;10;0;25.5;0;25.5
"D2L1_51";"D2L1";"D2";"L1";"44A";44;50;11;0;25.5;0;25.5
"D3L3_49";"D3L3";"D3";"L3";"44A";48;50;12;0;25.5;0;25.5
"D3L3_50";"D3L3";"D3";"L3";"44A";48;50;13;1;21;1;24
"D3L3_51";"D3L3";"D3";"L3";"44A";48;50;14;0;25.5;0;25.5
"D2Y1_37";"D2Y1";"D2";"Y1";"44A";36;51;3.5;1;24.5;0;25.5
"D2Y1_38";"D2Y1";"D2";"Y1";"44A";36;51;4.5;1;24.5;0;25.5
"D2Y1_39";"D2Y1";"D2";"Y1";"44A";36;51;5.5;1;23;0;25.5
"D1L3_37";"D1L3";"D1";"L3";"44A";40;51;6.5;1;22;1;25.5
"D1L3_38";"D1L3";"D1";"L3";"44A";40;51;7.5;1;9.5;1;10.5
"D1L3_39";"D1L3";"D1";"L3";"44A";40;51;8.5;1;25.5;0;25.5
"D2L1_52";"D2L1";"D2";"L1";"44A";44;51;9.5;0;25.5;0;25.5
"D2L1_53";"D2L1";"D2";"L1";"44A";44;51;10.5;1;24.5;0;25.5
"D2L1_54";"D2L1";"D2";"L1";"44A";44;51;11.5;0;25.5;0;25.5
"D3L3_52";"D3L3";"D3";"L3";"44A";48;51;12.5;1;24.5;0;25.5
"D3L3_53";"D3L3";"D3";"L3";"44A";48;51;13.5;1;24.5;0;25.5
"D3L3_54";"D3L3";"D3";"L3";"44A";48;51;14.5;0;25.5;0;25.5
"D2Y1_40";"D2Y1";"D2";"Y1";"44A";36;52;3;0;25.5;0;25.5
"D2Y1_41";"D2Y1";"D2";"Y1";"44A";36;52;4;1;24.5;0;25.5
"D2Y1_42";"D2Y1";"D2";"Y1";"44A";36;52;5;1;24.5;0;25.5
"D1L3_40";"D1L3";"D1";"L3";"44A";40;52;6;1;23.5;1;24.5
"D1L3_41";"D1L3";"D1";"L3";"44A";40;52;7;0;10.5;0;10.5
"D1L3_42";"D1L3";"D1";"L3";"44A";40;52;8;1;14;1;14.5
"D2L1_55";"D2L1";"D2";"L1";"44A";44;52;9;1;24.5;0;25.5
"D2L1_56";"D2L1";"D2";"L1";"44A";44;52;10;0;25.5;0;25.5
"D2L1_57";"D2L1";"D2";"L1";"44A";44;52;11;1;24.5;0;25.5
"D3L3_55";"D3L3";"D3";"L3";"44A";48;52;12;1;24.5;0;25.5
"D3L3_56";"D3L3";"D3";"L3";"44A";48;52;13;1;18.5;1;19
"D3L3_57";"D3L3";"D3";"L3";"44A";48;52;14;0;25.5;0;25.5
"D2Y1_43";"D2Y1";"D2";"Y1";"44A";36;53;3.5;0;25.5;0;25.5
"D2Y1_44";"D2Y1";"D2";"Y1";"44A";36;53;4.5;0;25.5;0;25.5
"D2Y1_45";"D2Y1";"D2";"Y1";"44A";36;53;5.5;0;25.5;0;25.5
"D1L3_43";"D1L3";"D1";"L3";"44A";40;53;6.5;1;19.5;1;23
"D1L3_44";"D1L3";"D1";"L3";"44A";40;53;7.5;1;14;1;15.5
"D1L3_45";"D1L3";"D1";"L3";"44A";40;53;8.5;1;21;1;24
"D2L1_58";"D2L1";"D2";"L1";"44A";44;53;9.5;0;25.5;0;25.5
"D2L1_59";"D2L1";"D2";"L1";"44A";44;53;10.5;1;23.5;0;25.5
"D2L1_60";"D2L1";"D2";"L1";"44A";44;53;11.5;0;25.5;0;25.5
"D3L3_58";"D3L3";"D3";"L3";"44A";48;53;12.5;1;12.5;1;15
"D3L3_59";"D3L3";"D3";"L3";"44A";48;53;13.5;0;25.5;0;25.5
"D3L3_60";"D3L3";"D3";"L3";"44A";48;53;14.5;0;25.5;0;25.5
"D2L3_31";"D2L3";"D2";"L3";"44A";35;54;3;0;25.5;0;25.5
"D2L3_32";"D2L3";"D2";"L3";"44A";35;54;4;1;24.5;0;25.5
"D2L3_33";"D2L3";"D2";"L3";"44A";35;54;5;1;25.5;0;25.5
"D3Y1_61";"D3Y1";"D3";"Y1";"44A";39;54;6;1;25;0;25.5
"D3Y1_62";"D3Y1";"D3";"Y1";"44A";39;54;7;1;24.5;0;25.5
"D3Y1_63";"D3Y1";"D3";"Y1";"44A";39;54;8;1;20.5;1;24
"D3L2_31";"D3L2";"D3";"L2";"44A";43;54;9;1;25;0;25.5
"D3L2_32";"D3L2";"D3";"L2";"44A";43;54;10;1;25.5;0;25.5
"D3L2_33";"D3L2";"D3";"L2";"44A";43;54;11;0;25.5;0;25.5
"D2L2_31";"D2L2";"D2";"L2";"44A";47;54;12;1;18;1;21
"D2L2_32";"D2L2";"D2";"L2";"44A";47;54;13;1;24;0;25.5
"D2L2_33";"D2L2";"D2";"L2";"44A";47;54;14;0;25.5;0;25.5
"D2L3_34";"D2L3";"D2";"L3";"44A";35;55;3.5;1;21.5;1;24.5
"D2L3_35";"D2L3";"D2";"L3";"44A";35;55;4.5;1;25;0;25.5
"D2L3_36";"D2L3";"D2";"L3";"44A";35;55;5.5;1;25;0;25.5
"D3Y1_64";"D3Y1";"D3";"Y1";"44A";39;55;6.5;0;25.5;0;25.5
"D3Y1_65";"D3Y1";"D3";"Y1";"44A";39;55;7.5;1;6.5;1;7.5
"D3Y1_66";"D3Y1";"D3";"Y1";"44A";39;55;8.5;0;25.5;0;25.5
"D3L2_34";"D3L2";"D3";"L2";"44A";43;55;9.5;0;25.5;0;25.5
"D3L2_35";"D3L2";"D3";"L2";"44A";43;55;10.5;1;21;1;24
"D3L2_36";"D3L2";"D3";"L2";"44A";43;55;11.5;0;25.5;0;25.5
"D2L2_34";"D2L2";"D2";"L2";"44A";47;55;12.5;1;25;0;25.5
"D2L2_35";"D2L2";"D2";"L2";"44A";47;55;13.5;1;20.5;1;23.5
"D2L2_36";"D2L2";"D2";"L2";"44A";47;55;14.5;0;25.5;0;25.5
"D2L3_37";"D2L3";"D2";"L3";"44A";35;56;3;0;25.5;0;25.5
"D2L3_38";"D2L3";"D2";"L3";"44A";35;56;4;0;25.5;0;25.5
"D2L3_39";"D2L3";"D2";"L3";"44A";35;56;5;1;22.5;0;25.5
"D3Y1_67";"D3Y1";"D3";"Y1";"44A";39;56;6;1;18.5;1;24
"D3Y1_68";"D3Y1";"D3";"Y1";"44A";39;56;7;0;25.5;0;25.5
"D3Y1_69";"D3Y1";"D3";"Y1";"44A";39;56;8;1;24;0;25.5
"D3L2_37";"D3L2";"D3";"L2";"44A";43;56;9;0;25.5;0;25.5
"D3L2_38";"D3L2";"D3";"L2";"44A";43;56;10;0;25.5;0;25.5
"D3L2_39";"D3L2";"D3";"L2";"44A";43;56;11;1;24.5;0;25.5
"D2L2_37";"D2L2";"D2";"L2";"44A";47;56;12;0;25.5;0;25.5
"D2L2_38";"D2L2";"D2";"L2";"44A";47;56;13;1;25;0;25.5
"D2L2_39";"D2L2";"D2";"L2";"44A";47;56;14;0;25.5;0;25.5
"D2L3_40";"D2L3";"D2";"L3";"44A";35;57;3.5;1;24.5;0;25.5
"D2L3_41";"D2L3";"D2";"L3";"44A";35;57;4.5;0;25.5;0;25.5
"D2L3_42";"D2L3";"D2";"L3";"44A";35;57;5.5;1;24.5;0;25.5
"D3Y1_70";"D3Y1";"D3";"Y1";"44A";39;57;6.5;1;18;1;25
"D3Y1_71";"D3Y1";"D3";"Y1";"44A";39;57;7.5;0;25.5;0;25.5
"D3Y1_72";"D3Y1";"D3";"Y1";"44A";39;57;8.5;0;25.5;0;25.5
"D3L2_40";"D3L2";"D3";"L2";"44A";43;57;9.5;1;10.5;1;24
"D3L2_41";"D3L2";"D3";"L2";"44A";43;57;10.5;0;25.5;0;25.5
"D3L2_42";"D3L2";"D3";"L2";"44A";43;57;11.5;0;25.5;0;25.5
"D2L2_40";"D2L2";"D2";"L2";"44A";47;57;12.5;0;25.5;0;25.5
"D2L2_41";"D2L2";"D2";"L2";"44A";47;57;13.5;0;25.5;0;25.5
"D2L2_42";"D2L2";"D2";"L2";"44A";47;57;14.5;0;25.5;0;25.5
"D2L3_43";"D2L3";"D2";"L3";"44A";35;58;3;0;25.5;0;25.5
"D2L3_44";"D2L3";"D2";"L3";"44A";35;58;4;0;25.5;0;25.5
"D2L3_45";"D2L3";"D2";"L3";"44A";35;58;5;0;25.5;0;25.5
"D3Y1_73";"D3Y1";"D3";"Y1";"44A";39;58;6;1;21.5;1;24
"D3Y1_74";"D3Y1";"D3";"Y1";"44A";39;58;7;1;14;1;14.5
"D3Y1_75";"D3Y1";"D3";"Y1";"44A";39;58;8;0;25.5;0;25.5
"D3L2_43";"D3L2";"D3";"L2";"44A";43;58;9;0;25.5;0;25.5
"D3L2_44";"D3L2";"D3";"L2";"44A";43;58;10;1;23.5;0;25.5
"D3L2_45";"D3L2";"D3";"L2";"44A";43;58;11;0;25.5;0;25.5
"D2L2_43";"D2L2";"D2";"L2";"44A";47;58;12;0;25.5;0;25.5
"D2L2_44";"D2L2";"D2";"L2";"44A";47;58;13;0;25.5;0;25.5
"D2L2_45";"D2L2";"D2";"L2";"44A";47;58;14;1;21.5;1;24
"D4L3_31";"D4L3";"D4";"L3";"44A";34;59;3.5;1;24.5;0;25.5
"D4L3_32";"D4L3";"D4";"L3";"44A";34;59;4.5;1;23;0;25.5
"D4L3_33";"D4L3";"D4";"L3";"44A";34;59;5.5;1;24.5;0;25.5
"D1Y1_31";"D1Y1";"D1";"Y1";"44A";38;59;6.5;1;24.5;0;25.5
"D1Y1_32";"D1Y1";"D1";"Y1";"44A";38;59;7.5;1;23;0;25.5
"D1Y1_33";"D1Y1";"D1";"Y1";"44A";38;59;8.5;1;17.5;1;19
"D3L1_31";"D3L1";"D3";"L1";"44A";42;59;9.5;1;24.5;0;25.5
"D3L1_32";"D3L1";"D3";"L1";"44A";42;59;10.5;1;22.5;1;23
"D3L1_33";"D3L1";"D3";"L1";"44A";42;59;11.5;1;24.5;0;25.5
"D3Y1_76";"D3Y1";"D3";"Y1";"44A";46;59;12.5;1;18;1;18.5
"D3Y1_77";"D3Y1";"D3";"Y1";"44A";46;59;13.5;0;25.5;0;25.5
"D3Y1_78";"D3Y1";"D3";"Y1";"44A";46;59;14.5;1;22;0;25.5
"D4L3_34";"D4L3";"D4";"L3";"44A";34;60;3;1;17;1;19
"D4L3_35";"D4L3";"D4";"L3";"44A";34;60;4;1;25;0;25.5
"D4L3_36";"D4L3";"D4";"L3";"44A";34;60;5;1;24.5;0;25.5
"D1Y1_34";"D1Y1";"D1";"Y1";"44A";38;60;6;0;25.5;0;25.5
"D1Y1_35";"D1Y1";"D1";"Y1";"44A";38;60;7;1;24.5;0;25.5
"D1Y1_36";"D1Y1";"D1";"Y1";"44A";38;60;8;0;25.5;0;25.5
"D3L1_34";"D3L1";"D3";"L1";"44A";42;60;9;0;25.5;0;25.5
"D3L1_35";"D3L1";"D3";"L1";"44A";42;60;10;1;6;1;6.5
"D3L1_36";"D3L1";"D3";"L1";"44A";42;60;11;0;25.5;0;25.5
"D3Y1_79";"D3Y1";"D3";"Y1";"44A";46;60;12;0;25.5;0;25.5
"D3Y1_80";"D3Y1";"D3";"Y1";"44A";46;60;13;0;25.5;0;25.5
"D3Y1_81";"D3Y1";"D3";"Y1";"44A";46;60;14;0;8;0;8
"D4L3_37";"D4L3";"D4";"L3";"44A";34;61;3.5;1;17.5;1;19
"D4L3_38";"D4L3";"D4";"L3";"44A";34;61;4.5;1;25.5;0;25.5
"D4L3_39";"D4L3";"D4";"L3";"44A";34;61;5.5;1;22.5;0;25.5
"D1Y1_37";"D1Y1";"D1";"Y1";"44A";38;61;6.5;1;25;0;25.5
"D1Y1_38";"D1Y1";"D1";"Y1";"44A";38;61;7.5;0;25.5;0;25.5
"D1Y1_39";"D1Y1";"D1";"Y1";"44A";38;61;8.5;0;25.5;0;25.5
"D3L1_37";"D3L1";"D3";"L1";"44A";42;61;9.5;1;25.5;0;25.5
"D3L1_38";"D3L1";"D3";"L1";"44A";42;61;10.5;1;25.5;0;25.5
"D3L1_39";"D3L1";"D3";"L1";"44A";42;61;11.5;1;25.5;0;25.5
"D3Y1_82";"D3Y1";"D3";"Y1";"44A";46;61;12.5;1;15;1;17.5
"D3Y1_83";"D3Y1";"D3";"Y1";"44A";46;61;13.5;0;25.5;0;25.5
"D3Y1_84";"D3Y1";"D3";"Y1";"44A";46;61;14.5;1;23;0;25.5
"D4L3_40";"D4L3";"D4";"L3";"44A";34;62;3;1;21;0;25.5
"D4L3_41";"D4L3";"D4";"L3";"44A";34;62;4;1;25.5;0;25.5
"D4L3_42";"D4L3";"D4";"L3";"44A";34;62;5;1;24;1;25.5
"D1Y1_40";"D1Y1";"D1";"Y1";"44A";38;62;6;1;22;0;25.5
"D1Y1_41";"D1Y1";"D1";"Y1";"44A";38;62;7;0;25.5;0;25.5
"D1Y1_42";"D1Y1";"D1";"Y1";"44A";38;62;8;1;16;1;23
"D3L1_40";"D3L1";"D3";"L1";"44A";42;62;9;1;25.5;0;25.5
"D3L1_41";"D3L1";"D3";"L1";"44A";42;62;10;1;22.5;0;25.5
"D3L1_42";"D3L1";"D3";"L1";"44A";42;62;11;1;24;0;25.5
"D3Y1_85";"D3Y1";"D3";"Y1";"44A";46;62;12;0;25.5;0;25.5
"D3Y1_86";"D3Y1";"D3";"Y1";"44A";46;62;13;1;22.5;0;25.5
"D3Y1_87";"D3Y1";"D3";"Y1";"44A";46;62;14;1;17;1;17.5
"D4L3_43";"D4L3";"D4";"L3";"44A";34;63;3.5;1;23;0;25.5
"D4L3_44";"D4L3";"D4";"L3";"44A";34;63;4.5;0;25.5;0;25.5
"D4L3_45";"D4L3";"D4";"L3";"44A";34;63;5.5;1;23;0;25.5
"D1Y1_43";"D1Y1";"D1";"Y1";"44A";38;63;6.5;0;25.5;0;25.5
"D1Y1_44";"D1Y1";"D1";"Y1";"44A";38;63;7.5;1;21.5;1;24.5
"D1Y1_45";"D1Y1";"D1";"Y1";"44A";38;63;8.5;0;25.5;0;25.5
"D3L1_43";"D3L1";"D3";"L1";"44A";42;63;9.5;1;13.5;1;14
"D3L1_44";"D3L1";"D3";"L1";"44A";42;63;10.5;1;22;0;25.5
"D3L1_45";"D3L1";"D3";"L1";"44A";42;63;11.5;1;25.5;0;25.5
"D3Y1_88";"D3Y1";"D3";"Y1";"44A";46;63;12.5;1;24;0;25.5
"D3Y1_89";"D3Y1";"D3";"Y1";"44A";46;63;13.5;0;25.5;0;25.5
"D3Y1_90";"D3Y1";"D3";"Y1";"44A";46;63;14.5;0;25.5;0;25.5
"D5L2_31";"D5L2";"D5";"L2";"44A";33;64;3;0;25.5;0;25.5
"D5L2_32";"D5L2";"D5";"L2";"44A";33;64;4;1;23.5;1;24.5
"D5L2_33";"D5L2";"D5";"L2";"44A";33;64;5;1;14.5;1;15.5
"D2L1_61";"D2L1";"D2";"L1";"44A";37;64;6;1;21.5;1;24.5
"D2L1_62";"D2L1";"D2";"L1";"44A";37;64;7;1;21;0;25.5
"D2L1_63";"D2L1";"D2";"L1";"44A";37;64;8;0;25.5;0;25.5
"D4L1_31";"D4L1";"D4";"L1";"44A";41;64;9;0;25.5;0;25.5
"D4L1_32";"D4L1";"D4";"L1";"44A";41;64;10;0;25.5;0;25.5
"D4L1_33";"D4L1";"D4";"L1";"44A";41;64;11;0;25.5;0;25.5
"D5L3_31";"D5L3";"D5";"L3";"44A";45;64;12;0;23;0;23
"D5L3_32";"D5L3";"D5";"L3";"44A";45;64;13;0;25.5;0;25.5
"D5L3_33";"D5L3";"D5";"L3";"44A";45;64;14;0;25.5;0;25.5
"D5L2_34";"D5L2";"D5";"L2";"44A";33;65;3.5;0;25.5;0;25.5
"D5L2_35";"D5L2";"D5";"L2";"44A";33;65;4.5;1;2.5;1;5
"D5L2_36";"D5L2";"D5";"L2";"44A";33;65;5.5;0;25.5;0;25.5
"D2L1_64";"D2L1";"D2";"L1";"44A";37;65;6.5;0;25.5;0;25.5
"D2L1_65";"D2L1";"D2";"L1";"44A";37;65;7.5;1;17.5;1;18
"D2L1_66";"D2L1";"D2";"L1";"44A";37;65;8.5;0;25.5;0;25.5
"D4L1_34";"D4L1";"D4";"L1";"44A";41;65;9.5;0;25.5;0;25.5
"D4L1_35";"D4L1";"D4";"L1";"44A";41;65;10.5;0;25.5;0;25.5
"D4L1_36";"D4L1";"D4";"L1";"44A";41;65;11.5;1;23;0;25.5
"D5L3_34";"D5L3";"D5";"L3";"44A";45;65;12.5;0;25.5;0;25.5
"D5L3_35";"D5L3";"D5";"L3";"44A";45;65;13.5;1;21;1;24.5
"D5L3_36";"D5L3";"D5";"L3";"44A";45;65;14.5;1;25.5;0;25.5
"D5L2_37";"D5L2";"D5";"L2";"44A";33;66;3;1;24;0;25.5
"D5L2_38";"D5L2";"D5";"L2";"44A";33;66;4;1;25;0;25.5
"D5L2_39";"D5L2";"D5";"L2";"44A";33;66;5;1;25;0;25.5
"D2L1_67";"D2L1";"D2";"L1";"44A";37;66;6;0;25.5;0;25.5
"D2L1_68";"D2L1";"D2";"L1";"44A";37;66;7;0;25.5;0;25.5
"D2L1_69";"D2L1";"D2";"L1";"44A";37;66;8;0;25.5;0;25.5
"D4L1_37";"D4L1";"D4";"L1";"44A";41;66;9;1;25.5;0;25.5
"D4L1_38";"D4L1";"D4";"L1";"44A";41;66;10;1;21;1;24
"D4L1_39";"D4L1";"D4";"L1";"44A";41;66;11;1;24.5;0;25.5
"D5L3_37";"D5L3";"D5";"L3";"44A";45;66;12;0;25.5;0;25.5
"D5L3_38";"D5L3";"D5";"L3";"44A";45;66;13;1;25.5;0;25.5
"D5L3_39";"D5L3";"D5";"L3";"44A";45;66;14;1;24.5;0;25.5
"D5L2_40";"D5L2";"D5";"L2";"44A";33;67;3.5;1;22.5;1;24.5
"D5L2_41";"D5L2";"D5";"L2";"44A";33;67;4.5;1;23.5;1;24.5
"D5L2_42";"D5L2";"D5";"L2";"44A";33;67;5.5;1;19.5;1;24
"D2L1_70";"D2L1";"D2";"L1";"44A";37;67;6.5;1;24.5;0;25.5
"D2L1_71";"D2L1";"D2";"L1";"44A";37;67;7.5;1;24.5;0;25.5
"D2L1_72";"D2L1";"D2";"L1";"44A";37;67;8.5;0;25.5;0;25.5
"D4L1_40";"D4L1";"D4";"L1";"44A";41;67;9.5;1;24.5;0;25.5
"D4L1_41";"D4L1";"D4";"L1";"44A";41;67;10.5;1;24;0;25.5
"D4L1_42";"D4L1";"D4";"L1";"44A";41;67;11.5;0;25.5;0;25.5
"D5L3_40";"D5L3";"D5";"L3";"44A";45;67;12.5;1;23;0;25.5
"D5L3_41";"D5L3";"D5";"L3";"44A";45;67;13.5;1;11;1;11.5
"D5L3_42";"D5L3";"D5";"L3";"44A";45;67;14.5;1;22.5;0;25.5
"D5L2_43";"D5L2";"D5";"L2";"44A";33;68;3;0;25.5;0;25.5
"D5L2_44";"D5L2";"D5";"L2";"44A";33;68;4;0;25.5;0;25.5
"D5L2_45";"D5L2";"D5";"L2";"44A";33;68;5;0;25.5;0;25.5
"D2L1_73";"D2L1";"D2";"L1";"44A";37;68;6;0;25.5;0;25.5
"D2L1_74";"D2L1";"D2";"L1";"44A";37;68;7;0;25.5;0;25.5
"D2L1_75";"D2L1";"D2";"L1";"44A";37;68;8;0;25.5;0;25.5
"D4L1_43";"D4L1";"D4";"L1";"44A";41;68;9;0;25.5;0;25.5
"D4L1_44";"D4L1";"D4";"L1";"44A";41;68;10;1;13;1;14.5
"D4L1_45";"D4L1";"D4";"L1";"44A";41;68;11;0;25.5;0;25.5
"D5L3_43";"D5L3";"D5";"L3";"44A";45;68;12;0;25.5;0;25.5
"D5L3_44";"D5L3";"D5";"L3";"44A";45;68;13;1;21;0;25.5
"D5L3_45";"D5L3";"D5";"L3";"44A";45;68;14;1;23;0;25.5
"D3Y1_91";"D3Y1";"D3";"Y1";"44B";32;21;22.5;1;15;1;15.5
"D3Y1_92";"D3Y1";"D3";"Y1";"44B";32;21;23.5;1;23.5;0;25.5
"D3Y1_93";"D3Y1";"D3";"Y1";"44B";32;21;24.5;1;11.5;1;14
"D2L1_76";"D2L1";"D2";"L1";"44B";28;21;25.5;1;21;1;23.5
"D2L1_77";"D2L1";"D2";"L1";"44B";28;21;26.5;1;24;1;24.5
"D2L1_78";"D2L1";"D2";"L1";"44B";28;21;27.5;1;23.5;0;25.5
"D2L1_79";"D2L1";"D2";"L1";"44B";24;21;28.5;0;25.5;0;25.5
"D2L1_80";"D2L1";"D2";"L1";"44B";24;21;29.5;0;25.5;0;25.5
"D2L1_81";"D2L1";"D2";"L1";"44B";24;21;30.5;0;25.5;0;25.5
"D4L1_46";"D4L1";"D4";"L1";"44B";20;21;31.5;0;25.5;0;25.5
"D4L1_47";"D4L1";"D4";"L1";"44B";20;21;32.5;0;25.5;0;25.5
"D4L1_48";"D4L1";"D4";"L1";"44B";20;21;33.5;0;25.5;0;25.5
"D3Y1_94";"D3Y1";"D3";"Y1";"44B";32;22;22;1;19.5;1;23
"D3Y1_95";"D3Y1";"D3";"Y1";"44B";32;22;23;1;21;0;25.5
"D3Y1_96";"D3Y1";"D3";"Y1";"44B";32;22;24;1;9.5;1;10.5
"D2L1_82";"D2L1";"D2";"L1";"44B";28;22;25;1;11.5;1;12
"D2L1_83";"D2L1";"D2";"L1";"44B";28;22;26;1;21.5;1;23.5
"D2L1_84";"D2L1";"D2";"L1";"44B";28;22;27;0;25;0;25
"D2L1_85";"D2L1";"D2";"L1";"44B";24;22;28;0;25.5;0;25.5
"D2L1_86";"D2L1";"D2";"L1";"44B";24;22;29;1;14;1;14.5
"D2L1_87";"D2L1";"D2";"L1";"44B";24;22;30;1;8;1;8.5
"D4L1_49";"D4L1";"D4";"L1";"44B";20;22;31;0;8;0;8
"D4L1_50";"D4L1";"D4";"L1";"44B";20;22;32;0;25.5;0;25.5
"D4L1_51";"D4L1";"D4";"L1";"44B";20;22;33;0;25.5;0;25.5
"D3Y1_97";"D3Y1";"D3";"Y1";"44B";32;23;22.5;0;25.5;0;25.5
"D3Y1_98";"D3Y1";"D3";"Y1";"44B";32;23;23.5;1;15.5;1;22.5
"D3Y1_99";"D3Y1";"D3";"Y1";"44B";32;23;24.5;1;19;1;23
"D2L1_88";"D2L1";"D2";"L1";"44B";28;23;25.5;1;9.5;1;11.5
"D2L1_89";"D2L1";"D2";"L1";"44B";28;23;26.5;0;7.5;0;7.5
"D2L1_90";"D2L1";"D2";"L1";"44B";28;23;27.5;1;16;1;18.5
"D2L1_91";"D2L1";"D2";"L1";"44B";24;23;28.5;1;24.5;0;25.5
"D2L1_92";"D2L1";"D2";"L1";"44B";24;23;29.5;1;25;0;25.5
"D2L1_93";"D2L1";"D2";"L1";"44B";24;23;30.5;0;25.5;0;25.5
"D4L1_52";"D4L1";"D4";"L1";"44B";20;23;31.5;1;22;1;25.5
"D4L1_53";"D4L1";"D4";"L1";"44B";20;23;32.5;1;24.5;0;25.5
"D4L1_54";"D4L1";"D4";"L1";"44B";20;23;33.5;1;21;1;25
"D3Y1_100";"D3Y1";"D3";"Y1";"44B";32;24;22;1;24.5;0;25.5
"D3Y1_101";"D3Y1";"D3";"Y1";"44B";32;24;23;1;19.5;1;24
"D3Y1_102";"D3Y1";"D3";"Y1";"44B";32;24;24;1;1.5;1;4
"D2L1_94";"D2L1";"D2";"L1";"44B";28;24;25;1;12.5;1;15
"D2L1_95";"D2L1";"D2";"L1";"44B";28;24;26;1;24.5;0;25.5
"D2L1_96";"D2L1";"D2";"L1";"44B";28;24;27;1;11;1;24
"D2L1_97";"D2L1";"D2";"L1";"44B";24;24;28;0;25.5;0;25.5
"D2L1_98";"D2L1";"D2";"L1";"44B";24;24;29;1;24.5;0;25.5
"D2L1_99";"D2L1";"D2";"L1";"44B";24;24;30;0;25.5;0;25.5
"D4L1_55";"D4L1";"D4";"L1";"44B";20;24;31;1;24;0;25.5
"D4L1_56";"D4L1";"D4";"L1";"44B";20;24;32;1;23.5;0;25.5
"D4L1_57";"D4L1";"D4";"L1";"44B";20;24;33;0;9.5;0;9.5
"D3Y1_103";"D3Y1";"D3";"Y1";"44B";32;25;22.5;0;25.5;0;25.5
"D3Y1_104";"D3Y1";"D3";"Y1";"44B";32;25;23.5;1;17.5;1;21
"D3Y1_105";"D3Y1";"D3";"Y1";"44B";32;25;24.5;0;25.5;0;25.5
"D2L1_100";"D2L1";"D2";"L1";"44B";28;25;25.5;0;25.5;0;25.5
"D2L1_101";"D2L1";"D2";"L1";"44B";28;25;26.5;0;25.5;0;25.5
"D2L1_102";"D2L1";"D2";"L1";"44B";28;25;27.5;0;25.5;0;25.5
"D2L1_103";"D2L1";"D2";"L1";"44B";24;25;28.5;1;18;1;21
"D2L1_104";"D2L1";"D2";"L1";"44B";24;25;29.5;0;25.5;0;25.5
"D2L1_105";"D2L1";"D2";"L1";"44B";24;25;30.5;0;25.5;0;25.5
"D4L1_58";"D4L1";"D4";"L1";"44B";20;25;31.5;1;23.5;0;25.5
"D4L1_59";"D4L1";"D4";"L1";"44B";20;25;32.5;1;13;1;14
"D4L1_60";"D4L1";"D4";"L1";"44B";20;25;33.5;1;25.5;0;25.5
"D5L3_46";"D5L3";"D5";"L3";"44B";31;26;22;1;15.5;1;20.5
"D5L3_47";"D5L3";"D5";"L3";"44B";31;26;23;0;25.5;0;25.5
"D5L3_48";"D5L3";"D5";"L3";"44B";31;26;24;1;25.5;0;25.5
"D3L3_61";"D3L3";"D3";"L3";"44B";27;26;25;1;21.5;1;25.5
"D3L3_62";"D3L3";"D3";"L3";"44B";27;26;26;0;25.5;0;25.5
"D3L3_63";"D3L3";"D3";"L3";"44B";27;26;27;0;25.5;0;25.5
"D2L2_46";"D2L2";"D2";"L2";"44B";23;26;28;0;25.5;0;25.5
"D2L2_47";"D2L2";"D2";"L2";"44B";23;26;29;0;25.5;0;25.5
"D2L2_48";"D2L2";"D2";"L2";"44B";23;26;30;0;25.5;0;25.5
"D4L3_46";"D4L3";"D4";"L3";"44B";19;26;31;1;20.5;1;22
"D4L3_47";"D4L3";"D4";"L3";"44B";19;26;32;0;25.5;0;25.5
"D4L3_48";"D4L3";"D4";"L3";"44B";19;26;33;1;25;0;25.5
"D5L3_49";"D5L3";"D5";"L3";"44B";31;27;22.5;1;9.5;1;10.5
"D5L3_50";"D5L3";"D5";"L3";"44B";31;27;23.5;1;14.5;1;15
"D5L3_51";"D5L3";"D5";"L3";"44B";31;27;24.5;1;15.5;1;20.5
"D3L3_64";"D3L3";"D3";"L3";"44B";27;27;25.5;1;15.5;1;18
"D3L3_65";"D3L3";"D3";"L3";"44B";27;27;26.5;0;25.5;0;25.5
"D3L3_66";"D3L3";"D3";"L3";"44B";27;27;27.5;0;25.5;0;25.5
"D2L2_49";"D2L2";"D2";"L2";"44B";23;27;28.5;1;23;0;25.5
"D2L2_50";"D2L2";"D2";"L2";"44B";23;27;29.5;0;25.5;0;25.5
"D2L2_51";"D2L2";"D2";"L2";"44B";23;27;30.5;0;25.5;0;25.5
"D4L3_49";"D4L3";"D4";"L3";"44B";19;27;31.5;0;25.5;0;25.5
"D4L3_50";"D4L3";"D4";"L3";"44B";19;27;32.5;1;25;0;25.5
"D4L3_51";"D4L3";"D4";"L3";"44B";19;27;33.5;0;25.5;0;25.5
"D5L3_52";"D5L3";"D5";"L3";"44B";31;28;22;1;5;1;7.5
"D5L3_53";"D5L3";"D5";"L3";"44B";31;28;23;1;20.5;1;22
"D5L3_54";"D5L3";"D5";"L3";"44B";31;28;24;0;9.5;0;9.5
"D3L3_67";"D3L3";"D3";"L3";"44B";27;28;25;1;22;0;25.5
"D3L3_68";"D3L3";"D3";"L3";"44B";27;28;26;0;25.5;0;25.5
"D3L3_69";"D3L3";"D3";"L3";"44B";27;28;27;1;25.5;0;25.5
"D2L2_52";"D2L2";"D2";"L2";"44B";23;28;28;1;12;1;13.5
"D2L2_53";"D2L2";"D2";"L2";"44B";23;28;29;1;15;1;18.5
"D2L2_54";"D2L2";"D2";"L2";"44B";23;28;30;0;25.5;0;25.5
"D4L3_52";"D4L3";"D4";"L3";"44B";19;28;31;0;25.5;0;25.5
"D4L3_53";"D4L3";"D4";"L3";"44B";19;28;32;1;23.5;0;25.5
"D4L3_54";"D4L3";"D4";"L3";"44B";19;28;33;1;25;0;25.5
"D5L3_55";"D5L3";"D5";"L3";"44B";31;29;22.5;1;21.5;1;24
"D5L3_56";"D5L3";"D5";"L3";"44B";31;29;23.5;0;25.5;0;25.5
"D5L3_57";"D5L3";"D5";"L3";"44B";31;29;24.5;0;25.5;0;25.5
"D3L3_70";"D3L3";"D3";"L3";"44B";27;29;25.5;1;25.5;0;25.5
"D3L3_71";"D3L3";"D3";"L3";"44B";27;29;26.5;1;0.5;1;2.5
"D3L3_72";"D3L3";"D3";"L3";"44B";27;29;27.5;0;25.5;0;25.5
"D2L2_55";"D2L2";"D2";"L2";"44B";23;29;28.5;0;25.5;0;25.5
"D2L2_56";"D2L2";"D2";"L2";"44B";23;29;29.5;1;24;0;25.5
"D2L2_57";"D2L2";"D2";"L2";"44B";23;29;30.5;0;25.5;0;25.5
"D4L3_55";"D4L3";"D4";"L3";"44B";19;29;31.5;0;25.5;0;25.5
"D4L3_56";"D4L3";"D4";"L3";"44B";19;29;32.5;0;25.5;0;25.5
"D4L3_57";"D4L3";"D4";"L3";"44B";19;29;33.5;0;25.5;0;25.5
"D5L3_58";"D5L3";"D5";"L3";"44B";31;30;22;1;24;0;25.5
"D5L3_59";"D5L3";"D5";"L3";"44B";31;30;23;0;25.5;0;25.5
"D5L3_60";"D5L3";"D5";"L3";"44B";31;30;24;1;20.5;1;23
"D3L3_73";"D3L3";"D3";"L3";"44B";27;30;25;0;25.5;0;25.5
"D3L3_74";"D3L3";"D3";"L3";"44B";27;30;26;0;25.5;0;25.5
"D3L3_75";"D3L3";"D3";"L3";"44B";27;30;27;0;25.5;0;25.5
"D2L2_58";"D2L2";"D2";"L2";"44B";23;30;28;0;25.5;0;25.5
"D2L2_59";"D2L2";"D2";"L2";"44B";23;30;29;0;25.5;0;25.5
"D2L2_60";"D2L2";"D2";"L2";"44B";23;30;30;1;19.5;1;22
"D4L3_58";"D4L3";"D4";"L3";"44B";19;30;31;1;23.5;0;25.5
"D4L3_59";"D4L3";"D4";"L3";"44B";19;30;32;1;25.5;0;25.5
"D4L3_60";"D4L3";"D4";"L3";"44B";19;30;33;1;21.5;1;23.5
"D3L1_46";"D3L1";"D3";"L1";"44B";30;31;22.5;1;14;1;15.5
"D3L1_47";"D3L1";"D3";"L1";"44B";30;31;23.5;1;20.5;1;24.5
"D3L1_48";"D3L1";"D3";"L1";"44B";30;31;24.5;1;24;0;25.5
"D2Y1_46";"D2Y1";"D2";"Y1";"44B";26;31;25.5;1;8;1;11
"D2Y1_47";"D2Y1";"D2";"Y1";"44B";26;31;26.5;1;24.5;0;25.5
"D2Y1_48";"D2Y1";"D2";"Y1";"44B";26;31;27.5;0;25.5;0;25.5
"D1Y1_46";"D1Y1";"D1";"Y1";"44B";22;31;28.5;0;25.5;0;25.5
"D1Y1_47";"D1Y1";"D1";"Y1";"44B";22;31;29.5;1;24.5;0;25.5
"D1Y1_48";"D1Y1";"D1";"Y1";"44B";22;31;30.5;1;24.5;0;25.5
"D3Y1_106";"D3Y1";"D3";"Y1";"44B";18;31;31.5;1;6.5;1;7.5
"D3Y1_107";"D3Y1";"D3";"Y1";"44B";18;31;32.5;1;13;1;14
"D3Y1_108";"D3Y1";"D3";"Y1";"44B";18;31;33.5;1;13.5;1;14
"D3L1_49";"D3L1";"D3";"L1";"44B";30;32;22;0;25.5;0;25.5
"D3L1_50";"D3L1";"D3";"L1";"44B";30;32;23;0;25.5;0;25.5
"D3L1_51";"D3L1";"D3";"L1";"44B";30;32;24;0;7.5;0;7.5
"D2Y1_49";"D2Y1";"D2";"Y1";"44B";26;32;25;1;15.5;0;17
"D2Y1_50";"D2Y1";"D2";"Y1";"44B";26;32;26;1;24.5;0;25.5
"D2Y1_51";"D2Y1";"D2";"Y1";"44B";26;32;27;1;24.5;0;25.5
"D1Y1_49";"D1Y1";"D1";"Y1";"44B";22;32;28;0;25.5;0;25.5
"D1Y1_50";"D1Y1";"D1";"Y1";"44B";22;32;29;0;25.5;0;25.5
"D1Y1_51";"D1Y1";"D1";"Y1";"44B";22;32;30;1;18.5;1;24
"D3Y1_109";"D3Y1";"D3";"Y1";"44B";18;32;31;1;11;1;12.5
"D3Y1_110";"D3Y1";"D3";"Y1";"44B";18;32;32;1;22.5;0;25.5
"D3Y1_111";"D3Y1";"D3";"Y1";"44B";18;32;33;1;17;0;25.5
"D3L1_52";"D3L1";"D3";"L1";"44B";30;33;22.5;0;25.5;0;25.5
"D3L1_53";"D3L1";"D3";"L1";"44B";30;33;23.5;0;25.5;0;25.5
"D3L1_54";"D3L1";"D3";"L1";"44B";30;33;24.5;0;25.5;0;25.5
"D2Y1_52";"D2Y1";"D2";"Y1";"44B";26;33;25.5;0;25.5;0;25.5
"D2Y1_53";"D2Y1";"D2";"Y1";"44B";26;33;26.5;0;8;0;8
"D2Y1_54";"D2Y1";"D2";"Y1";"44B";26;33;27.5;0;25.5;0;25.5
"D1Y1_52";"D1Y1";"D1";"Y1";"44B";22;33;28.5;1;19;0;25.5
"D1Y1_53";"D1Y1";"D1";"Y1";"44B";22;33;29.5;0;25.5;0;25.5
"D1Y1_54";"D1Y1";"D1";"Y1";"44B";22;33;30.5;1;22;1;24
"D3Y1_112";"D3Y1";"D3";"Y1";"44B";18;33;31.5;0;25.5;0;25.5
"D3Y1_113";"D3Y1";"D3";"Y1";"44B";18;33;32.5;1;23.5;0;25.5
"D3Y1_114";"D3Y1";"D3";"Y1";"44B";18;33;33.5;1;25.5;0;25.5
"D3L1_55";"D3L1";"D3";"L1";"44B";30;34;22;0;25.5;0;25.5
"D3L1_56";"D3L1";"D3";"L1";"44B";30;34;23;0;25.5;0;25.5
"D3L1_57";"D3L1";"D3";"L1";"44B";30;34;24;1;21;1;24.5
"D2Y1_55";"D2Y1";"D2";"Y1";"44B";26;34;25;0;25.5;0;25.5
"D2Y1_56";"D2Y1";"D2";"Y1";"44B";26;34;26;0;25.5;0;25.5
"D2Y1_57";"D2Y1";"D2";"Y1";"44B";26;34;27;1;20.5;0;25.5
"D1Y1_55";"D1Y1";"D1";"Y1";"44B";22;34;28;0;10.5;0;10.5
"D1Y1_56";"D1Y1";"D1";"Y1";"44B";22;34;29;0;18;0;18
"D1Y1_57";"D1Y1";"D1";"Y1";"44B";22;34;30;0;25.5;0;25.5
"D3Y1_115";"D3Y1";"D3";"Y1";"44B";18;34;31;1;24;0;25.5
"D3Y1_116";"D3Y1";"D3";"Y1";"44B";18;34;32;1;14;1;14.5
"D3Y1_117";"D3Y1";"D3";"Y1";"44B";18;34;33;1;19.5;1;25
"D3L1_58";"D3L1";"D3";"L1";"44B";30;35;22.5;0;25.5;0;25.5
"D3L1_59";"D3L1";"D3";"L1";"44B";30;35;23.5;0;25.5;0;25.5
"D3L1_60";"D3L1";"D3";"L1";"44B";30;35;24.5;0;25.5;0;25.5
"D2Y1_58";"D2Y1";"D2";"Y1";"44B";26;35;25.5;0;25.5;0;25.5
"D2Y1_59";"D2Y1";"D2";"Y1";"44B";26;35;26.5;0;25.5;0;25.5
"D2Y1_60";"D2Y1";"D2";"Y1";"44B";26;35;27.5;1;19;1;25.5
"D1Y1_58";"D1Y1";"D1";"Y1";"44B";22;35;28.5;0;25.5;0;25.5
"D1Y1_59";"D1Y1";"D1";"Y1";"44B";22;35;29.5;0;25.5;0;25.5
"D1Y1_60";"D1Y1";"D1";"Y1";"44B";22;35;30.5;1;14.5;1;17.5
"D3Y1_118";"D3Y1";"D3";"Y1";"44B";18;35;31.5;1;10.5;1;12
"D3Y1_119";"D3Y1";"D3";"Y1";"44B";18;35;32.5;1;17.5;1;23
"D3Y1_120";"D3Y1";"D3";"Y1";"44B";18;35;33.5;1;9.5;1;12
"D5L2_46";"D5L2";"D5";"L2";"44B";29;36;22;1;25.5;0;25.5
"D5L2_47";"D5L2";"D5";"L2";"44B";29;36;23;1;15.5;1;21
"D5L2_48";"D5L2";"D5";"L2";"44B";29;36;24;0;25.5;0;25.5
"D3L2_46";"D3L2";"D3";"L2";"44B";25;36;25;1;21.5;1;24.5
"D3L2_47";"D3L2";"D3";"L2";"44B";25;36;26;1;17;1;23
"D3L2_48";"D3L2";"D3";"L2";"44B";25;36;27;1;7.5;1;8
"D2L3_46";"D2L3";"D2";"L3";"44B";21;36;28;1;24.5;0;25.5
"D2L3_47";"D2L3";"D2";"L3";"44B";21;36;29;0;25.5;0;25.5
"D2L3_48";"D2L3";"D2";"L3";"44B";21;36;30;1;15;1;18
"D1L3_46";"D1L3";"D1";"L3";"44B";17;36;31;1;24;1;25.5
"D1L3_47";"D1L3";"D1";"L3";"44B";17;36;32;1;17.5;1;19
"D1L3_48";"D1L3";"D1";"L3";"44B";17;36;33;1;17.5;1;20.5
"D5L2_49";"D5L2";"D5";"L2";"44B";29;37;22.5;1;16;1;19.5
"D5L2_50";"D5L2";"D5";"L2";"44B";29;37;23.5;1;17.5;0;25.5
"D5L2_51";"D5L2";"D5";"L2";"44B";29;37;24.5;0;25.5;0;25.5
"D3L2_49";"D3L2";"D3";"L2";"44B";25;37;25.5;1;25.5;0;25.5
"D3L2_50";"D3L2";"D3";"L2";"44B";25;37;26.5;1;21.5;1;24.5
"D3L2_51";"D3L2";"D3";"L2";"44B";25;37;27.5;1;16.5;1;19
"D2L3_49";"D2L3";"D2";"L3";"44B";21;37;28.5;1;24;1;24.5
"D2L3_50";"D2L3";"D2";"L3";"44B";21;37;29.5;1;24;0;25.5
"D2L3_51";"D2L3";"D2";"L3";"44B";21;37;30.5;0;25.5;0;25.5
"D1L3_49";"D1L3";"D1";"L3";"44B";17;37;31.5;1;17;1;18
"D1L3_50";"D1L3";"D1";"L3";"44B";17;37;32.5;1;15;1;17
"D1L3_51";"D1L3";"D1";"L3";"44B";17;37;33.5;1;21.5;1;24
"D5L2_52";"D5L2";"D5";"L2";"44B";29;38;22;0;9.5;0;9.5
"D5L2_53";"D5L2";"D5";"L2";"44B";29;38;23;1;21;1;24.5
"D5L2_54";"D5L2";"D5";"L2";"44B";29;38;24;1;24.5;0;25.5
"D3L2_52";"D3L2";"D3";"L2";"44B";25;38;25;0;25.5;0;25.5
"D3L2_53";"D3L2";"D3";"L2";"44B";25;38;26;0;25.5;0;25.5
"D3L2_54";"D3L2";"D3";"L2";"44B";25;38;27;0;25.5;0;25.5
"D2L3_52";"D2L3";"D2";"L3";"44B";21;38;28;1;21.5;1;22
"D2L3_53";"D2L3";"D2";"L3";"44B";21;38;29;1;19;1;21
"D2L3_54";"D2L3";"D2";"L3";"44B";21;38;30;0;25.5;0;25.5
"D1L3_52";"D1L3";"D1";"L3";"44B";17;38;31;1;16.5;1;21
"D1L3_53";"D1L3";"D1";"L3";"44B";17;38;32;1;13.5;1;14
"D1L3_54";"D1L3";"D1";"L3";"44B";17;38;33;1;12;1;13
"D5L2_55";"D5L2";"D5";"L2";"44B";29;39;22.5;1;18;1;19
"D5L2_56";"D5L2";"D5";"L2";"44B";29;39;23.5;1;24;1;25.5
"D5L2_57";"D5L2";"D5";"L2";"44B";29;39;24.5;1;24.5;0;25.5
"D3L2_55";"D3L2";"D3";"L2";"44B";25;39;25.5;1;14;1;15.5
"D3L2_56";"D3L2";"D3";"L2";"44B";25;39;26.5;1;24.5;0;25.5
"D3L2_57";"D3L2";"D3";"L2";"44B";25;39;27.5;0;25.5;0;25.5
"D2L3_55";"D2L3";"D2";"L3";"44B";21;39;28.5;1;24.5;0;25.5
"D2L3_56";"D2L3";"D2";"L3";"44B";21;39;29.5;0;10.5;0;10.5
"D2L3_57";"D2L3";"D2";"L3";"44B";21;39;30.5;1;22.5;1;23
"D1L3_55";"D1L3";"D1";"L3";"44B";17;39;31.5;1;23.5;0;25.5
"D1L3_56";"D1L3";"D1";"L3";"44B";17;39;32.5;1;24.5;0;25.5
"D1L3_57";"D1L3";"D1";"L3";"44B";17;39;33.5;1;24;1;25
"D5L2_58";"D5L2";"D5";"L2";"44B";29;40;22;1;15;1;15.5
"D5L2_59";"D5L2";"D5";"L2";"44B";29;40;23;0;25.5;0;25.5
"D5L2_60";"D5L2";"D5";"L2";"44B";29;40;24;1;24.5;0;25.5
"D3L2_58";"D3L2";"D3";"L2";"44B";25;40;25;1;23;0;25.5
"D3L2_59";"D3L2";"D3";"L2";"44B";25;40;26;1;24.5;0;25.5
"D3L2_60";"D3L2";"D3";"L2";"44B";25;40;27;1;24.5;0;25.5
"D2L3_58";"D2L3";"D2";"L3";"44B";21;40;28;1;20.5;1;23
"D2L3_59";"D2L3";"D2";"L3";"44B";21;40;29;1;23.5;0;25.5
"D2L3_60";"D2L3";"D2";"L3";"44B";21;40;30;1;24.5;0;25.5
"D1L3_58";"D1L3";"D1";"L3";"44B";17;40;31;1;24.5;0;25.5
"D1L3_59";"D1L3";"D1";"L3";"44B";17;40;32;1;24.5;0;25.5
"D1L3_60";"D1L3";"D1";"L3";"44B";17;40;33;1;15;1;16
"D3L2_61";"D3L2";"D3";"L2";"44B";16;41;22.5;0;25.5;0;25.5
"D3L2_62";"D3L2";"D3";"L2";"44B";16;41;23.5;1;22;0;25.5
"D3L2_63";"D3L2";"D3";"L2";"44B";16;41;24.5;0;25.5;0;25.5
"D2L1_106";"D2L1";"D2";"L1";"44B";12;41;25.5;0;25.5;0;25.5
"D2L1_107";"D2L1";"D2";"L1";"44B";12;41;26.5;0;25.5;0;25.5
"D2L1_108";"D2L1";"D2";"L1";"44B";12;41;27.5;0;6;0;6
"D2L1_109";"D2L1";"D2";"L1";"44B";8;41;28.5;0;9.5;0;9.5
"D2L1_110";"D2L1";"D2";"L1";"44B";8;41;29.5;1;22;0;25.5
"D2L1_111";"D2L1";"D2";"L1";"44B";8;41;30.5;0;25.5;0;25.5
"D3L3_76";"D3L3";"D3";"L3";"44B";4;41;31.5;0;25.5;0;25.5
"D3L3_77";"D3L3";"D3";"L3";"44B";4;41;32.5;1;11.5;1;12
"D3L3_78";"D3L3";"D3";"L3";"44B";4;41;33.5;1;15;1;18.5
"D3L2_64";"D3L2";"D3";"L2";"44B";16;42;22;0;25.5;0;25.5
"D3L2_65";"D3L2";"D3";"L2";"44B";16;42;23;0;25.5;0;25.5
"D3L2_66";"D3L2";"D3";"L2";"44B";16;42;24;1;22.5;0;25.5
"D2L1_112";"D2L1";"D2";"L1";"44B";12;42;25;0;25.5;0;25.5
"D2L1_113";"D2L1";"D2";"L1";"44B";12;42;26;0;25.5;0;25.5
"D2L1_114";"D2L1";"D2";"L1";"44B";12;42;27;1;23.5;0;25.5
"D2L1_115";"D2L1";"D2";"L1";"44B";8;42;28;1;22.5;0;25.5
"D2L1_116";"D2L1";"D2";"L1";"44B";8;42;29;0;25.5;0;25.5
"D2L1_117";"D2L1";"D2";"L1";"44B";8;42;30;0;25.5;0;25.5
"D3L3_79";"D3L3";"D3";"L3";"44B";4;42;31;1;22;1;23
"D3L3_80";"D3L3";"D3";"L3";"44B";4;42;32;1;12.5;1;14
"D3L3_81";"D3L3";"D3";"L3";"44B";4;42;33;1;7;1;17.5
"D3L2_67";"D3L2";"D3";"L2";"44B";16;43;22.5;1;11;1;12.5
"D3L2_68";"D3L2";"D3";"L2";"44B";16;43;23.5;0;25.5;0;25.5
"D3L2_69";"D3L2";"D3";"L2";"44B";16;43;24.5;1;20.5;1;23
"D2L1_118";"D2L1";"D2";"L1";"44B";12;43;25.5;0;25.5;0;25.5
"D2L1_119";"D2L1";"D2";"L1";"44B";12;43;26.5;0;25.5;0;25.5
"D2L1_120";"D2L1";"D2";"L1";"44B";12;43;27.5;0;25.5;0;25.5
"D2L1_121";"D2L1";"D2";"L1";"44B";8;43;28.5;1;18;1;18.5
"D2L1_122";"D2L1";"D2";"L1";"44B";8;43;29.5;0;25.5;0;25.5
"D2L1_123";"D2L1";"D2";"L1";"44B";8;43;30.5;0;25.5;0;25.5
"D3L3_82";"D3L3";"D3";"L3";"44B";4;43;31.5;1;23.5;1;25.5
"D3L3_83";"D3L3";"D3";"L3";"44B";4;43;32.5;0;25.5;0;25.5
"D3L3_84";"D3L3";"D3";"L3";"44B";4;43;33.5;1;15;1;17.5
"D3L2_70";"D3L2";"D3";"L2";"44B";16;44;22;1;23;0;25.5
"D3L2_71";"D3L2";"D3";"L2";"44B";16;44;23;1;16.5;1;18
"D3L2_72";"D3L2";"D3";"L2";"44B";16;44;24;0;25.5;0;25.5
"D2L1_124";"D2L1";"D2";"L1";"44B";12;44;25;1;24.5;0;25.5
"D2L1_125";"D2L1";"D2";"L1";"44B";12;44;26;1;24.5;0;25.5
"D2L1_126";"D2L1";"D2";"L1";"44B";12;44;27;0;25.5;0;25.5
"D2L1_127";"D2L1";"D2";"L1";"44B";8;44;28;1;13;1;14.5
"D2L1_128";"D2L1";"D2";"L1";"44B";8;44;29;1;21.5;0;25.5
"D2L1_129";"D2L1";"D2";"L1";"44B";8;44;30;0;25.5;0;25.5
"D3L3_85";"D3L3";"D3";"L3";"44B";4;44;31;1;14;1;15.5
"D3L3_86";"D3L3";"D3";"L3";"44B";4;44;32;1;9.5;1;10.5
"D3L3_87";"D3L3";"D3";"L3";"44B";4;44;33;1;11.5;1;12
"D3L2_73";"D3L2";"D3";"L2";"44B";16;45;22.5;0;25.5;0;25.5
"D3L2_74";"D3L2";"D3";"L2";"44B";16;45;23.5;1;23.5;0;25.5
"D3L2_75";"D3L2";"D3";"L2";"44B";16;45;24.5;0;25.5;0;25.5
"D2L1_130";"D2L1";"D2";"L1";"44B";12;45;25.5;0;25.5;0;25.5
"D2L1_131";"D2L1";"D2";"L1";"44B";12;45;26.5;0;25.5;0;25.5
"D2L1_132";"D2L1";"D2";"L1";"44B";12;45;27.5;0;25.5;0;25.5
"D2L1_133";"D2L1";"D2";"L1";"44B";8;45;28.5;0;25.5;0;25.5
"D2L1_134";"D2L1";"D2";"L1";"44B";8;45;29.5;1;16;1;16.5
"D2L1_135";"D2L1";"D2";"L1";"44B";8;45;30.5;0;25.5;0;25.5
"D3L3_88";"D3L3";"D3";"L3";"44B";4;45;31.5;1;25.5;0;25.5
"D3L3_89";"D3L3";"D3";"L3";"44B";4;45;32.5;1;13;1;15.5
"D3L3_90";"D3L3";"D3";"L3";"44B";4;45;33.5;1;20.5;1;22.5
"D5L3_61";"D5L3";"D5";"L3";"44B";15;46;22;1;14.5;1;16.5
"D5L3_62";"D5L3";"D5";"L3";"44B";15;46;23;1;11.5;1;15.5
"D5L3_63";"D5L3";"D5";"L3";"44B";15;46;24;0;25.5;0;25.5
"D2L2_61";"D2L2";"D2";"L2";"44B";11;46;25;0;25.5;0;25.5
"D2L2_62";"D2L2";"D2";"L2";"44B";11;46;26;0;25.5;0;25.5
"D2L2_63";"D2L2";"D2";"L2";"44B";11;46;27;1;24;0;25.5
"D2Y1_61";"D2Y1";"D2";"Y1";"44B";7;46;28;0;25.5;0;25.5
"D2Y1_62";"D2Y1";"D2";"Y1";"44B";7;46;29;0;25.5;0;25.5
"D2Y1_63";"D2Y1";"D2";"Y1";"44B";7;46;30;0;25.5;0;25.5
"D4L3_61";"D4L3";"D4";"L3";"44B";3;46;31;0;25.5;0;25.5
"D4L3_62";"D4L3";"D4";"L3";"44B";3;46;32;1;25.5;0;25.5
"D4L3_63";"D4L3";"D4";"L3";"44B";3;46;33;1;14.5;1;15
"D5L3_64";"D5L3";"D5";"L3";"44B";15;47;22.5;1;14;1;14.5
"D5L3_65";"D5L3";"D5";"L3";"44B";15;47;23.5;1;15;1;17.5
"D5L3_66";"D5L3";"D5";"L3";"44B";15;47;24.5;1;17.5;1;20.5
"D2L2_64";"D2L2";"D2";"L2";"44B";11;47;25.5;1;24.5;0;25.5
"D2L2_65";"D2L2";"D2";"L2";"44B";11;47;26.5;1;24.5;0;25.5
"D2L2_66";"D2L2";"D2";"L2";"44B";11;47;27.5;1;24.5;0;25.5
"D2Y1_64";"D2Y1";"D2";"Y1";"44B";7;47;28.5;1;23.5;0;25.5
"D2Y1_65";"D2Y1";"D2";"Y1";"44B";7;47;29.5;0;25.5;0;25.5
"D2Y1_66";"D2Y1";"D2";"Y1";"44B";7;47;30.5;1;24.5;0;25.5
"D4L3_64";"D4L3";"D4";"L3";"44B";3;47;31.5;1;19.5;1;22
"D4L3_65";"D4L3";"D4";"L3";"44B";3;47;32.5;1;12;1;14
"D4L3_66";"D4L3";"D4";"L3";"44B";3;47;33.5;1;22.5;0;25.5
"D5L3_67";"D5L3";"D5";"L3";"44B";15;48;22;1;15.5;1;19.5
"D5L3_68";"D5L3";"D5";"L3";"44B";15;48;23;0;9.5;0;9.5
"D5L3_69";"D5L3";"D5";"L3";"44B";15;48;24;1;17.5;1;21
"D2L2_67";"D2L2";"D2";"L2";"44B";11;48;25;1;10.5;0;25.5
"D2L2_68";"D2L2";"D2";"L2";"44B";11;48;26;0;25.5;0;25.5
"D2L2_69";"D2L2";"D2";"L2";"44B";11;48;27;1;17;1;19.5
"D2Y1_67";"D2Y1";"D2";"Y1";"44B";7;48;28;0;25.5;0;25.5
"D2Y1_68";"D2Y1";"D2";"Y1";"44B";7;48;29;0;25.5;0;25.5
"D2Y1_69";"D2Y1";"D2";"Y1";"44B";7;48;30;1;22.5;0;25.5
"D4L3_67";"D4L3";"D4";"L3";"44B";3;48;31;1;14;1;16.5
"D4L3_68";"D4L3";"D4";"L3";"44B";3;48;32;1;24.5;0;25.5
"D4L3_69";"D4L3";"D4";"L3";"44B";3;48;33;0;25.5;0;25.5
"D5L3_70";"D5L3";"D5";"L3";"44B";15;49;22.5;0;8;0;8
"D5L3_71";"D5L3";"D5";"L3";"44B";15;49;23.5;1;18;1;20.5
"D5L3_72";"D5L3";"D5";"L3";"44B";15;49;24.5;1;16;1;17.5
"D2L2_70";"D2L2";"D2";"L2";"44B";11;49;25.5;1;15.5;1;17.5
"D2L2_71";"D2L2";"D2";"L2";"44B";11;49;26.5;0;25.5;0;25.5
"D2L2_72";"D2L2";"D2";"L2";"44B";11;49;27.5;0;25.5;0;25.5
"D2Y1_70";"D2Y1";"D2";"Y1";"44B";7;49;28.5;0;25.5;0;25.5
"D2Y1_71";"D2Y1";"D2";"Y1";"44B";7;49;29.5;0;25.5;0;25.5
"D2Y1_72";"D2Y1";"D2";"Y1";"44B";7;49;30.5;0;25.5;0;25.5
"D4L3_70";"D4L3";"D4";"L3";"44B";3;49;31.5;1;25.5;0;25.5
"D4L3_71";"D4L3";"D4";"L3";"44B";3;49;32.5;1;23;1;24.5
"D4L3_72";"D4L3";"D4";"L3";"44B";3;49;33.5;0;25.5;0;25.5
"D5L3_73";"D5L3";"D5";"L3";"44B";15;50;22;0;7.5;0;7.5
"D5L3_74";"D5L3";"D5";"L3";"44B";15;50;23;0;25.5;0;25.5
"D5L3_75";"D5L3";"D5";"L3";"44B";15;50;24;1;18;1;21
"D2L2_73";"D2L2";"D2";"L2";"44B";11;50;25;0;13;0;13
"D2L2_74";"D2L2";"D2";"L2";"44B";11;50;26;0;25.5;0;25.5
"D2L2_75";"D2L2";"D2";"L2";"44B";11;50;27;0;25.5;0;25.5
"D2Y1_73";"D2Y1";"D2";"Y1";"44B";7;50;28;0;25.5;0;25.5
"D2Y1_74";"D2Y1";"D2";"Y1";"44B";7;50;29;0;25.5;0;25.5
"D2Y1_75";"D2Y1";"D2";"Y1";"44B";7;50;30;1;23;0;25.5
"D4L3_73";"D4L3";"D4";"L3";"44B";3;50;31;0;25.5;0;25.5
"D4L3_74";"D4L3";"D4";"L3";"44B";3;50;32;0;25.5;0;25.5
"D4L3_75";"D4L3";"D4";"L3";"44B";3;50;33;0;25.5;0;25.5
"D2L3_61";"D2L3";"D2";"L3";"44B";14;51;22.5;0;25.5;0;25.5
"D2L3_62";"D2L3";"D2";"L3";"44B";14;51;23.5;0;25.5;0;25.5
"D2L3_63";"D2L3";"D2";"L3";"44B";14;51;24.5;1;25.5;0;25.5
"D5L2_61";"D5L2";"D5";"L2";"44B";10;51;25.5;1;25.5;0;25.5
"D5L2_62";"D5L2";"D5";"L2";"44B";10;51;26.5;1;22.5;1;24.5
"D5L2_63";"D5L2";"D5";"L2";"44B";10;51;27.5;1;18;1;22
"D3Y1_121";"D3Y1";"D3";"Y1";"44B";6;51;28.5;0;25.5;0;25.5
"D3Y1_122";"D3Y1";"D3";"Y1";"44B";6;51;29.5;0;25.5;0;25.5
"D3Y1_123";"D3Y1";"D3";"Y1";"44B";6;51;30.5;1;15.5;1;18
"D1Y1_61";"D1Y1";"D1";"Y1";"44B";2;51;31.5;0;25.5;0;25.5
"D1Y1_62";"D1Y1";"D1";"Y1";"44B";2;51;32.5;0;25.5;0;25.5
"D1Y1_63";"D1Y1";"D1";"Y1";"44B";2;51;33.5;0;25.5;0;25.5
"D2L3_64";"D2L3";"D2";"L3";"44B";14;52;22;0;25.5;0;25.5
"D2L3_65";"D2L3";"D2";"L3";"44B";14;52;23;0;25.5;0;25.5
"D2L3_66";"D2L3";"D2";"L3";"44B";14;52;24;0;25.5;0;25.5
"D5L2_64";"D5L2";"D5";"L2";"44B";10;52;25;0;9.5;0;9.5
"D5L2_65";"D5L2";"D5";"L2";"44B";10;52;26;1;25.5;0;25.5
"D5L2_66";"D5L2";"D5";"L2";"44B";10;52;27;1;15;1;18
"D3Y1_124";"D3Y1";"D3";"Y1";"44B";6;52;28;0;25.5;0;25.5
"D3Y1_125";"D3Y1";"D3";"Y1";"44B";6;52;29;1;18.5;0;25.5
"D3Y1_126";"D3Y1";"D3";"Y1";"44B";6;52;30;0;25.5;0;25.5
"D1Y1_64";"D1Y1";"D1";"Y1";"44B";2;52;31;0;25.5;0;25.5
"D1Y1_65";"D1Y1";"D1";"Y1";"44B";2;52;32;0;25.5;0;25.5
"D1Y1_66";"D1Y1";"D1";"Y1";"44B";2;52;33;0;25.5;0;25.5
"D2L3_67";"D2L3";"D2";"L3";"44B";14;53;22.5;1;23;1;25.5
"D2L3_68";"D2L3";"D2";"L3";"44B";14;53;23.5;1;24.5;0;25.5
"D2L3_69";"D2L3";"D2";"L3";"44B";14;53;24.5;1;24.5;0;25.5
"D5L2_67";"D5L2";"D5";"L2";"44B";10;53;25.5;0;25.5;0;25.5
"D5L2_68";"D5L2";"D5";"L2";"44B";10;53;26.5;1;25.5;0;25.5
"D5L2_69";"D5L2";"D5";"L2";"44B";10;53;27.5;0;25.5;0;25.5
"D3Y1_127";"D3Y1";"D3";"Y1";"44B";6;53;28.5;0;25.5;0;25.5
"D3Y1_128";"D3Y1";"D3";"Y1";"44B";6;53;29.5;0;25.5;0;25.5
"D3Y1_129";"D3Y1";"D3";"Y1";"44B";6;53;30.5;1;25.5;0;25.5
"D1Y1_67";"D1Y1";"D1";"Y1";"44B";2;53;31.5;1;23;0;25.5
"D1Y1_68";"D1Y1";"D1";"Y1";"44B";2;53;32.5;1;17;1;18
"D1Y1_69";"D1Y1";"D1";"Y1";"44B";2;53;33.5;0;25.5;0;25.5
"D2L3_70";"D2L3";"D2";"L3";"44B";14;54;22;1;22;1;25.5
"D2L3_71";"D2L3";"D2";"L3";"44B";14;54;23;0;25.5;0;25.5
"D2L3_72";"D2L3";"D2";"L3";"44B";14;54;24;1;21.5;1;25.5
"D5L2_70";"D5L2";"D5";"L2";"44B";10;54;25;1;24;0;25.5
"D5L2_71";"D5L2";"D5";"L2";"44B";10;54;26;0;25.5;0;25.5
"D5L2_72";"D5L2";"D5";"L2";"44B";10;54;27;1;25.5;0;25.5
"D3Y1_130";"D3Y1";"D3";"Y1";"44B";6;54;28;0;25.5;0;25.5
"D3Y1_131";"D3Y1";"D3";"Y1";"44B";6;54;29;0;25.5;0;25.5
"D3Y1_132";"D3Y1";"D3";"Y1";"44B";6;54;30;0;25.5;0;25.5
"D1Y1_70";"D1Y1";"D1";"Y1";"44B";2;54;31;1;24;0;25.5
"D1Y1_71";"D1Y1";"D1";"Y1";"44B";2;54;32;1;19;1;23
"D1Y1_72";"D1Y1";"D1";"Y1";"44B";2;54;33;0;25.5;0;25.5
"D2L3_73";"D2L3";"D2";"L3";"44B";14;55;22.5;1;19;1;22
"D2L3_74";"D2L3";"D2";"L3";"44B";14;55;23.5;0;9.5;0;9.5
"D2L3_75";"D2L3";"D2";"L3";"44B";14;55;24.5;1;21.5;1;23
"D5L2_73";"D5L2";"D5";"L2";"44B";10;55;25.5;1;21;1;23
"D5L2_74";"D5L2";"D5";"L2";"44B";10;55;26.5;1;24;1;24.5
"D5L2_75";"D5L2";"D5";"L2";"44B";10;55;27.5;1;23;1;24.5
"D3Y1_133";"D3Y1";"D3";"Y1";"44B";6;55;28.5;1;24.5;0;25.5
"D3Y1_134";"D3Y1";"D3";"Y1";"44B";6;55;29.5;1;24.5;0;25.5
"D3Y1_135";"D3Y1";"D3";"Y1";"44B";6;55;30.5;1;24;0;25.5
"D1Y1_73";"D1Y1";"D1";"Y1";"44B";2;55;31.5;1;17.5;1;22
"D1Y1_74";"D1Y1";"D1";"Y1";"44B";2;55;32.5;0;8;0;8
"D1Y1_75";"D1Y1";"D1";"Y1";"44B";2;55;33.5;1;15;1;19
"D1L3_61";"D1L3";"D1";"L3";"44B";13;56;22;1;24;1;24.5
"D1L3_62";"D1L3";"D1";"L3";"44B";13;56;23;1;19;1;21
"D1L3_63";"D1L3";"D1";"L3";"44B";13;56;24;1;24;0;25.5
"D4L1_61";"D4L1";"D4";"L1";"44B";9;56;25;1;24.5;0;25.5
"D4L1_62";"D4L1";"D4";"L1";"44B";9;56;26;0;25.5;0;25.5
"D4L1_63";"D4L1";"D4";"L1";"44B";9;56;27;1;24.5;0;25.5
"D3Y1_136";"D3Y1";"D3";"Y1";"44B";5;56;28;0;25.5;0;25.5
"D3Y1_137";"D3Y1";"D3";"Y1";"44B";5;56;29;1;24.5;0;25.5
"D3Y1_138";"D3Y1";"D3";"Y1";"44B";5;56;30;1;23;0;25.5
"D3L1_61";"D3L1";"D3";"L1";"44B";1;56;31;1;20.5;0;25.5
"D3L1_62";"D3L1";"D3";"L1";"44B";1;56;32;1;24.5;0;25.5
"D3L1_63";"D3L1";"D3";"L1";"44B";1;56;33;0;9.5;0;9.5
"D1L3_64";"D1L3";"D1";"L3";"44B";13;57;22.5;1;24.5;0;25.5
"D1L3_65";"D1L3";"D1";"L3";"44B";13;57;23.5;1;15;1;15.5
"D1L3_66";"D1L3";"D1";"L3";"44B";13;57;24.5;0;25.5;0;25.5
"D4L1_64";"D4L1";"D4";"L1";"44B";9;57;25.5;1;24;0;25.5
"D4L1_65";"D4L1";"D4";"L1";"44B";9;57;26.5;1;25.5;0;25.5
"D4L1_66";"D4L1";"D4";"L1";"44B";9;57;27.5;0;25.5;0;25.5
"D3Y1_139";"D3Y1";"D3";"Y1";"44B";5;57;28.5;0;25.5;0;25.5
"D3Y1_140";"D3Y1";"D3";"Y1";"44B";5;57;29.5;1;15;1;15.5
"D3Y1_141";"D3Y1";"D3";"Y1";"44B";5;57;30.5;1;21.5;1;23
"D3L1_64";"D3L1";"D3";"L1";"44B";1;57;31.5;1;8;1;12
"D3L1_65";"D3L1";"D3";"L1";"44B";1;57;32.5;1;23.5;0;25.5
"D3L1_66";"D3L1";"D3";"L1";"44B";1;57;33.5;0;25.5;0;25.5
"D1L3_67";"D1L3";"D1";"L3";"44B";13;58;22;1;15;1;15.5
"D1L3_68";"D1L3";"D1";"L3";"44B";13;58;23;0;25.5;0;25.5
"D1L3_69";"D1L3";"D1";"L3";"44B";13;58;24;1;23.5;1;24.5
"D4L1_67";"D4L1";"D4";"L1";"44B";9;58;25;1;20.5;1;24
"D4L1_68";"D4L1";"D4";"L1";"44B";9;58;26;0;25.5;0;25.5
"D4L1_69";"D4L1";"D4";"L1";"44B";9;58;27;1;25.5;0;25.5
"D3Y1_142";"D3Y1";"D3";"Y1";"44B";5;58;28;1;22.5;0;25.5
"D3Y1_143";"D3Y1";"D3";"Y1";"44B";5;58;29;0;25.5;0;25.5
"D3Y1_144";"D3Y1";"D3";"Y1";"44B";5;58;30;0;25.5;0;25.5
"D3L1_67";"D3L1";"D3";"L1";"44B";1;58;31;1;24;0;25.5
"D3L1_68";"D3L1";"D3";"L1";"44B";1;58;32;1;12;1;14.5
"D3L1_69";"D3L1";"D3";"L1";"44B";1;58;33;1;25.5;0;25.5
"D1L3_70";"D1L3";"D1";"L3";"44B";13;59;22.5;1;22.5;0;25.5
"D1L3_71";"D1L3";"D1";"L3";"44B";13;59;23.5;0;25.5;0;25.5
"D1L3_72";"D1L3";"D1";"L3";"44B";13;59;24.5;1;25.5;0;25.5
"D4L1_70";"D4L1";"D4";"L1";"44B";9;59;25.5;0;25.5;0;25.5
"D4L1_71";"D4L1";"D4";"L1";"44B";9;59;26.5;1;24.5;0;25.5
"D4L1_72";"D4L1";"D4";"L1";"44B";9;59;27.5;0;25.5;0;25.5
"D3Y1_145";"D3Y1";"D3";"Y1";"44B";5;59;28.5;0;25.5;0;25.5
"D3Y1_146";"D3Y1";"D3";"Y1";"44B";5;59;29.5;0;25.5;0;25.5
"D3Y1_147";"D3Y1";"D3";"Y1";"44B";5;59;30.5;0;25.5;0;25.5
"D3L1_70";"D3L1";"D3";"L1";"44B";1;59;31.5;0;25.5;0;25.5
"D3L1_71";"D3L1";"D3";"L1";"44B";1;59;32.5;0;25.5;0;25.5
"D3L1_72";"D3L1";"D3";"L1";"44B";1;59;33.5;0;25.5;0;25.5
"D1L3_73";"D1L3";"D1";"L3";"44B";13;60;22;1;21;1;24.5
"D1L3_74";"D1L3";"D1";"L3";"44B";13;60;23;1;21;1;22.5
"D1L3_75";"D1L3";"D1";"L3";"44B";13;60;24;0;25.5;0;25.5
"D4L1_73";"D4L1";"D4";"L1";"44B";9;60;25;1;23;0;25.5
"D4L1_74";"D4L1";"D4";"L1";"44B";9;60;26;1;24;0;25.5
"D4L1_75";"D4L1";"D4";"L1";"44B";9;60;27;0;25.5;0;25.5
"D3Y1_148";"D3Y1";"D3";"Y1";"44B";5;60;28;0;25.5;0;25.5
"D3Y1_149";"D3Y1";"D3";"Y1";"44B";5;60;29;1;21.5;1;25.5
"D3Y1_150";"D3Y1";"D3";"Y1";"44B";5;60;30;0;25.5;0;25.5
"D3L1_73";"D3L1";"D3";"L1";"44B";1;60;31;0;25.5;0;25.5
"D3L1_74";"D3L1";"D3";"L1";"44B";1;60;32;1;13.5;1;15.5
"D3L1_75";"D3L1";"D3";"L1";"44B";1;60;33;0;25.5;0;25.5
