palm_id,progeny,ga_parent,gb_parent,parcel,plot,xm,ym,event_t1s,y_t1s,event_td,y_td,fold
D1L3_1,D1L3,D1,L3,44A,68,7.794228634059948,3.5,1,25.5,0,25.5,44A
D1L3_2,D1L3,D1,L3,44A,68,7.794228634059948,4.5,1,7.5,1,8.5,44A
D1L3_3,D1L3,D1,L3,44A,68,7.794228634059948,5.5,1,8.0,1,8.5,44A
D1Y1_1,D1Y1,D1,Y1,44A,72,7.794228634059948,6.5,1,18.0,1,22.0,44A
D1Y1_2,D1Y1,D1,Y1,44A,72,7.794228634059948,7.5,1,9.5,1,13.5,44A
D1Y1_3,D1Y1,D1,Y1,44A,72,7.794228634059948,8.5,0,25.5,0,25.5,44A
D3L1_1,D3L1,D3,L1,44A,76,7.794228634059948,9.5,1,14.5,1,17.0,44A
D3L1_2,D3L1,D3,L1,44A,76,7.794228634059948,10.5,0,25.5,0,25.5,44A
D3L1_3,D3L1,D3,L1,44A,76,7.794228634059948,11.5,1,23.5,0,25.5,44A
D3L2_1,D3L2,D3,L2,44A,80,7.794228634059948,12.5,1,15.5,1,24.0,44A
D3L2_2,D3L2,D3,L2,44A,80,7.794228634059948,13.5,1,25.5,0,25.5,44A
D3L2_3,D3L2,D3,L2,44A,80,7.794228634059948,14.5,1,13.5,1,14.5,44A
D1L3_4,D1L3,D1,L3,44A,68,8.660254037844387,3.0,1,8.5,1,9.5,44A
D1L3_5,D1L3,D1,L3,44A,68,8.660254037844387,4.0,1,25.5,0,25.5,44A
D1L3_6,D1L3,D1,L3,44A,68,8.660254037844387,5.0,1,25.5,0,25.5,44A
D1Y1_4,D1Y1,D1,Y1,44A,72,8.660254037844387,6.0,1,15.0,1,19.0,44A
D1Y1_5,D1Y1,D1,Y1,44A,72,8.660254037844387,7.0,1,23.5,0,25.5,44A
D1Y1_6,D1Y1,D1,Y1,44A,72,8.660254037844387,8.0,1,24.0,0,25.5,44A
D3L1_4,D3L1,D3,L1,44A,76,8.660254037844387,9.0,1,20.5,1,23.0,44A
D3L1_5,D3L1,D3,L1,44A,76,8.660254037844387,10.0,1,25.5,0,25.5,44A
D3L1_6,D3L1,D3,L1,44A,76,8.660254037844387,11.0,1,23.0,0,25.5,44A
D3L2_4,D3L2,D3,L2,44A,80,8.660254037844387,12.0,1,19.5,1,24.0,44A
D3L2_5,D3L2,D3,L2,44A,80,8.660254037844387,13.0,1,25.5,0,25.5,44A
D3L2_6,D3L2,D3,L2,44A,80,8.660254037844387,14.0,1,17.0,1,21.0,44A
D1L3_7,D1L3,D1,L3,44A,68,9.526279441628827,3.5,1,24.5,0,25.5,44A
D1L3_8,D1L3,D1,L3,44A,68,9.526279441628827,4.5,1,12.5,1,18.0,44A
D1L3_9,D1L3,D1,L3,44A,68,9.526279441628827,5.5,0,25.5,0,25.5,44A
D1Y1_7,D1Y1,D1,Y1,44A,72,9.526279441628827,6.5,1,19.5,1,24.0,44A
D1Y1_8,D1Y1,D1,Y1,44A,72,9.526279441628827,7.5,1,24.0,0,25.5,44A
D1Y1_9,D1Y1,D1,Y1,44A,72,9.526279441628827,8.5,1,8.0,1,11.5,44A
D3L1_7,D3L1,D3,L1,44A,76,9.526279441628827,9.5,1,17.0,1,21.0,44A
D3L1_8,D3L1,D3,L1,44A,76,9.526279441628827,10.5,1,24.5,0,25.5,44A
D3L1_9,D3L1,D3,L1,44A,76,9.526279441628827,11.5,1,24.5,0,25.5,44A
D3L2_7,D3L2,D3,L2,44A,80,9.526279441628827,12.5,1,2.5,1,7.5,44A
D3L2_8,D3L2,D3,L2,44A,80,9.526279441628827,13.5,1,14.0,1,14.5,44A
D3L2_9,D3L2,D3,L2,44A,80,9.526279441628827,14.5,0,25.5,0,25.5,44A
D1L3_10,D1L3,D1,L3,44A,68,10.392304845413264,3.0,1,12.0,1,22.5,44A
D1L3_11,D1L3,D1,L3,44A,68,10.392304845413264,4.0,1,24.5,0,25.5,44A
D1L3_12,D1L3,D1,L3,44A,68,10.392304845413264,5.0,1,24.5,0,25.5,44A
D1Y1_10,D1Y1,D1,Y1,44A,72,10.392304845413264,6.0,1,24.5,0,25.5,44A
D1Y1_11,D1Y1,D1,Y1,44A,72,10.392304845413264,7.0,1,21.5,0,25.5,44A
D1Y1_12,D1Y1,D1,Y1,44A,72,10.392304845413264,8.0,1,23.5,0,25.5,44A
D3L1_10,D3L1,D3,L1,44A,76,10.392304845413264,9.0,0,25.5,0,25.5,44A
D3L1_11,D3L1,D3,L1,44A,76,10.392304845413264,10.0,1,24.5,0,25.5,44A
D3L1_12,D3L1,D3,L1,44A,76,10.392304845413264,11.0,1,23.0,0,25.5,44A
D3L2_10,D3L2,D3,L2,44A,80,10.392304845413264,12.0,0,23.0,0,23.0,44A
D3L2_11,D3L2,D3,L2,44A,80,10.392304845413264,13.0,1,9.5,1,10.5,44A
D3L2_12,D3L2,D3,L2,44A,80,10.392304845413264,14.0,1,19.5,1,23.0,44A
D1L3_13,D1L3,D1,L3,44A,68,11.258330249197703,3.5,0,25.5,0,25.5,44A
D1L3_14,D1L3,D1,L3,44A,68,11.258330249197703,4.5,0,25.5,0,25.5,44A
D1L3_15,D1L3,D1,L3,44A,68,11.258330249197703,5.5,0,25.5,0,25.5,44A
D1Y1_13,D1Y1,D1,Y1,44A,72,11.258330249197703,6.5,1,21.0,1,24.0,44A
D1Y1_14,D1Y1,D1,Y1,44A,72,11.258330249197703,7.5,1,22.5,1,25.0,44A
D1Y1_15,D1Y1,D1,Y1,44A,72,11.258330249197703,8.5,1,21.0,1,24.0,44A
D3L1_13,D3L1,D3,L1,44A,76,11.258330249197703,9.5,1,23.0,0,25.5,44A
D3L1_14,D3L1,D3,L1,44A,76,11.258330249197703,10.5,1,25.0,0,25.5,44A
D3L1_15,D3L1,D3,L1,44A,76,11.258330249197703,11.5,1,25.0,0,25.5,44A
D3L2_13,D3L2,D3,L2,44A,80,11.258330249197703,12.5,0,25.5,0,25.5,44A
D3L2_14,D3L2,D3,L2,44A,80,11.258330249197703,13.5,1,22.5,1,25.5,44A
D3L2_15,D3L2,D3,L2,44A,80,11.258330249197703,14.5,1,25.5,0,25.5,44A
D3L3_1,D3L3,D3,L3,44A,67,12.124355652982143,3.0,1,12.0,1,14.0,44A
D3L3_2,D3L3,D3,L3,44A,67,12.124355652982143,4.0,0,25.5,0,25.5,44A
D3L3_3,D3L3,D3,L3,44A,67,12.124355652982143,5.0,0,25.5,0,25.5,44A
D4L1_1,D4L1,D4,L1,44A,71,12.124355652982143,6.0,0,25.5,0,25.5,44A
D4L1_2,D4L1,D4,L1,44A,71,12.124355652982143,7.0,1,25.5,0,25.5,44A
D4L1_3,D4L1,D4,L1,44A,71,12.124355652982143,8.0,0,25.5,0,25.5,44A
D2L1_1,D2L1,D2,L1,44A,75,12.124355652982143,9.0,1,23.0,1,25.0,44A
D2L1_2,D2L1,D2,L1,44A,75,12.124355652982143,10.0,0,25.5,0,25.5,44A
D2L1_3,D2L1,D2,L1,44A,75,12.124355652982143,11.0,1,21.5,1,24.5,44A
D2L2_1,D2L2,D2,L2,44A,79,12.124355652982143,12.0,0,25.5,0,25.5,44A
D2L2_2,D2L2,D2,L2,44A,79,12.124355652982143,13.0,1,25.5,0,25.5,44A
D2L2_3,D2L2,D2,L2,44A,79,12.124355652982143,14.0,0,25.5,0,25.5,44A
D3L3_4,D3L3,D3,L3,44A,67,12.99038105676658,3.5,0,25.5,0,25.5,44A
D3L3_5,D3L3,D3,L3,44A,67,12.99038105676658,4.5,0,25.5,0,25.5,44A
D3L3_6,D3L3,D3,L3,44A,67,12.99038105676658,5.5,0,25.5,0,25.5,44A
D4L1_4,D4L1,D4,L1,44A,71,12.99038105676658,6.5,1,18.5,1,24.5,44A
D4L1_5,D4L1,D4,L1,44A,71,12.99038105676658,7.5,1,24.0,0,25.5,44A
D4L1_6,D4L1,D4,L1,44A,71,12.99038105676658,8.5,1,24.5,0,25.5,44A
D2L1_4,D2L1,D2,L1,44A,75,12.99038105676658,9.5,1,18.0,1,21.5,44A
D2L1_5,D2L1,D2,L1,44A,75,12.99038105676658,10.5,1,21.5,1,23.5,44A
D2L1_6,D2L1,D2,L1,44A,75,12.99038105676658,11.5,0,25.5,0,25.5,44A
D2L2_4,D2L2,D2,L2,44A,79,12.99038105676658,12.5,0,25.5,0,25.5,44A
D2L2_5,D2L2,D2,L2,44A,79,12.99038105676658,13.5,0,25.5,0,25.5,44A
D2L2_6,D2L2,D2,L2,44A,79,12.99038105676658,14.5,0,25.5,0,25.5,44A
D3L3_7,D3L3,D3,L3,44A,67,13.85640646055102,3.0,0,25.5,0,25.5,44A
D3L3_8,D3L3,D3,L3,44A,67,13.85640646055102,4.0,0,25.5,0,25.5,44A
D3L3_9,D3L3,D3,L3,44A,67,13.85640646055102,5.0,1,8.0,1,8.5,44A
D4L1_7,D4L1,D4,L1,44A,71,13.85640646055102,6.0,0,7.5,0,7.5,44A
D4L1_8,D4L1,D4,L1,44A,71,13.85640646055102,7.0,0,25.5,0,25.5,44A
D4L1_9,D4L1,D4,L1,44A,71,13.85640646055102,8.0,1,19.0,0,25.5,44A
D2L1_7,D2L1,D2,L1,44A,75,13.85640646055102,9.0,0,25.5,0,25.5,44A
D2L1_8,D2L1,D2,L1,44A,75,13.85640646055102,10.0,0,25.5,0,25.5,44A
D2L1_9,D2L1,D2,L1,44A,75,13.85640646055102,11.0,0,10.5,0,10.5,44A
D2L2_7,D2L2,D2,L2,44A,79,13.85640646055102,12.0,0,25.5,0,25.5,44A
D2L2_8,D2L2,D2,L2,44A,79,13.85640646055102,13.0,0,25.5,0,25.5,44A
D2L2_9,D2L2,D2,L2,44A,79,13.85640646055102,14.0,1,18.5,1,24.0,44A
D3L3_10,D3L3,D3,L3,44A,67,14.722431864335459,3.5,0,25.5,0,25.5,44A
D3L3_11,D3L3,D3,L3,44A,67,14.722431864335459,4.5,1,21.5,0,25.5,44A
D3L3_12,D3L3,D3,L3,44A,67,14.722431864335459,5.5,1,9.5,1,10.5,44A
D4L1_10,D4L1,D4,L1,44A,71,14.722431864335459,6.5,1,20.5,1,23.0,44A
D4L1_11,D4L1,D4,L1,44A,71,14.722431864335459,7.5,0,25.5,0,25.5,44A
D4L1_12,D4L1,D4,L1,44A,71,14.722431864335459,8.5,1,24.5,0,25.5,44A
D2L1_10,D2L1,D2,L1,44A,75,14.722431864335459,9.5,0,7.5,0,7.5,44A
D2L1_11,D2L1,D2,L1,44A,75,14.722431864335459,10.5,0,25.5,0,25.5,44A
D2L1_12,D2L1,D2,L1,44A,75,14.722431864335459,11.5,0,25.5,0,25.5,44A
D2L2_10,D2L2,D2,L2,44A,79,14.722431864335459,12.5,1,15.0,1,16.5,44A
D2L2_11,D2L2,D2,L2,44A,79,14.722431864335459,13.5,0,25.5,0,25.5,44A
D2L2_12,D2L2,D2,L2,44A,79,14.722431864335459,14.5,1,24.5,0,25.5,44A
D3L3_13,D3L3,D3,L3,44A,67,15.588457268119896,3.0,0,25.5,0,25.5,44A
D3L3_14,D3L3,D3,L3,44A,67,15.588457268119896,4.0,1,25.0,1,25.5,44A
D3L3_15,D3L3,D3,L3,44A,67,15.588457268119896,5.0,0,25.5,0,25.5,44A
D4L1_13,D4L1,D4,L1,44A,71,15.588457268119896,6.0,1,18.5,1,23.0,44A
D4L1_14,D4L1,D4,L1,44A,71,15.588457268119896,7.0,1,22.5,1,25.5,44A
D4L1_15,D4L1,D4,L1,44A,71,15.588457268119896,8.0,0,25.5,0,25.5,44A
D2L1_13,D2L1,D2,L1,44A,75,15.588457268119896,9.0,1,22.5,0,25.5,44A
D2L1_14,D2L1,D2,L1,44A,75,15.588457268119896,10.0,1,24.5,0,25.5,44A
D2L1_15,D2L1,D2,L1,44A,75,15.588457268119896,11.0,0,25.5,0,25.5,44A
D2L2_13,D2L2,D2,L2,44A,79,15.588457268119896,12.0,1,25.5,0,25.5,44A
D2L2_14,D2L2,D2,L2,44A,79,15.588457268119896,13.0,0,25.5,0,25.5,44A
D2L2_15,D2L2,D2,L2,44A,79,15.588457268119896,14.0,0,25.5,0,25.5,44A
D3L3_16,D3L3,D3,L3,44A,66,16.454482671904337,3.5,1,19.5,1,21.5,44A
D3L3_17,D3L3,D3,L3,44A,66,16.454482671904337,4.5,1,2.5,1,3.5,44A
D3L3_18,D3L3,D3,L3,44A,66,16.454482671904337,5.5,0,25.5,0,25.5,44A
D2Y1_1,D2Y1,D2,Y1,44A,70,16.454482671904337,6.5,1,24.5,0,25.5,44A
D2Y1_2,D2Y1,D2,Y1,44A,70,16.454482671904337,7.5,1,25.5,0,25.5,44A
D2Y1_3,D2Y1,D2,Y1,44A,70,16.454482671904337,8.5,0,25.5,0,25.5,44A
D3Y1_1,D3Y1,D3,Y1,44A,74,16.454482671904337,9.5,0,25.5,0,25.5,44A
D3Y1_2,D3Y1,D3,Y1,44A,74,16.454482671904337,10.5,0,25.5,0,25.5,44A
D3Y1_3,D3Y1,D3,Y1,44A,74,16.454482671904337,11.5,1,24.5,0,25.5,44A
D3Y1_4,D3Y1,D3,Y1,44A,78,16.454482671904337,12.5,0,25.5,0,25.5,44A
D3Y1_5,D3Y1,D3,Y1,44A,78,16.454482671904337,13.5,1,15.5,1,17.0,44A
D3Y1_6,D3Y1,D3,Y1,44A,78,16.454482671904337,14.5,1,21.5,0,25.5,44A
D3L3_19,D3L3,D3,L3,44A,66,17.320508075688775,3.0,0,16.5,0,16.5,44A
D3L3_20,D3L3,D3,L3,44A,66,17.320508075688775,4.0,1,24.5,0,25.5,44A
D3L3_21,D3L3,D3,L3,44A,66,17.320508075688775,5.0,1,17.0,1,17.5,44A
D2Y1_4,D2Y1,D2,Y1,44A,70,17.320508075688775,6.0,1,25.5,0,25.5,44A
D2Y1_5,D2Y1,D2,Y1,44A,70,17.320508075688775,7.0,1,24.5,0,25.5,44A
D2Y1_6,D2Y1,D2,Y1,44A,70,17.320508075688775,8.0,1,23.0,1,25.5,44A
D3Y1_7,D3Y1,D3,Y1,44A,74,17.320508075688775,9.0,1,11.5,1,13.5,44A
D3Y1_8,D3Y1,D3,Y1,44A,74,17.320508075688775,10.0,0,25.5,0,25.5,44A
D3Y1_9,D3Y1,D3,Y1,44A,74,17.320508075688775,11.0,1,20.5,1,24.0,44A
D3Y1_10,D3Y1,D3,Y1,44A,78,17.320508075688775,12.0,1,15.5,0,25.5,44A
D3Y1_11,D3Y1,D3,Y1,44A,78,17.320508075688775,13.0,1,9.5,1,13.5,44A
D3Y1_12,D3Y1,D3,Y1,44A,78,17.320508075688775,14.0,1,14.0,1,20.5,44A
D3L3_22,D3L3,D3,L3,44A,66,18.186533479473212,3.5,0,25.5,0,25.5,44A
D3L3_23,D3L3,D3,L3,44A,66,18.186533479473212,4.5,0,25.5,0,25.5,44A
D3L3_24,D3L3,D3,L3,44A,66,18.186533479473212,5.5,0,25.5,0,25.5,44A
D2Y1_7,D2Y1,D2,Y1,44A,70,18.186533479473212,6.5,0,7.0,0,7.0,44A
D2Y1_8,D2Y1,D2,Y1,44A,70,18.186533479473212,7.5,1,14.0,1,19.0,44A
D2Y1_9,D2Y1,D2,Y1,44A,70,18.186533479473212,8.5,1,24.0,0,25.5,44A
D3Y1_13,D3Y1,D3,Y1,44A,74,18.186533479473212,9.5,0,25.5,0,25.5,44A
D3Y1_14,D3Y1,D3,Y1,44A,74,18.186533479473212,10.5,0,25.5,0,25.5,44A
D3Y1_15,D3Y1,D3,Y1,44A,74,18.186533479473212,11.5,1,7.5,1,8.0,44A
D3Y1_16,D3Y1,D3,Y1,44A,78,18.186533479473212,12.5,0,25.5,0,25.5,44A
D3Y1_17,D3Y1,D3,Y1,44A,78,18.186533479473212,13.5,1,7.5,1,8.0,44A
D3Y1_18,D3Y1,D3,Y1,44A,78,18.186533479473212,14.5,0,25.5,0,25.5,44A
D3L3_25,D3L3,D3,L3,44A,66,19.052558883257653,3.0,1,2.5,1,4.5,44A
D3L3_26,D3L3,D3,L3,44A,66,19.052558883257653,4.0,1,15.0,1,16.0,44A
D3L3_27,D3L3,D3,L3,44A,66,19.052558883257653,5.0,0,25.5,0,25.5,44A
D2Y1_10,D2Y1,D2,Y1,44A,70,19.052558883257653,6.0,0,25.5,0,25.5,44A
D2Y1_11,D2Y1,D2,Y1,44A,70,19.052558883257653,7.0,1,23.5,0,25.5,44A
D2Y1_12,D2Y1,D2,Y1,44A,70,19.052558883257653,8.0,0,25.0,0,25.0,44A
D3Y1_19,D3Y1,D3,Y1,44A,74,19.052558883257653,9.0,1,12.0,1,13.5,44A
D3Y1_20,D3Y1,D3,Y1,44A,74,19.052558883257653,10.0,0,25.5,0,25.5,44A
D3Y1_21,D3Y1,D3,Y1,44A,74,19.052558883257653,11.0,1,12.0,1,14.0,44A
D3Y1_22,D3Y1,D3,Y1,44A,78,19.052558883257653,12.0,1,21.0,1,25.5,44A
D3Y1_23,D3Y1,D3,Y1,44A,78,19.052558883257653,13.0,1,21.5,1,25.5,44A
D3Y1_24,D3Y1,D3,Y1,44A,78,19.052558883257653,14.0,0,18.5,0,18.5,44A
D3L3_28,D3L3,D3,L3,44A,66,19.91858428704209,3.5,1,24.0,0,25.5,44A
D3L3_29,D3L3,D3,L3,44A,66,19.91858428704209,4.5,1,16.0,1,16.5,44A
D3L3_30,D3L3,D3,L3,44A,66,19.91858428704209,5.5,0,23.5,0,23.5,44A
D2Y1_13,D2Y1,D2,Y1,44A,70,19.91858428704209,6.5,0,25.5,0,25.5,44A
D2Y1_14,D2Y1,D2,Y1,44A,70,19.91858428704209,7.5,1,23.5,0,25.5,44A
D2Y1_15,D2Y1,D2,Y1,44A,70,19.91858428704209,8.5,0,25.5,0,25.5,44A
D3Y1_25,D3Y1,D3,Y1,44A,74,19.91858428704209,9.5,0,25.5,0,25.5,44A
D3Y1_26,D3Y1,D3,Y1,44A,74,19.91858428704209,10.5,0,25.5,0,25.5,44A
D3Y1_27,D3Y1,D3,Y1,44A,74,19.91858428704209,11.5,1,14.5,1,18.5,44A
D3Y1_28,D3Y1,D3,Y1,44A,78,19.91858428704209,12.5,1,15.0,1,18.5,44A
D3Y1_29,D3Y1,D3,Y1,44A,78,19.91858428704209,13.5,1,25.0,0,25.5,44A
D3Y1_30,D3Y1,D3,Y1,44A,78,19.91858428704209,14.5,1,17.5,1,18.5,44A
D5L2_1,D5L2,D5,L2,44A,65,20.784609690826528,3.0,1,11.0,1,11.5,44A
D5L2_2,D5L2,D5,L2,44A,65,20.784609690826528,4.0,1,25.0,0,25.5,44A
D5L2_3,D5L2,D5,L2,44A,65,20.784609690826528,5.0,1,25.5,0,25.5,44A
D5L3_1,D5L3,D5,L3,44A,69,20.784609690826528,6.0,1,25.0,0,25.5,44A
D5L3_2,D5L3,D5,L3,44A,69,20.784609690826528,7.0,1,23.0,0,25.5,44A
D5L3_3,D5L3,D5,L3,44A,69,20.784609690826528,8.0,1,25.5,0,25.5,44A
D2L3_1,D2L3,D2,L3,44A,73,20.784609690826528,9.0,1,25.0,0,25.5,44A
D2L3_2,D2L3,D2,L3,44A,73,20.784609690826528,10.0,1,23.5,1,25.0,44A
D2L3_3,D2L3,D2,L3,44A,73,20.784609690826528,11.0,1,13.0,1,14.0,44A
D4L3_1,D4L3,D4,L3,44A,77,20.784609690826528,12.0,1,13.0,1,13.5,44A
D4L3_2,D4L3,D4,L3,44A,77,20.784609690826528,13.0,1,24.5,0,25.5,44A
D4L3_3,D4L3,D4,L3,44A,77,20.784609690826528,14.0,1,24.5,1,25.0,44A
D5L2_4,D5L2,D5,L2,44A,65,21.65063509461097,3.5,0,25.5,0,25.5,44A
D5L2_5,D5L2,D5,L2,44A,65,21.65063509461097,4.5,0,7.0,0,7.0,44A
D5L2_6,D5L2,D5,L2,44A,65,21.65063509461097,5.5,0,25.5,0,25.5,44A
D5L3_4,D5L3,D5,L3,44A,69,21.65063509461097,6.5,1,17.5,1,20.5,44A
D5L3_5,D5L3,D5,L3,44A,69,21.65063509461097,7.5,0,25.5,0,25.5,44A
D5L3_6,D5L3,D5,L3,44A,69,21.65063509461097,8.5,1,23.0,1,25.5,44A
D2L3_4,D2L3,D2,L3,44A,73,21.65063509461097,9.5,1,23.0,0,25.5,44A
D2L3_5,D2L3,D2,L3,44A,73,21.65063509461097,10.5,1,24.0,0,25.5,44A
D2L3_6,D2L3,D2,L3,44A,73,21.65063509461097,11.5,0,25.5,0,25.5,44A
D4L3_4,D4L3,D4,L3,44A,77,21.65063509461097,12.5,1,15.5,1,18.0,44A
D4L3_5,D4L3,D4,L3,44A,77,21.65063509461097,13.5,1,6.5,1,8.0,44A
D4L3_6,D4L3,D4,L3,44A,77,21.65063509461097,14.5,0,25.5,0,25.5,44A
D5L2_7,D5L2,D5,L2,44A,65,22.516660498395407,3.0,0,25.5,0,25.5,44A
D5L2_8,D5L2,D5,L2,44A,65,22.516660498395407,4.0,1,24.5,0,25.5,44A
D5L2_9,D5L2,D5,L2,44A,65,22.516660498395407,5.0,1,23.0,1,25.0,44A
D5L3_7,D5L3,D5,L3,44A,69,22.516660498395407,6.0,1,15.0,1,15.5,44A
D5L3_8,D5L3,D5,L3,44A,69,22.516660498395407,7.0,0,25.5,0,25.5,44A
D5L3_9,D5L3,D5,L3,44A,69,22.516660498395407,8.0,1,22.5,1,25.5,44A
D2L3_7,D2L3,D2,L3,44A,73,22.516660498395407,9.0,1,21.5,1,23.0,44A
D2L3_8,D2L3,D2,L3,44A,73,22.516660498395407,10.0,0,25.5,0,25.5,44A
D2L3_9,D2L3,D2,L3,44A,73,22.516660498395407,11.0,0,25.0,0,25.0,44A
D4L3_7,D4L3,D4,L3,44A,77,22.516660498395407,12.0,1,6.5,1,7.0,44A
D4L3_8,D4L3,D4,L3,44A,77,22.516660498395407,13.0,1,17.5,1,19.0,44A
D4L3_9,D4L3,D4,L3,44A,77,22.516660498395407,14.0,1,12.5,1,14.0,44A
D5L2_10,D5L2,D5,L2,44A,65,23.382685902179844,3.5,1,23.0,0,25.5,44A
D5L2_11,D5L2,D5,L2,44A,65,23.382685902179844,4.5,0,25.5,0,25.5,44A
D5L2_12,D5L2,D5,L2,44A,65,23.382685902179844,5.5,1,24.5,0,25.5,44A
D5L3_10,D5L3,D5,L3,44A,69,23.382685902179844,6.5,1,24.5,0,25.5,44A
D5L3_11,D5L3,D5,L3,44A,69,23.382685902179844,7.5,1,21.5,1,25.0,44A
D5L3_12,D5L3,D5,L3,44A,69,23.382685902179844,8.5,0,25.5,0,25.5,44A
D2L3_10,D2L3,D2,L3,44A,73,23.382685902179844,9.5,1,24.5,0,25.5,44A
D2L3_11,D2L3,D2,L3,44A,73,23.382685902179844,10.5,1,24.5,0,25.5,44A
D2L3_12,D2L3,D2,L3,44A,73,23.382685902179844,11.5,1,7.5,1,8.5,44A
D4L3_10,D4L3,D4,L3,44A,77,23.382685902179844,12.5,1,7.0,1,7.5,44A
D4L3_11,D4L3,D4,L3,44A,77,23.382685902179844,13.5,1,18.5,1,21.0,44A
D4L3_12,D4L3,D4,L3,44A,77,23.382685902179844,14.5,1,24.5,1,25.0,44A
D5L2_13,D5L2,D5,L2,44A,65,24.248711305964285,3.0,1,24.5,0,25.5,44A
D5L2_14,D5L2,D5,L2,44A,65,24.248711305964285,4.0,0,25.5,0,25.5,44A
D5L2_15,D5L2,D5,L2,44A,65,24.248711305964285,5.0,1,24.5,0,25.5,44A
D5L3_13,D5L3,D5,L3,44A,69,24.248711305964285,6.0,0,25.5,0,25.5,44A
D5L3_14,D5L3,D5,L3,44A,69,24.248711305964285,7.0,1,17.0,1,19.0,44A
D5L3_15,D5L3,D5,L3,44A,69,24.248711305964285,8.0,1,24.5,0,25.5,44A
D2L3_13,D2L3,D2,L3,44A,73,24.248711305964285,9.0,1,24.5,0,25.5,44A
D2L3_14,D2L3,D2,L3,44A,73,24.248711305964285,10.0,1,24.5,0,25.5,44A
D2L3_15,D2L3,D2,L3,44A,73,24.248711305964285,11.0,1,22.5,0,25.5,44A
D4L3_13,D4L3,D4,L3,44A,77,24.248711305964285,12.0,1,15.0,1,15.5,44A
D4L3_14,D4L3,D4,L3,44A,77,24.248711305964285,13.0,1,24.5,0,25.5,44A
D4L3_15,D4L3,D4,L3,44A,77,24.248711305964285,14.0,1,24.5,0,25.5,44A
D4L1_16,D4L1,D4,L1,44A,52,25.114736709748723,3.5,0,25.5,0,25.5,44A
D4L1_17,D4L1,D4,L1,44A,52,25.114736709748723,4.5,0,25.5,0,25.5,44A
D4L1_18,D4L1,D4,L1,44A,52,25.114736709748723,5.5,0,25.5,0,25.5,44A
D5L3_16,D5L3,D5,L3,44A,56,25.114736709748723,6.5,1,10.5,1,11.5,44A
D5L3_17,D5L3,D5,L3,44A,56,25.114736709748723,7.5,1,14.0,1,14.5,44A
D5L3_18,D5L3,D5,L3,44A,56,25.114736709748723,8.5,0,25.5,0,25.5,44A
D1Y1_16,D1Y1,D1,Y1,44A,60,25.114736709748723,9.5,0,25.5,0,25.5,44A
D1Y1_17,D1Y1,D1,Y1,44A,60,25.114736709748723,10.5,0,25.5,0,25.5,44A
D1Y1_18,D1Y1,D1,Y1,44A,60,25.114736709748723,11.5,1,18.5,1,19.0,44A
D1L3_16,D1L3,D1,L3,44A,64,25.114736709748723,12.5,0,25.5,0,25.5,44A
D1L3_17,D1L3,D1,L3,44A,64,25.114736709748723,13.5,0,25.5,0,25.5,44A
D1L3_18,D1L3,D1,L3,44A,64,25.114736709748723,14.5,1,10.5,1,12.0,44A
D4L1_19,D4L1,D4,L1,44A,52,25.98076211353316,3.0,1,10.5,1,11.5,44A
D4L1_20,D4L1,D4,L1,44A,52,25.98076211353316,4.0,1,19.5,1,23.0,44A
D4L1_21,D4L1,D4,L1,44A,52,25.98076211353316,5.0,0,25.5,0,25.5,44A
D5L3_19,D5L3,D5,L3,44A,56,25.98076211353316,6.0,1,14.0,1,18.0,44A
D5L3_20,D5L3,D5,L3,44A,56,25.98076211353316,7.0,1,8.5,1,15.0,44A
D5L3_21,D5L3,D5,L3,44A,56,25.98076211353316,8.0,1,16.5,1,24.5,44A
D1Y1_19,D1Y1,D1,Y1,44A,60,25.98076211353316,9.0,0,25.5,0,25.5,44A
D1Y1_20,D1Y1,D1,Y1,44A,60,25.98076211353316,10.0,0,25.5,0,25.5,44A
D1Y1_21,D1Y1,D1,Y1,44A,60,25.98076211353316,11.0,1,5.0,1,7.0,44A
D1L3_19,D1L3,D1,L3,44A,64,25.98076211353316,12.0,0,25.5,0,25.5,44A
D1L3_20,D1L3,D1,L3,44A,64,25.98076211353316,13.0,0,6.0,0,6.0,44A
D1L3_21,D1L3,D1,L3,44A,64,25.98076211353316,14.0,1,7.0,1,8.0,44A
D4L1_22,D4L1,D4,L1,44A,52,26.8467875173176,3.5,0,7.0,0,7.0,44A
D4L1_23,D4L1,D4,L1,44A,52,26.8467875173176,4.5,1,24.5,0,25.5,44A
D4L1_24,D4L1,D4,L1,44A,52,26.8467875173176,5.5,0,25.5,0,25.5,44A
D5L3_22,D5L3,D5,L3,44A,56,26.8467875173176,6.5,1,14.0,1,18.5,44A
D5L3_23,D5L3,D5,L3,44A,56,26.8467875173176,7.5,0,25.5,0,25.5,44A
D5L3_24,D5L3,D5,L3,44A,56,26.8467875173176,8.5,0,25.5,0,25.5,44A
D1Y1_22,D1Y1,D1,Y1,44A,60,26.8467875173176,9.5,1,25.5,0,25.5,44A
D1Y1_23,D1Y1,D1,Y1,44A,60,26.8467875173176,10.5,0,25.5,0,25.5,44A
D1Y1_24,D1Y1,D1,Y1,44A,60,26.8467875173176,11.5,0,25.5,0,25.5,44A
D1L3_22,D1L3,D1,L3,44A,64,26.8467875173176,12.5,0,25.5,0,25.5,44A
D1L3_23,D1L3,D1,L3,44A,64,26.8467875173176,13.5,1,14.0,1,14.5,44A
D1L3_24,D1L3,D1,L3,44A,64,26.8467875173176,14.5,1,8.5,1,9.5,44A
D4L1_25,D4L1,D4,L1,44A,52,27.71281292110204,3.0,1,17.5,1,22.0,44A
D4L1_26,D4L1,D4,L1,44A,52,27.71281292110204,4.0,1,23.5,0,25.5,44A
D4L1_27,D4L1,D4,L1,44A,52,27.71281292110204,5.0,0,25.5,0,25.5,44A
D5L3_25,D5L3,D5,L3,44A,56,27.71281292110204,6.0,0,25.5,0,25.5,44A
D5L3_26,D5L3,D5,L3,44A,56,27.71281292110204,7.0,0,25.5,0,25.5,44A
D5L3_27,D5L3,D5,L3,44A,56,27.71281292110204,8.0,0,7.5,0,7.5,44A
D1Y1_25,D1Y1,D1,Y1,44A,60,27.71281292110204,9.0,0,25.5,0,25.5,44A
D1Y1_26,D1Y1,D1,Y1,44A,60,27.71281292110204,10.0,0,25.5,0,25.5,44A
D1Y1_27,D1Y1,D1,Y1,44A,60,27.71281292110204,11.0,0,25.5,0,25.5,44A
D1L3_25,D1L3,D1,L3,44A,64,27.71281292110204,12.0,1,22.5,1,23.0,44A
D1L3_26,D1L3,D1,L3,44A,64,27.71281292110204,13.0,1,19.0,1,23.0,44A
D1L3_27,D1L3,D1,L3,44A,64,27.71281292110204,14.0,1,7.5,1,8.5,44A
D4L1_28,D4L1,D4,L1,44A,52,28.578838324886476,3.5,0,25.5,0,25.5,44A
D4L1_29,D4L1,D4,L1,44A,52,28.578838324886476,4.5,1,23.0,0,25.5,44A
D4L1_30,D4L1,D4,L1,44A,52,28.578838324886476,5.5,1,25.5,0,25.5,44A
D5L3_28,D5L3,D5,L3,44A,56,28.578838324886476,6.5,1,25.5,0,25.5,44A
D5L3_29,D5L3,D5,L3,44A,56,28.578838324886476,7.5,1,23.5,0,25.5,44A
D5L3_30,D5L3,D5,L3,44A,56,28.578838324886476,8.5,1,18.5,1,20.5,44A
D1Y1_28,D1Y1,D1,Y1,44A,60,28.578838324886476,9.5,1,22.0,0,25.5,44A
D1Y1_29,D1Y1,D1,Y1,44A,60,28.578838324886476,10.5,0,25.5,0,25.5,44A
D1Y1_30,D1Y1,D1,Y1,44A,60,28.578838324886476,11.5,1,25.5,0,25.5,44A
D1L3_28,D1L3,D1,L3,44A,64,28.578838324886476,12.5,1,23.5,1,25.5,44A
D1L3_29,D1L3,D1,L3,44A,64,28.578838324886476,13.5,1,20.5,1,22.0,44A
D1L3_30,D1L3,D1,L3,44A,64,28.578838324886476,14.5,1,21.5,1,25.0,44A
D2L3_16,D2L3,D2,L3,44A,51,29.444863728670917,3.0,1,24.5,0,25.5,44A
D2L3_17,D2L3,D2,L3,44A,51,29.444863728670917,4.0,1,25.5,0,25.5,44A
D2L3_18,D2L3,D2,L3,44A,51,29.444863728670917,5.0,1,25.5,0,25.5,44A
D2L1_16,D2L1,D2,L1,44A,55,29.444863728670917,6.0,1,25.5,0,25.5,44A
D2L1_17,D2L1,D2,L1,44A,55,29.444863728670917,7.0,1,18.0,1,21.5,44A
D2L1_18,D2L1,D2,L1,44A,55,29.444863728670917,8.0,1,25.5,0,25.5,44A
D5L2_16,D5L2,D5,L2,44A,59,29.444863728670917,9.0,1,25.5,0,25.5,44A
D5L2_17,D5L2,D5,L2,44A,59,29.444863728670917,10.0,1,14.0,1,15.0,44A
D5L2_18,D5L2,D5,L2,44A,59,29.444863728670917,11.0,1,25.5,0,25.5,44A
D2L2_16,D2L2,D2,L2,44A,63,29.444863728670917,12.0,1,19.0,1,23.0,44A
D2L2_17,D2L2,D2,L2,44A,63,29.444863728670917,13.0,1,4.5,1,7.5,44A
D2L2_18,D2L2,D2,L2,44A,63,29.444863728670917,14.0,1,25.5,0,25.5,44A
D2L3_19,D2L3,D2,L3,44A,51,30.310889132455355,3.5,1,24.5,0,25.5,44A
D2L3_20,D2L3,D2,L3,44A,51,30.310889132455355,4.5,1,24.5,0,25.5,44A
D2L3_21,D2L3,D2,L3,44A,51,30.310889132455355,5.5,0,25.5,0,25.5,44A
D2L1_19,D2L1,D2,L1,44A,55,30.310889132455355,6.5,1,24.5,0,25.5,44A
D2L1_20,D2L1,D2,L1,44A,55,30.310889132455355,7.5,1,24.5,0,25.5,44A
D2L1_21,D2L1,D2,L1,44A,55,30.310889132455355,8.5,1,24.0,0,25.5,44A
D5L2_19,D5L2,D5,L2,44A,59,30.310889132455355,9.5,1,20.5,1,23.5,44A
D5L2_20,D5L2,D5,L2,44A,59,30.310889132455355,10.5,1,24.5,0,25.5,44A
D5L2_21,D5L2,D5,L2,44A,59,30.310889132455355,11.5,1,24.5,0,25.5,44A
D2L2_19,D2L2,D2,L2,44A,63,30.310889132455355,12.5,1,22.5,1,25.0,44A
D2L2_20,D2L2,D2,L2,44A,63,30.310889132455355,13.5,1,24.5,0,25.5,44A
D2L2_21,D2L2,D2,L2,44A,63,30.310889132455355,14.5,0,25.5,0,25.5,44A
D2L3_22,D2L3,D2,L3,44A,51,31.176914536239792,3.0,1,22.5,1,24.5,44A
D2L3_23,D2L3,D2,L3,44A,51,31.176914536239792,4.0,1,19.5,1,23.0,44A
D2L3_24,D2L3,D2,L3,44A,51,31.176914536239792,5.0,1,24.5,0,25.5,44A
D2L1_22,D2L1,D2,L1,44A,55,31.176914536239792,6.0,1,24.5,0,25.5,44A
D2L1_23,D2L1,D2,L1,44A,55,31.176914536239792,7.0,0,25.5,0,25.5,44A
D2L1_24,D2L1,D2,L1,44A,55,31.176914536239792,8.0,1,24.5,0,25.5,44A
D5L2_22,D5L2,D5,L2,44A,59,31.176914536239792,9.0,1,19.0,1,24.0,44A
D5L2_23,D5L2,D5,L2,44A,59,31.176914536239792,10.0,1,18.5,1,22.5,44A
D5L2_24,D5L2,D5,L2,44A,59,31.176914536239792,11.0,1,22.5,0,25.5,44A
D2L2_22,D2L2,D2,L2,44A,63,31.176914536239792,12.0,0,25.5,0,25.5,44A
D2L2_23,D2L2,D2,L2,44A,63,31.176914536239792,13.0,0,25.5,0,25.5,44A
D2L2_24,D2L2,D2,L2,44A,63,31.176914536239792,14.0,0,25.5,0,25.5,44A
D2L3_25,D2L3,D2,L3,44A,51,32.04293994002423,3.5,1,24.0,0,25.5,44A
D2L3_26,D2L3,D2,L3,44A,51,32.04293994002423,4.5,1,25.5,0,25.5,44A
D2L3_27,D2L3,D2,L3,44A,51,32.04293994002423,5.5,0,25.5,0,25.5,44A
D2L1_25,D2L1,D2,L1,44A,55,32.04293994002423,6.5,0,25.5,0,25.5,44A
D2L1_26,D2L1,D2,L1,44A,55,32.04293994002423,7.5,0,25.5,0,25.5,44A
D2L1_27,D2L1,D2,L1,44A,55,32.04293994002423,8.5,0,25.5,0,25.5,44A
D5L2_25,D5L2,D5,L2,44A,59,32.04293994002423,9.5,0,25.5,0,25.5,44A
D5L2_26,D5L2,D5,L2,44A,59,32.04293994002423,10.5,0,25.5,0,25.5,44A
D5L2_27,D5L2,D5,L2,44A,59,32.04293994002423,11.5,0,25.5,0,25.5,44A
D2L2_25,D2L2,D2,L2,44A,63,32.04293994002423,12.5,0,25.5,0,25.5,44A
D2L2_26,D2L2,D2,L2,44A,63,32.04293994002423,13.5,0,25.5,0,25.5,44A
D2L2_27,D2L2,D2,L2,44A,63,32.04293994002423,14.5,0,25.5,0,25.5,44A
D2L3_28,D2L3,D2,L3,44A,51,32.908965343808674,3.0,1,21.0,1,24.5,44A
D2L3_29,D2L3,D2,L3,44A,51,32.908965343808674,4.0,1,22.5,1,24.5,44A
D2L3_30,D2L3,D2,L3,44A,51,32.908965343808674,5.0,1,22.5,1,24.0,44A
D2L1_28,D2L1,D2,L1,44A,55,32.908965343808674,6.0,0,25.5,0,25.5,44A
D2L1_29,D2L1,D2,L1,44A,55,32.908965343808674,7.0,1,24.0,1,25.5,44A
D2L1_30,D2L1,D2,L1,44A,55,32.908965343808674,8.0,0,25.5,0,25.5,44A
D5L2_28,D5L2,D5,L2,44A,59,32.908965343808674,9.0,0,25.5,0,25.5,44A
D5L2_29,D5L2,D5,L2,44A,59,32.908965343808674,10.0,0,25.5,0,25.5,44A
D5L2_30,D5L2,D5,L2,44A,59,32.908965343808674,11.0,0,25.5,0,25.5,44A
D2L2_28,D2L2,D2,L2,44A,63,32.908965343808674,12.0,0,25.5,0,25.5,44A
D2L2_29,D2L2,D2,L2,44A,63,32.908965343808674,13.0,0,25.5,0,25.5,44A
D2L2_30,D2L2,D2,L2,44A,63,32.908965343808674,14.0,0,25.5,0,25.5,44A
D3Y1_31,D3Y1,D3,Y1,44A,50,33.77499074759311,3.5,1,24.5,0,25.5,44A
D3Y1_32,D3Y1,D3,Y1,44A,50,33.77499074759311,4.5,1,22.0,0,25.5,44A
D3Y1_33,D3Y1,D3,Y1,44A,50,33.77499074759311,5.5,1,11.5,1,14.0,44A
D2L1_31,D2L1,D2,L1,44A,54,33.77499074759311,6.5,0,25.5,0,25.5,44A
D2L1_32,D2L1,D2,L1,44A,54,33.77499074759311,7.5,1,25.0,0,25.5,44A
D2L1_33,D2L1,D2,L1,44A,54,33.77499074759311,8.5,1,19.0,1,23.0,44A
D3Y1_34,D3Y1,D3,Y1,44A,58,33.77499074759311,9.5,0,25.5,0,25.5,44A
D3Y1_35,D3Y1,D3,Y1,44A,58,33.77499074759311,10.5,0,25.5,0,25.5,44A
D3Y1_36,D3Y1,D3,Y1,44A,58,33.77499074759311,11.5,1,24.5,0,25.5,44A
D3L1_16,D3L1,D3,L1,44A,62,33.77499074759311,12.5,1,11.5,1,14.5,44A
D3L1_17,D3L1,D3,L1,44A,62,33.77499074759311,13.5,1,25.0,0,25.5,44A
D3L1_18,D3L1,D3,L1,44A,62,33.77499074759311,14.5,0,7.5,0,7.5,44A
D3Y1_37,D3Y1,D3,Y1,44A,50,34.64101615137755,3.0,1,13.5,1,14.0,44A
D3Y1_38,D3Y1,D3,Y1,44A,50,34.64101615137755,4.0,1,21.0,0,25.5,44A
D3Y1_39,D3Y1,D3,Y1,44A,50,34.64101615137755,5.0,1,23.5,0,25.5,44A
D2L1_34,D2L1,D2,L1,44A,54,34.64101615137755,6.0,1,12.5,1,24.5,44A
D2L1_35,D2L1,D2,L1,44A,54,34.64101615137755,7.0,1,14.5,1,16.0,44A
D2L1_36,D2L1,D2,L1,44A,54,34.64101615137755,8.0,1,24.5,0,25.5,44A
D3Y1_40,D3Y1,D3,Y1,44A,58,34.64101615137755,9.0,0,25.5,0,25.5,44A
D3Y1_41,D3Y1,D3,Y1,44A,58,34.64101615137755,10.0,0,25.5,0,25.5,44A
D3Y1_42,D3Y1,D3,Y1,44A,58,34.64101615137755,11.0,0,25.5,0,25.5,44A
D3L1_19,D3L1,D3,L1,44A,62,34.64101615137755,12.0,0,25.5,0,25.5,44A
D3L1_20,D3L1,D3,L1,44A,62,34.64101615137755,13.0,1,25.0,0,25.5,44A
D3L1_21,D3L1,D3,L1,44A,62,34.64101615137755,14.0,1,12.5,1,25.0,44A
D3Y1_43,D3Y1,D3,Y1,44A,50,35.50704155516199,3.5,0,25.5,0,25.5,44A
D3Y1_44,D3Y1,D3,Y1,44A,50,35.50704155516199,4.5,1,10.0,1,10.5,44A
D3Y1_45,D3Y1,D3,Y1,44A,50,35.50704155516199,5.5,0,8.5,0,8.5,44A
D2L1_37,D2L1,D2,L1,44A,54,35.50704155516199,6.5,1,19.5,1,22.5,44A
D2L1_38,D2L1,D2,L1,44A,54,35.50704155516199,7.5,1,23.5,0,25.5,44A
D2L1_39,D2L1,D2,L1,44A,54,35.50704155516199,8.5,1,21.0,1,24.0,44A
D3Y1_46,D3Y1,D3,Y1,44A,58,35.50704155516199,9.5,0,25.5,0,25.5,44A
D3Y1_47,D3Y1,D3,Y1,44A,58,35.50704155516199,10.5,1,24.0,0,25.5,44A
D3Y1_48,D3Y1,D3,Y1,44A,58,35.50704155516199,11.5,0,25.5,0,25.5,44A
D3L1_22,D3L1,D3,L1,44A,62,35.50704155516199,12.5,1,17.5,1,19.5,44A
D3L1_23,D3L1,D3,L1,44A,62,35.50704155516199,13.5,1,18.5,1,22.5,44A
D3L1_24,D3L1,D3,L1,44A,62,35.50704155516199,14.5,0,25.5,0,25.5,44A
D3Y1_49,D3Y1,D3,Y1,44A,50,36.373066958946424,3.0,0,25.5,0,25.5,44A
D3Y1_50,D3Y1,D3,Y1,44A,50,36.373066958946424,4.0,0,25.5,0,25.5,44A
D3Y1_51,D3Y1,D3,Y1,44A,50,36.373066958946424,5.0,1,13.5,1,14.0,44A
D2L1_40,D2L1,D2,L1,44A,54,36.373066958946424,6.0,0,25.5,0,25.5,44A
D2L1_41,D2L1,D2,L1,44A,54,36.373066958946424,7.0,0,25.5,0,25.5,44A
D2L1_42,D2L1,D2,L1,44A,54,36.373066958946424,8.0,1,19.5,1,22.0,44A
D3Y1_52,D3Y1,D3,Y1,44A,58,36.373066958946424,9.0,1,20.5,1,23.0,44A
D3Y1_53,D3Y1,D3,Y1,44A,58,36.373066958946424,10.0,0,25.5,0,25.5,44A
D3Y1_54,D3Y1,D3,Y1,44A,58,36.373066958946424,11.0,0,25.5,0,25.5,44A
D3L1_25,D3L1,D3,L1,44A,62,36.373066958946424,12.0,1,15.5,1,22.5,44A
D3L1_26,D3L1,D3,L1,44A,62,36.373066958946424,13.0,1,8.5,1,9.5,44A
D3L1_27,D3L1,D3,L1,44A,62,36.373066958946424,14.0,0,7.0,0,7.0,44A
D3Y1_55,D3Y1,D3,Y1,44A,50,37.239092362730865,3.5,0,25.5,0,25.5,44A
D3Y1_56,D3Y1,D3,Y1,44A,50,37.239092362730865,4.5,1,24.5,0,25.5,44A
D3Y1_57,D3Y1,D3,Y1,44A,50,37.239092362730865,5.5,1,24.5,0,25.5,44A
D2L1_43,D2L1,D2,L1,44A,54,37.239092362730865,6.5,1,24.0,0,25.5,44A
D2L1_44,D2L1,D2,L1,44A,54,37.239092362730865,7.5,1,14.0,1,14.5,44A
D2L1_45,D2L1,D2,L1,44A,54,37.239092362730865,8.5,1,14.0,1,14.5,44A
D3Y1_58,D3Y1,D3,Y1,44A,58,37.239092362730865,9.5,0,25.5,0,25.5,44A
D3Y1_59,D3Y1,D3,Y1,44A,58,37.239092362730865,10.5,0,25.5,0,25.5,44A
D3Y1_60,D3Y1,D3,Y1,44A,58,37.239092362730865,11.5,0,25.5,0,25.5,44A
D3L1_28,D3L1,D3,L1,44A,62,37.239092362730865,12.5,1,19.5,1,22.5,44A
D3L1_29,D3L1,D3,L1,44A,62,37.239092362730865,13.5,1,17.0,1,18.5,44A
D3L1_30,D3L1,D3,L1,44A,62,37.239092362730865,14.5,1,15.5,1,18.0,44A
D3L3_31,D3L3,D3,L3,44A,49,38.105117766515306,3.0,1,19.0,1,23.0,44A
D3L3_32,D3L3,D3,L3,44A,49,38.105117766515306,4.0,1,12.5,1,13.0,44A
D3L3_33,D3L3,D3,L3,44A,49,38.105117766515306,5.0,1,17.5,1,21.0,44A
D4L3_16,D4L3,D4,L3,44A,53,38.105117766515306,6.0,1,18.0,1,20.5,44A
D4L3_17,D4L3,D4,L3,44A,53,38.105117766515306,7.0,0,13.0,0,13.0,44A
D4L3_18,D4L3,D4,L3,44A,53,38.105117766515306,8.0,1,20.5,1,22.5,44A
D3L2_16,D3L2,D3,L2,44A,57,38.105117766515306,9.0,1,23.5,0,25.5,44A
D3L2_17,D3L2,D3,L2,44A,57,38.105117766515306,10.0,1,25.5,0,25.5,44A
D3L2_18,D3L2,D3,L2,44A,57,38.105117766515306,11.0,1,24.5,1,25.5,44A
D2Y1_16,D2Y1,D2,Y1,44A,61,38.105117766515306,12.0,1,18.0,1,18.5,44A
D2Y1_17,D2Y1,D2,Y1,44A,61,38.105117766515306,13.0,1,14.0,1,14.5,44A
D2Y1_18,D2Y1,D2,Y1,44A,61,38.105117766515306,14.0,1,8.5,1,12.5,44A
D3L3_34,D3L3,D3,L3,44A,49,38.97114317029974,3.5,0,25.5,0,25.5,44A
D3L3_35,D3L3,D3,L3,44A,49,38.97114317029974,4.5,0,25.5,0,25.5,44A
D3L3_36,D3L3,D3,L3,44A,49,38.97114317029974,5.5,1,22.0,1,24.5,44A
D4L3_19,D4L3,D4,L3,44A,53,38.97114317029974,6.5,0,25.5,0,25.5,44A
D4L3_20,D4L3,D4,L3,44A,53,38.97114317029974,7.5,1,17.5,1,20.5,44A
D4L3_21,D4L3,D4,L3,44A,53,38.97114317029974,8.5,0,25.5,0,25.5,44A
D3L2_19,D3L2,D3,L2,44A,57,38.97114317029974,9.5,1,21.5,1,24.0,44A
D3L2_20,D3L2,D3,L2,44A,57,38.97114317029974,10.5,1,17.5,1,22.5,44A
D3L2_21,D3L2,D3,L2,44A,57,38.97114317029974,11.5,0,25.5,0,25.5,44A
D2Y1_19,D2Y1,D2,Y1,44A,61,38.97114317029974,12.5,0,25.5,0,25.5,44A
D2Y1_20,D2Y1,D2,Y1,44A,61,38.97114317029974,13.5,1,21.0,0,25.5,44A
D2Y1_21,D2Y1,D2,Y1,44A,61,38.97114317029974,14.5,0,25.5,0,25.5,44A
D3L3_37,D3L3,D3,L3,44A,49,39.83716857408418,3.0,0,25.5,0,25.5,44A
D3L3_38,D3L3,D3,L3,44A,49,39.83716857408418,4.0,0,25.5,0,25.5,44A
D3L3_39,D3L3,D3,L3,44A,49,39.83716857408418,5.0,1,10.5,1,11.0,44A
D4L3_22,D4L3,D4,L3,44A,53,39.83716857408418,6.0,0,25.5,0,25.5,44A
D4L3_23,D4L3,D4,L3,44A,53,39.83716857408418,7.0,0,25.5,0,25.5,44A
D4L3_24,D4L3,D4,L3,44A,53,39.83716857408418,8.0,0,25.5,0,25.5,44A
D3L2_22,D3L2,D3,L2,44A,57,39.83716857408418,9.0,1,23.0,1,24.5,44A
D3L2_23,D3L2,D3,L2,44A,57,39.83716857408418,10.0,1,9.5,1,10.5,44A
D3L2_24,D3L2,D3,L2,44A,57,39.83716857408418,11.0,1,16.0,1,21.5,44A
D2Y1_22,D2Y1,D2,Y1,44A,61,39.83716857408418,12.0,0,25.5,0,25.5,44A
D2Y1_23,D2Y1,D2,Y1,44A,61,39.83716857408418,13.0,1,25.5,0,25.5,44A
D2Y1_24,D2Y1,D2,Y1,44A,61,39.83716857408418,14.0,1,23.0,0,25.5,44A
D3L3_40,D3L3,D3,L3,44A,49,40.70319397786862,3.5,1,23.0,0,25.5,44A
D3L3_41,D3L3,D3,L3,44A,49,40.70319397786862,4.5,1,14.0,1,15.0,44A
D3L3_42,D3L3,D3,L3,44A,49,40.70319397786862,5.5,1,17.0,1,19.0,44A
D4L3_25,D4L3,D4,L3,44A,53,40.70319397786862,6.5,1,22.5,0,25.5,44A
D4L3_26,D4L3,D4,L3,44A,53,40.70319397786862,7.5,1,25.5,0,25.5,44A
D4L3_27,D4L3,D4,L3,44A,53,40.70319397786862,8.5,1,25.5,0,25.5,44A
D3L2_25,D3L2,D3,L2,44A,57,40.70319397786862,9.5,1,21.0,1,24.0,44A
D3L2_26,D3L2,D3,L2,44A,57,40.70319397786862,10.5,0,15.0,0,15.0,44A
D3L2_27,D3L2,D3,L2,44A,57,40.70319397786862,11.5,1,10.5,1,11.5,44A
D2Y1_25,D2Y1,D2,Y1,44A,61,40.70319397786862,12.5,1,24.5,0,25.5,44A
D2Y1_26,D2Y1,D2,Y1,44A,61,40.70319397786862,13.5,1,25.5,0,25.5,44A
D2Y1_27,D2Y1,D2,Y1,44A,61,40.70319397786862,14.5,1,25.5,0,25.5,44A
D3L3_43,D3L3,D3,L3,44A,49,41.569219381653056,3.0,1,21.5,0,25.5,44A
D3L3_44,D3L3,D3,L3,44A,49,41.569219381653056,4.0,1,25.5,0,25.5,44A
D3L3_45,D3L3,D3,L3,44A,49,41.569219381653056,5.0,1,25.5,0,25.5,44A
D4L3_28,D4L3,D4,L3,44A,53,41.569219381653056,6.0,1,25.5,0,25.5,44A
D4L3_29,D4L3,D4,L3,44A,53,41.569219381653056,7.0,0,25.5,0,25.5,44A
D4L3_30,D4L3,D4,L3,44A,53,41.569219381653056,8.0,1,25.5,0,25.5,44A
D3L2_28,D3L2,D3,L2,44A,57,41.569219381653056,9.0,1,25.5,0,25.5,44A
D3L2_29,D3L2,D3,L2,44A,57,41.569219381653056,10.0,1,25.5,0,25.5,44A
D3L2_30,D3L2,D3,L2,44A,57,41.569219381653056,11.0,1,14.0,1,14.5,44A
D2Y1_28,D2Y1,D2,Y1,44A,61,41.569219381653056,12.0,1,15.5,0,25.5,44A
D2Y1_29,D2Y1,D2,Y1,44A,61,41.569219381653056,13.0,1,25.5,0,25.5,44A
D2Y1_30,D2Y1,D2,Y1,44A,61,41.569219381653056,14.0,1,25.5,0,25.5,44A
D2Y1_31,D2Y1,D2,Y1,44A,36,42.4352447854375,3.5,0,25.5,0,25.5,44A
D2Y1_32,D2Y1,D2,Y1,44A,36,42.4352447854375,4.5,1,15.5,1,21.0,44A
D2Y1_33,D2Y1,D2,Y1,44A,36,42.4352447854375,5.5,1,14.5,1,15.5,44A
D1L3_31,D1L3,D1,L3,44A,40,42.4352447854375,6.5,0,25.5,0,25.5,44A
D1L3_32,D1L3,D1,L3,44A,40,42.4352447854375,7.5,0,25.5,0,25.5,44A
D1L3_33,D1L3,D1,L3,44A,40,42.4352447854375,8.5,0,25.5,0,25.5,44A
D2L1_46,D2L1,D2,L1,44A,44,42.4352447854375,9.5,0,25.5,0,25.5,44A
D2L1_47,D2L1,D2,L1,44A,44,42.4352447854375,10.5,0,25.5,0,25.5,44A
D2L1_48,D2L1,D2,L1,44A,44,42.4352447854375,11.5,0,25.5,0,25.5,44A
D3L3_46,D3L3,D3,L3,44A,48,42.4352447854375,12.5,0,25.5,0,25.5,44A
D3L3_47,D3L3,D3,L3,44A,48,42.4352447854375,13.5,0,25.5,0,25.5,44A
D3L3_48,D3L3,D3,L3,44A,48,42.4352447854375,14.5,1,19.0,1,21.5,44A
D2Y1_34,D2Y1,D2,Y1,44A,36,43.30127018922194,3.0,1,22.0,1,25.5,44A
D2Y1_35,D2Y1,D2,Y1,44A,36,43.30127018922194,4.0,1,25.0,1,25.5,44A
D2Y1_36,D2Y1,D2,Y1,44A,36,43.30127018922194,5.0,1,19.5,0,25.5,44A
D1L3_34,D1L3,D1,L3,44A,40,43.30127018922194,6.0,0,25.5,0,25.5,44A
D1L3_35,D1L3,D1,L3,44A,40,43.30127018922194,7.0,1,15.5,1,22.5,44A
D1L3_36,D1L3,D1,L3,44A,40,43.30127018922194,8.0,0,25.5,0,25.5,44A
D2L1_49,D2L1,D2,L1,44A,44,43.30127018922194,9.0,0,25.5,0,25.5,44A
D2L1_50,D2L1,D2,L1,44A,44,43.30127018922194,10.0,0,25.5,0,25.5,44A
D2L1_51,D2L1,D2,L1,44A,44,43.30127018922194,11.0,0,25.5,0,25.5,44A
D3L3_49,D3L3,D3,L3,44A,48,43.30127018922194,12.0,0,25.5,0,25.5,44A
D3L3_50,D3L3,D3,L3,44A,48,43.30127018922194,13.0,1,21.0,1,24.0,44A
D3L3_51,D3L3,D3,L3,44A,48,43.30127018922194,14.0,0,25.5,0,25.5,44A
D2Y1_37,D2Y1,D2,Y1,44A,36,44.16729559300637,3.5,1,24.5,0,25.5,44A
D2Y1_38,D2Y1,D2,Y1,44A,36,44.16729559300637,4.5,1,24.5,0,25.5,44A
D2Y1_39,D2Y1,D2,Y1,44A,36,44.16729559300637,5.5,1,23.0,0,25.5,44A
D1L3_37,D1L3,D1,L3,44A,40,44.16729559300637,6.5,1,22.0,1,25.5,44A
D1L3_38,D1L3,D1,L3,44A,40,44.16729559300637,7.5,1,9.5,1,10.5,44A
D1L3_39,D1L3,D1,L3,44A,40,44.16729559300637,8.5,1,25.5,0,25.5,44A
D2L1_52,D2L1,D2,L1,44A,44,44.16729559300637,9.5,0,25.5,0,25.5,44A
D2L1_53,D2L1,D2,L1,44A,44,44.16729559300637,10.5,1,24.5,0,25.5,44A
D2L1_54,D2L1,D2,L1,44A,44,44.16729559300637,11.5,0,25.5,0,25.5,44A
D3L3_52,D3L3,D3,L3,44A,48,44.16729559300637,12.5,1,24.5,0,25.5,44A
D3L3_53,D3L3,D3,L3,44A,48,44.16729559300637,13.5,1,24.5,0,25.5,44A
D3L3_54,D3L3,D3,L3,44A,48,44.16729559300637,14.5,0,25.5,0,25.5,44A
D2Y1_40,D2Y1,D2,Y1,44A,36,45.03332099679081,3.0,0,25.5,0,25.5,44A
D2Y1_41,D2Y1,D2,Y1,44A,36,45.03332099679081,4.0,1,24.5,0,25.5,44A
D2Y1_42,D2Y1,D2,Y1,44A,36,45.03332099679081,5.0,1,24.5,0,25.5,44A
D1L3_40,D1L3,D1,L3,44A,40,45.03332099679081,6.0,1,23.5,1,24.5,44A
D1L3_41,D1L3,D1,L3,44A,40,45.03332099679081,7.0,0,10.5,0,10.5,44A
D1L3_42,D1L3,D1,L3,44A,40,45.03332099679081,8.0,1,14.0,1,14.5,44A
D2L1_55,D2L1,D2,L1,44A,44,45.03332099679081,9.0,1,24.5,0,25.5,44A
D2L1_56,D2L1,D2,L1,44A,44,45.03332099679081,10.0,0,25.5,0,25.5,44A
D2L1_57,D2L1,D2,L1,44A,44,45.03332099679081,11.0,1,24.5,0,25.5,44A
D3L3_55,D3L3,D3,L3,44A,48,45.03332099679081,12.0,1,24.5,0,25.5,44A
D3L3_56,D3L3,D3,L3,44A,48,45.03332099679081,13.0,1,18.5,1,19.0,44A
D3L3_57,D3L3,D3,L3,44A,48,45.03332099679081,14.0,0,25.5,0,25.5,44A
D2Y1_43,D2Y1,D2,Y1,44A,36,45.899346400575254,3.5,0,25.5,0,25.5,44A
D2Y1_44,D2Y1,D2,Y1,44A,36,45.899346400575254,4.5,0,25.5,0,25.5,44A
D2Y1_45,D2Y1,D2,Y1,44A,36,45.899346400575254,5.5,0,25.5,0,25.5,44A
D1L3_43,D1L3,D1,L3,44A,40,45.899346400575254,6.5,1,19.5,1,23.0,44A
D1L3_44,D1L3,D1,L3,44A,40,45.899346400575254,7.5,1,14.0,1,15.5,44A
D1L3_45,D1L3,D1,L3,44A,40,45.899346400575254,8.5,1,21.0,1,24.0,44A
D2L1_58,D2L1,D2,L1,44A,44,45.899346400575254,9.5,0,25.5,0,25.5,44A
D2L1_59,D2L1,D2,L1,44A,44,45.899346400575254,10.5,1,23.5,0,25.5,44A
D2L1_60,D2L1,D2,L1,44A,44,45.899346400575254,11.5,0,25.5,0,25.5,44A
D3L3_58,D3L3,D3,L3,44A,48,45.899346400575254,12.5,1,12.5,1,15.0,44A
D3L3_59,D3L3,D3,L3,44A,48,45.899346400575254,13.5,0,25.5,0,25.5,44A
D3L3_60,D3L3,D3,L3,44A,48,45.899346400575254,14.5,0,25.5,0,25.5,44A
D2L3_31,D2L3,D2,L3,44A,35,46.76537180435969,3.0,0,25.5,0,25.5,44A
D2L3_32,D2L3,D2,L3,44A,35,46.76537180435969,4.0,1,24.5,0,25.5,44A
D2L3_33,D2L3,D2,L3,44A,35,46.76537180435969,5.0,1,25.5,0,25.5,44A
D3Y1_61,D3Y1,D3,Y1,44A,39,46.76537180435969,6.0,1,25.0,0,25.5,44A
D3Y1_62,D3Y1,D3,Y1,44A,39,46.76537180435969,7.0,1,24.5,0,25.5,44A
D3Y1_63,D3Y1,D3,Y1,44A,39,46.76537180435969,8.0,1,20.5,1,24.0,44A
D3L2_31,D3L2,D3,L2,44A,43,46.76537180435969,9.0,1,25.0,0,25.5,44A
D3L2_32,D3L2,D3,L2,44A,43,46.76537180435969,10.0,1,25.5,0,25.5,44A
D3L2_33,D3L2,D3,L2,44A,43,46.76537180435969,11.0,0,25.5,0,25.5,44A
D2L2_31,D2L2,D2,L2,44A,47,46.76537180435969,12.0,1,18.0,1,21.0,44A
D2L2_32,D2L2,D2,L2,44A,47,46.76537180435969,13.0,1,24.0,0,25.5,44A
D2L2_33,D2L2,D2,L2,44A,47,46.76537180435969,14.0,0,25.5,0,25.5,44A
D2L3_34,D2L3,D2,L3,44A,35,47.63139720814413,3.5,1,21.5,1,24.5,44A
D2L3_35,D2L3,D2,L3,44A,35,47.63139720814413,4.5,1,25.0,0,25.5,44A
D2L3_36,D2L3,D2,L3,44A,35,47.63139720814413,5.5,1,25.0,0,25.5,44A
D3Y1_64,D3Y1,D3,Y1,44A,39,47.63139720814413,6.5,0,25.5,0,25.5,44A
D3Y1_65,D3Y1,D3,Y1,44A,39,47.63139720814413,7.5,1,6.5,1,7.5,44A
D3Y1_66,D3Y1,D3,Y1,44A,39,47.63139720814413,8.5,0,25.5,0,25.5,44A
D3L2_34,D3L2,D3,L2,44A,43,47.63139720814413,9.5,0,25.5,0,25.5,44A
D3L2_35,D3L2,D3,L2,44A,43,47.63139720814413,10.5,1,21.0,1,24.0,44A
D3L2_36,D3L2,D3,L2,44A,43,47.63139720814413,11.5,0,25.5,0,25.5,44A
D2L2_34,D2L2,D2,L2,44A,47,47.63139720814413,12.5,1,25.0,0,25.5,44A
D2L2_35,D2L2,D2,L2,44A,47,47.63139720814413,13.5,1,20.5,1,23.5,44A
D2L2_36,D2L2,D2,L2,44A,47,47.63139720814413,14.5,0,25.5,0,25.5,44A
D2L3_37,D2L3,D2,L3,44A,35,48.49742261192857,3.0,0,25.5,0,25.5,44A
D2L3_38,D2L3,D2,L3,44A,35,48.49742261192857,4.0,0,25.5,0,25.5,44A
D2L3_39,D2L3,D2,L3,44A,35,48.49742261192857,5.0,1,22.5,0,25.5,44A
D3Y1_67,D3Y1,D3,Y1,44A,39,48.49742261192857,6.0,1,18.5,1,24.0,44A
D3Y1_68,D3Y1,D3,Y1,44A,39,48.49742261192857,7.0,0,25.5,0,25.5,44A
D3Y1_69,D3Y1,D3,Y1,44A,39,48.49742261192857,8.0,1,24.0,0,25.5,44A
D3L2_37,D3L2,D3,L2,44A,43,48.49742261192857,9.0,0,25.5,0,25.5,44A
D3L2_38,D3L2,D3,L2,44A,43,48.49742261192857,10.0,0,25.5,0,25.5,44A
D3L2_39,D3L2,D3,L2,44A,43,48.49742261192857,11.0,1,24.5,0,25.5,44A
D2L2_37,D2L2,D2,L2,44A,47,48.49742261192857,12.0,0,25.5,0,25.5,44A
D2L2_38,D2L2,D2,L2,44A,47,48.49742261192857,13.0,1,25.0,0,25.5,44A
D2L2_39,D2L2,D2,L2,44A,47,48.49742261192857,14.0,0,25.5,0,25.5,44A
D2L3_40,D2L3,D2,L3,44A,35,49.363448015713004,3.5,1,24.5,0,25.5,44A
D2L3_41,D2L3,D2,L3,44A,35,49.363448015713004,4.5,0,25.5,0,25.5,44A
D2L3_42,D2L3,D2,L3,44A,35,49.363448015713004,5.5,1,24.5,0,25.5,44A
D3Y1_70,D3Y1,D3,Y1,44A,39,49.363448015713004,6.5,1,18.0,1,25.0,44A
D3Y1_71,D3Y1,D3,Y1,44A,39,49.363448015713004,7.5,0,25.5,0,25.5,44A
D3Y1_72,D3Y1,D3,Y1,44A,39,49.363448015713004,8.5,0,25.5,0,25.5,44A
D3L2_40,D3L2,D3,L2,44A,43,49.363448015713004,9.5,1,10.5,1,24.0,44A
D3L2_41,D3L2,D3,L2,44A,43,49.363448015713004,10.5,0,25.5,0,25.5,44A
D3L2_42,D3L2,D3,L2,44A,43,49.363448015713004,11.5,0,25.5,0,25.5,44A
D2L2_40,D2L2,D2,L2,44A,47,49.363448015713004,12.5,0,25.5,0,25.5,44A
D2L2_41,D2L2,D2,L2,44A,47,49.363448015713004,13.5,0,25.5,0,25.5,44A
D2L2_42,D2L2,D2,L2,44A,47,49.363448015713004,14.5,0,25.5,0,25.5,44A
D2L3_43,D2L3,D2,L3,44A,35,50.229473419497445,3.0,0,25.5,0,25.5,44A
D2L3_44,D2L3,D2,L3,44A,35,50.229473419497445,4.0,0,25.5,0,25.5,44A
D2L3_45,D2L3,D2,L3,44A,35,50.229473419497445,5.0,0,25.5,0,25.5,44A
D3Y1_73,D3Y1,D3,Y1,44A,39,50.229473419497445,6.0,1,21.5,1,24.0,44A
D3Y1_74,D3Y1,D3,Y1,44A,39,50.229473419497445,7.0,1,14.0,1,14.5,44A
D3Y1_75,D3Y1,D3,Y1,44A,39,50.229473419497445,8.0,0,25.5,0,25.5,44A
D3L2_43,D3L2,D3,L2,44A,43,50.229473419497445,9.0,0,25.5,0,25.5,44A
D3L2_44,D3L2,D3,L2,44A,43,50.229473419497445,10.0,1,23.5,0,25.5,44A
D3L2_45,D3L2,D3,L2,44A,43,50.229473419497445,11.0,0,25.5,0,25.5,44A
D2L2_43,D2L2,D2,L2,44A,47,50.229473419497445,12.0,0,25.5,0,25.5,44A
D2L2_44,D2L2,D2,L2,44A,47,50.229473419497445,13.0,0,25.5,0,25.5,44A
D2L2_45,D2L2,D2,L2,44A,47,50.229473419497445,14.0,1,21.5,1,24.0,44A
D4L3_31,D4L3,D4,L3,44A,34,51.095498823281886,3.5,1,24.5,0,25.5,44A
D4L3_32,D4L3,D4,L3,44A,34,51.095498823281886,4.5,1,23.0,0,25.5,44A
D4L3_33,D4L3,D4,L3,44A,34,51.095498823281886,5.5,1,24.5,0,25.5,44A
D1Y1_31,D1Y1,D1,Y1,44A,38,51.095498823281886,6.5,1,24.5,0,25.5,44A
D1Y1_32,D1Y1,D1,Y1,44A,38,51.095498823281886,7.5,1,23.0,0,25.5,44A
D1Y1_33,D1Y1,D1,Y1,44A,38,51.095498823281886,8.5,1,17.5,1,19.0,44A
D3L1_31,D3L1,D3,L1,44A,42,51.095498823281886,9.5,1,24.5,0,25.5,44A
D3L1_32,D3L1,D3,L1,44A,42,51.095498823281886,10.5,1,22.5,1,23.0,44A
D3L1_33,D3L1,D3,L1,44A,42,51.095498823281886,11.5,1,24.5,0,25.5,44A
D3Y1_76,D3Y1,D3,Y1,44A,46,51.095498823281886,12.5,1,18.0,1,18.5,44A
D3Y1_77,D3Y1,D3,Y1,44A,46,51.095498823281886,13.5,0,25.5,0,25.5,44A
D3Y1_78,D3Y1,D3,Y1,44A,46,51.095498823281886,14.5,1,22.0,0,25.5,44A
D4L3_34,D4L3,D4,L3,44A,34,51.96152422706632,3.0,1,17.0,1,19.0,44A
D4L3_35,D4L3,D4,L3,44A,34,51.96152422706632,4.0,1,25.0,0,25.5,44A
D4L3_36,D4L3,D4,L3,44A,34,51.96152422706632,5.0,1,24.5,0,25.5,44A
D1Y1_34,D1Y1,D1,Y1,44A,38,51.96152422706632,6.0,0,25.5,0,25.5,44A
D1Y1_35,D1Y1,D1,Y1,44A,38,51.96152422706632,7.0,1,24.5,0,25.5,44A
D1Y1_36,D1Y1,D1,Y1,44A,38,51.96152422706632,8.0,0,25.5,0,25.5,44A
D3L1_34,D3L1,D3,L1,44A,42,51.96152422706632,9.0,0,25.5,0,25.5,44A
D3L1_35,D3L1,D3,L1,44A,42,51.96152422706632,10.0,1,6.0,1,6.5,44A
D3L1_36,D3L1,D3,L1,44A,42,51.96152422706632,11.0,0,25.5,0,25.5,44A
D3Y1_79,D3Y1,D3,Y1,44A,46,51.96152422706632,12.0,0,25.5,0,25.5,44A
D3Y1_80,D3Y1,D3,Y1,44A,46,51.96152422706632,13.0,0,25.5,0,25.5,44A
D3Y1_81,D3Y1,D3,Y1,44A,46,51.96152422706632,14.0,0,8.0,0,8.0,44A
D4L3_37,D4L3,D4,L3,44A,34,52.82754963085076,3.5,1,17.5,1,19.0,44A
D4L3_38,D4L3,D4,L3,44A,34,52.82754963085076,4.5,1,25.5,0,25.5,44A
D4L3_39,D4L3,D4,L3,44A,34,52.82754963085076,5.5,1,22.5,0,25.5,44A
D1Y1_37,D1Y1,D1,Y1,44A,38,52.82754963085076,6.5,1,25.0,0,25.5,44A
D1Y1_38,D1Y1,D1,Y1,44A,38,52.82754963085076,7.5,0,25.5,0,25.5,44A
D1Y1_39,D1Y1,D1,Y1,44A,38,52.82754963085076,8.5,0,25.5,0,25.5,44A
D3L1_37,D3L1,D3,L1,44A,42,52.82754963085076,9.5,1,25.5,0,25.5,44A
D3L1_38,D3L1,D3,L1,44A,42,52.82754963085076,10.5,1,25.5,0,25.5,44A
D3L1_39,D3L1,D3,L1,44A,42,52.82754963085076,11.5,1,25.5,0,25.5,44A
D3Y1_82,D3Y1,D3,Y1,44A,46,52.82754963085076,12.5,1,15.0,1,17.5,44A
D3Y1_83,D3Y1,D3,Y1,44A,46,52.82754963085076,13.5,0,25.5,0,25.5,44A
D3Y1_84,D3Y1,D3,Y1,44A,46,52.82754963085076,14.5,1,23.0,0,25.5,44A
D4L3_40,D4L3,D4,L3,44A,34,53.6935750346352,3.0,1,21.0,0,25.5,44A
D4L3_41,D4L3,D4,L3,44A,34,53.6935750346352,4.0,1,25.5,0,25.5,44A
D4L3_42,D4L3,D4,L3,44A,34,53.6935750346352,5.0,1,24.0,1,25.5,44A
D1Y1_40,D1Y1,D1,Y1,44A,38,53.6935750346352,6.0,1,22.0,0,25.5,44A
D1Y1_41,D1Y1,D1,Y1,44A,38,53.6935750346352,7.0,0,25.5,0,25.5,44A
D1Y1_42,D1Y1,D1,Y1,44A,38,53.6935750346352,8.0,1,16.0,1,23.0,44A
D3L1_40,D3L1,D3,L1,44A,42,53.6935750346352,9.0,1,25.5,0,25.5,44A
D3L1_41,D3L1,D3,L1,44A,42,53.6935750346352,10.0,1,22.5,0,25.5,44A
D3L1_42,D3L1,D3,L1,44A,42,53.6935750346352,11.0,1,24.0,0,25.5,44A
D3Y1_85,D3Y1,D3,Y1,44A,46,53.6935750346352,12.0,0,25.5,0,25.5,44A
D3Y1_86,D3Y1,D3,Y1,44A,46,53.6935750346352,13.0,1,22.5,0,25.5,44A
D3Y1_87,D3Y1,D3,Y1,44A,46,53.6935750346352,14.0,1,17.0,1,17.5,44A
D4L3_43,D4L3,D4,L3,44A,34,54.559600438419636,3.5,1,23.0,0,25.5,44A
D4L3_44,D4L3,D4,L3,44A,34,54.559600438419636,4.5,0,25.5,0,25.5,44A
D4L3_45,D4L3,D4,L3,44A,34,54.559600438419636,5.5,1,23.0,0,25.5,44A
D1Y1_43,D1Y1,D1,Y1,44A,38,54.559600438419636,6.5,0,25.5,0,25.5,44A
D1Y1_44,D1Y1,D1,Y1,44A,38,54.559600438419636,7.5,1,21.5,1,24.5,44A
D1Y1_45,D1Y1,D1,Y1,44A,38,54.559600438419636,8.5,0,25.5,0,25.5,44A
D3L1_43,D3L1,D3,L1,44A,42,54.559600438419636,9.5,1,13.5,1,14.0,44A
D3L1_44,D3L1,D3,L1,44A,42,54.559600438419636,10.5,1,22.0,0,25.5,44A
D3L1_45,D3L1,D3,L1,44A,42,54.559600438419636,11.5,1,25.5,0,25.5,44A
D3Y1_88,D3Y1,D3,Y1,44A,46,54.559600438419636,12.5,1,24.0,0,25.5,44A
D3Y1_89,D3Y1,D3,Y1,44A,46,54.559600438419636,13.5,0,25.5,0,25.5,44A
D3Y1_90,D3Y1,D3,Y1,44A,46,54.559600438419636,14.5,0,25.5,0,25.5,44A
D5L2_31,D5L2,D5,L2,44A,33,55.42562584220408,3.0,0,25.5,0,25.5,44A
D5L2_32,D5L2,D5,L2,44A,33,55.42562584220408,4.0,1,23.5,1,24.5,44A
D5L2_33,D5L2,D5,L2,44A,33,55.42562584220408,5.0,1,14.5,1,15.5,44A
D2L1_61,D2L1,D2,L1,44A,37,55.42562584220408,6.0,1,21.5,1,24.5,44A
D2L1_62,D2L1,D2,L1,44A,37,55.42562584220408,7.0,1,21.0,0,25.5,44A
D2L1_63,D2L1,D2,L1,44A,37,55.42562584220408,8.0,0,25.5,0,25.5,44A
D4L1_31,D4L1,D4,L1,44A,41,55.42562584220408,9.0,0,25.5,0,25.5,44A
D4L1_32,D4L1,D4,L1,44A,41,55.42562584220408,10.0,0,25.5,0,25.5,44A
D4L1_33,D4L1,D4,L1,44A,41,55.42562584220408,11.0,0,25.5,0,25.5,44A
D5L3_31,D5L3,D5,L3,44A,45,55.42562584220408,12.0,0,23.0,0,23.0,44A
D5L3_32,D5L3,D5,L3,44A,45,55.42562584220408,13.0,0,25.5,0,25.5,44A
D5L3_33,D5L3,D5,L3,44A,45,55.42562584220408,14.0,0,25.5,0,25.5,44A
D5L2_34,D5L2,D5,L2,44A,33,56.29165124598852,3.5,0,25.5,0,25.5,44A
D5L2_35,D5L2,D5,L2,44A,33,56.29165124598852,4.5,1,2.5,1,5.0,44A
D5L2_36,D5L2,D5,L2,44A,33,56.29165124598852,5.5,0,25.5,0,25.5,44A
D2L1_64,D2L1,D2,L1,44A,37,56.29165124598852,6.5,0,25.5,0,25.5,44A
D2L1_65,D2L1,D2,L1,44A,37,56.29165124598852,7.5,1,17.5,1,18.0,44A
D2L1_66,D2L1,D2,L1,44A,37,56.29165124598852,8.5,0,25.5,0,25.5,44A
D4L1_34,D4L1,D4,L1,44A,41,56.29165124598852,9.5,0,25.5,0,25.5,44A
D4L1_35,D4L1,D4,L1,44A,41,56.29165124598852,10.5,0,25.5,0,25.5,44A
D4L1_36,D4L1,D4,L1,44A,41,56.29165124598852,11.5,1,23.0,0,25.5,44A
D5L3_34,D5L3,D5,L3,44A,45,56.29165124598852,12.5,0,25.5,0,25.5,44A
D5L3_35,D5L3,D5,L3,44A,45,56.29165124598852,13.5,1,21.0,1,24.5,44A
D5L3_36,D5L3,D5,L3,44A,45,56.29165124598852,14.5,1,25.5,0,25.5,44A
D5L2_37,D5L2,D5,L2,44A,33,57.15767664977295,3.0,1,24.0,0,25.5,44A
D5L2_38,D5L2,D5,L2,44A,33,57.15767664977295,4.0,1,25.0,0,25.5,44A
D5L2_39,D5L2,D5,L2,44A,33,57.15767664977295,5.0,1,25.0,0,25.5,44A
D2L1_67,D2L1,D2,L1,44A,37,57.15767664977295,6.0,0,25.5,0,25.5,44A
D2L1_68,D2L1,D2,L1,44A,37,57.15767664977295,7.0,0,25.5,0,25.5,44A
D2L1_69,D2L1,D2,L1,44A,37,57.15767664977295,8.0,0,25.5,0,25.5,44A
D4L1_37,D4L1,D4,L1,44A,41,57.15767664977295,9.0,1,25.5,0,25.5,44A
D4L1_38,D4L1,D4,L1,44A,41,57.15767664977295,10.0,1,21.0,1,24.0,44A
D4L1_39,D4L1,D4,L1,44A,41,57.15767664977295,11.0,1,24.5,0,25.5,44A
D5L3_37,D5L3,D5,L3,44A,45,57.15767664977295,12.0,0,25.5,0,25.5,44A
D5L3_38,D5L3,D5,L3,44A,45,57.15767664977295,13.0,1,25.5,0,25.5,44A
D5L3_39,D5L3,D5,L3,44A,45,57.15767664977295,14.0,1,24.5,0,25.5,44A
D5L2_40,D5L2,D5,L2,44A,33,58.02370205355739,3.5,1,22.5,1,24.5,44A
D5L2_41,D5L2,D5,L2,44A,33,58.02370205355739,4.5,1,23.5,1,24.5,44A
D5L2_42,D5L2,D5,L2,44A,33,58.02370205355739,5.5,1,19.5,1,24.0,44A
D2L1_70,D2L1,D2,L1,44A,37,58.02370205355739,6.5,1,24.5,0,25.5,44A
D2L1_71,D2L1,D2,L1,44A,37,58.02370205355739,7.5,1,24.5,0,25.5,44A
D2L1_72,D2L1,D2,L1,44A,37,58.02370205355739,8.5,0,25.5,0,25.5,44A
D4L1_40,D4L1,D4,L1,44A,41,58.02370205355739,9.5,1,24.5,0,25.5,44A
D4L1_41,D4L1,D4,L1,44A,41,58.02370205355739,10.5,1,24.0,0,25.5,44A
D4L1_42,D4L1,D4,L1,44A,41,58.02370205355739,11.5,0,25.5,0,25.5,44A
D5L3_40,D5L3,D5,L3,44A,45,58.02370205355739,12.5,1,23.0,0,25.5,44A
D5L3_41,D5L3,D5,L3,44A,45,58.02370205355739,13.5,1,11.0,1,11.5,44A
D5L3_42,D5L3,D5,L3,44A,45,58.02370205355739,14.5,1,22.5,0,25.5,44A
D5L2_43,D5L2,D5,L2,44A,33,58.889727457341834,3.0,0,25.5,0,25.5,44A
D5L2_44,D5L2,D5,L2,44A,33,58.889727457341834,4.0,0,25.5,0,25.5,44A
D5L2_45,D5L2,D5,L2,44A,33,58.889727457341834,5.0,0,25.5,0,25.5,44A
D2L1_73,D2L1,D2,L1,44A,37,58.889727457341834,6.0,0,25.5,0,25.5,44A
D2L1_74,D2L1,D2,L1,44A,37,58.889727457341834,7.0,0,25.5,0,25.5,44A
D2L1_75,D2L1,D2,L1,44A,37,58.889727457341834,8.0,0,25.5,0,25.5,44A
D4L1_43,D4L1,D4,L1,44A,41,58.889727457341834,9.0,0,25.5,0,25.5,44A
D4L1_44,D4L1,D4,L1,44A,41,58.889727457341834,10.0,1,13.0,1,14.5,44A
D4L1_45,D4L1,D4,L1,44A,41,58.889727457341834,11.0,0,25.5,0,25.5,44A
D5L3_43,D5L3,D5,L3,44A,45,58.889727457341834,12.0,0,25.5,0,25.5,44A
D5L3_44,D5L3,D5,L3,44A,45,58.889727457341834,13.0,1,21.0,0,25.5,44A
D5L3_45,D5L3,D5,L3,44A,45,58.889727457341834,14.0,1,23.0,0,25.5,44A
D3Y1_91,D3Y1,D3,Y1,44B,32,18.186533479473212,22.5,1,15.0,1,15.5,44B
D3Y1_92,D3Y1,D3,Y1,44B,32,18.186533479473212,23.5,1,23.5,0,25.5,44B
D3Y1_93,D3Y1,D3,Y1,44B,32,18.186533479473212,24.5,1,11.5,1,14.0,44B
D2L1_76,D2L1,D2,L1,44B,28,18.186533479473212,25.5,1,21.0,1,23.5,44B
D2L1_77,D2L1,D2,L1,44B,28,18.186533479473212,26.5,1,24.0,1,24.5,44B
D2L1_78,D2L1,D2,L1,44B,28,18.186533479473212,27.5,1,23.5,0,25.5,44B
D2L1_79,D2L1,D2,L1,44B,24,18.186533479473212,28.5,0,25.5,0,25.5,44B
D2L1_80,D2L1,D2,L1,44B,24,18.186533479473212,29.5,0,25.5,0,25.5,44B
D2L1_81,D2L1,D2,L1,44B,24,18.186533479473212,30.5,0,25.5,0,25.5,44B
D4L1_46,D4L1,D4,L1,44B,20,18.186533479473212,31.5,0,25.5,0,25.5,44B
D4L1_47,D4L1,D4,L1,44B,20,18.186533479473212,32.5,0,25.5,0,25.5,44B
D4L1_48,D4L1,D4,L1,44B,20,18.186533479473212,33.5,0,25.5,0,25.5,44B
D3Y1_94,D3Y1,D3,Y1,44B,32,19.052558883257653,22.0,1,19.5,1,23.0,44B
D3Y1_95,D3Y1,D3,Y1,44B,32,19.052558883257653,23.0,1,21.0,0,25.5,44B
D3Y1_96,D3Y1,D3,Y1,44B,32,19.052558883257653,24.0,1,9.5,1,10.5,44B
D2L1_82,D2L1,D2,L1,44B,28,19.052558883257653,25.0,1,11.5,1,12.0,44B
D2L1_83,D2L1,D2,L1,44B,28,19.052558883257653,26.0,1,21.5,1,23.5,44B
D2L1_84,D2L1,D2,L1,44B,28,19.052558883257653,27.0,0,25.0,0,25.0,44B
D2L1_85,D2L1,D2,L1,44B,24,19.052558883257653,28.0,0,25.5,0,25.5,44B
D2L1_86,D2L1,D2,L1,44B,24,19.052558883257653,29.0,1,14.0,1,14.5,44B
D2L1_87,D2L1,D2,L1,44B,24,19.052558883257653,30.0,1,8.0,1,8.5,44B
D4L1_49,D4L1,D4,L1,44B,20,19.052558883257653,31.0,0,8.0,0,8.0,44B
D4L1_50,D4L1,D4,L1,44B,20,19.052558883257653,32.0,0,25.5,0,25.5,44B
D4L1_51,D4L1,D4,L1,44B,20,19.052558883257653,33.0,0,25.5,0,25.5,44B
D3Y1_97,D3Y1,D3,Y1,44B,32,19.91858428704209,22.5,0,25.5,0,25.5,44B
D3Y1_98,D3Y1,D3,Y1,44B,32,19.91858428704209,23.5,1,15.5,1,22.5,44B
D3Y1_99,D3Y1,D3,Y1,44B,32,19.91858428704209,24.5,1,19.0,1,23.0,44B
D2L1_88,D2L1,D2,L1,44B,28,19.91858428704209,25.5,1,9.5,1,11.5,44B
D2L1_89,D2L1,D2,L1,44B,28,19.91858428704209,26.5,0,7.5,0,7.5,44B
D2L1_90,D2L1,D2,L1,44B,28,19.91858428704209,27.5,1,16.0,1,18.5,44B
D2L1_91,D2L1,D2,L1,44B,24,19.91858428704209,28.5,1,24.5,0,25.5,44B
D2L1_92,D2L1,D2,L1,44B,24,19.91858428704209,29.5,1,25.0,0,25.5,44B
D2L1_93,D2L1,D2,L1,44B,24,19.91858428704209,30.5,0,25.5,0,25.5,44B
D4L1_52,D4L1,D4,L1,44B,20,19.91858428704209,31.5,1,22.0,1,25.5,44B
D4L1_53,D4L1,D4,L1,44B,20,19.91858428704209,32.5,1,24.5,0,25.5,44B
D4L1_54,D4L1,D4,L1,44B,20,19.91858428704209,33.5,1,21.0,1,25.0,44B
D3Y1_100,D3Y1,D3,Y1,44B,32,20.784609690826528,22.0,1,24.5,0,25.5,44B
D3Y1_101,D3Y1,D3,Y1,44B,32,20.784609690826528,23.0,1,19.5,1,24.0,44B
D3Y1_102,D3Y1,D3,Y1,44B,32,20.784609690826528,24.0,1,1.5,1,4.0,44B
D2L1_94,D2L1,D2,L1,44B,28,20.784609690826528,25.0,1,12.5,1,15.0,44B
D2L1_95,D2L1,D2,L1,44B,28,20.784609690826528,26.0,1,24.5,0,25.5,44B
D2L1_96,D2L1,D2,L1,44B,28,20.784609690826528,27.0,1,11.0,1,24.0,44B
D2L1_97,D2L1,D2,L1,44B,24,20.784609690826528,28.0,0,25.5,0,25.5,44B
D2L1_98,D2L1,D2,L1,44B,24,20.784609690826528,29.0,1,24.5,0,25.5,44B
D2L1_99,D2L1,D2,L1,44B,24,20.784609690826528,30.0,0,25.5,0,25.5,44B
D4L1_55,D4L1,D4,L1,44B,20,20.784609690826528,31.0,1,24.0,0,25.5,44B
D4L1_56,D4L1,D4,L1,44B,20,20.784609690826528,32.0,1,23.5,0,25.5,44B
D4L1_57,D4L1,D4,L1,44B,20,20.784609690826528,33.0,0,9.5,0,9.5,44B
D3Y1_103,D3Y1,D3,Y1,44B,32,21.65063509461097,22.5,0,25.5,0,25.5,44B
D3Y1_104,D3Y1,D3,Y1,44B,32,21.65063509461097,23.5,1,17.5,1,21.0,44B
D3Y1_105,D3Y1,D3,Y1,44B,32,21.65063509461097,24.5,0,25.5,0,25.5,44B
D2L1_100,D2L1,D2,L1,44B,28,21.65063509461097,25.5,0,25.5,0,25.5,44B
D2L1_101,D2L1,D2,L1,44B,28,21.65063509461097,26.5,0,25.5,0,25.5,44B
D2L1_102,D2L1,D2,L1,44B,28,21.65063509461097,27.5,0,25.5,0,25.5,44B
D2L1_103,D2L1,D2,L1,44B,24,21.65063509461097,28.5,1,18.0,1,21.0,44B
D2L1_104,D2L1,D2,L1,44B,24,21.65063509461097,29.5,0,25.5,0,25.5,44B
D2L1_105,D2L1,D2,L1,44B,24,21.65063509461097,30.5,0,25.5,0,25.5,44B
D4L1_58,D4L1,D4,L1,44B,20,21.65063509461097,31.5,1,23.5,0,25.5,44B
D4L1_59,D4L1,D4,L1,44B,20,21.65063509461097,32.5,1,13.0,1,14.0,44B
D4L1_60,D4L1,D4,L1,44B,20,21.65063509461097,33.5,1,25.5,0,25.5,44B
D5L3_46,D5L3,D5,L3,44B,31,22.516660498395407,22.0,1,15.5,1,20.5,44B
D5L3_47,D5L3,D5,L3,44B,31,22.516660498395407,23.0,0,25.5,0,25.5,44B
D5L3_48,D5L3,D5,L3,44B,31,22.516660498395407,24.0,1,25.5,0,25.5,44B
D3L3_61,D3L3,D3,L3,44B,27,22.516660498395407,25.0,1,21.5,1,25.5,44B
D3L3_62,D3L3,D3,L3,44B,27,22.516660498395407,26.0,0,25.5,0,25.5,44B
D3L3_63,D3L3,D3,L3,44B,27,22.516660498395407,27.0,0,25.5,0,25.5,44B
D2L2_46,D2L2,D2,L2,44B,23,22.516660498395407,28.0,0,25.5,0,25.5,44B
D2L2_47,D2L2,D2,L2,44B,23,22.516660498395407,29.0,0,25.5,0,25.5,44B
D2L2_48,D2L2,D2,L2,44B,23,22.516660498395407,30.0,0,25.5,0,25.5,44B
D4L3_46,D4L3,D4,L3,44B,19,22.516660498395407,31.0,1,20.5,1,22.0,44B
D4L3_47,D4L3,D4,L3,44B,19,22.516660498395407,32.0,0,25.5,0,25.5,44B
D4L3_48,D4L3,D4,L3,44B,19,22.516660498395407,33.0,1,25.0,0,25.5,44B
D5L3_49,D5L3,D5,L3,44B,31,23.382685902179844,22.5,1,9.5,1,10.5,44B
D5L3_50,D5L3,D5,L3,44B,31,23.382685902179844,23.5,1,14.5,1,15.0,44B
D5L3_51,D5L3,D5,L3,44B,31,23.382685902179844,24.5,1,15.5,1,20.5,44B
D3L3_64,D3L3,D3,L3,44B,27,23.382685902179844,25.5,1,15.5,1,18.0,44B
D3L3_65,D3L3,D3,L3,44B,27,23.382685902179844,26.5,0,25.5,0,25.5,44B
D3L3_66,D3L3,D3,L3,44B,27,23.382685902179844,27.5,0,25.5,0,25.5,44B
D2L2_49,D2L2,D2,L2,44B,23,23.382685902179844,28.5,1,23.0,0,25.5,44B
D2L2_50,D2L2,D2,L2,44B,23,23.382685902179844,29.5,0,25.5,0,25.5,44B
D2L2_51,D2L2,D2,L2,44B,23,23.382685902179844,30.5,0,25.5,0,25.5,44B
D4L3_49,D4L3,D4,L3,44B,19,23.382685902179844,31.5,0,25.5,0,25.5,44B
D4L3_50,D4L3,D4,L3,44B,19,23.382685902179844,32.5,1,25.0,0,25.5,44B
D4L3_51,D4L3,D4,L3,44B,19,23.382685902179844,33.5,0,25.5,0,25.5,44B
D5L3_52,D5L3,D5,L3,44B,31,24.248711305964285,22.0,1,5.0,1,7.5,44B
D5L3_53,D5L3,D5,L3,44B,31,24.248711305964285,23.0,1,20.5,1,22.0,44B
D5L3_54,D5L3,D5,L3,44B,31,24.248711305964285,24.0,0,9.5,0,9.5,44B
D3L3_67,D3L3,D3,L3,44B,27,24.248711305964285,25.0,1,22.0,0,25.5,44B
D3L3_68,D3L3,D3,L3,44B,27,24.248711305964285,26.0,0,25.5,0,25.5,44B
D3L3_69,D3L3,D3,L3,44B,27,24.248711305964285,27.0,1,25.5,0,25.5,44B
D2L2_52,D2L2,D2,L2,44B,23,24.248711305964285,28.0,1,12.0,1,13.5,44B
D2L2_53,D2L2,D2,L2,44B,23,24.248711305964285,29.0,1,15.0,1,18.5,44B
D2L2_54,D2L2,D2,L2,44B,23,24.248711305964285,30.0,0,25.5,0,25.5,44B
D4L3_52,D4L3,D4,L3,44B,19,24.248711305964285,31.0,0,25.5,0,25.5,44B
D4L3_53,D4L3,D4,L3,44B,19,24.248711305964285,32.0,1,23.5,0,25.5,44B
D4L3_54,D4L3,D4,L3,44B,19,24.248711305964285,33.0,1,25.0,0,25.5,44B
D5L3_55,D5L3,D5,L3,44B,31,25.114736709748723,22.5,1,21.5,1,24.0,44B
D5L3_56,D5L3,D5,L3,44B,31,25.114736709748723,23.5,0,25.5,0,25.5,44B
D5L3_57,D5L3,D5,L3,44B,31,25.114736709748723,24.5,0,25.5,0,25.5,44B
D3L3_70,D3L3,D3,L3,44B,27,25.114736709748723,25.5,1,25.5,0,25.5,44B
D3L3_71,D3L3,D3,L3,44B,27,25.114736709748723,26.5,1,0.5,1,2.5,44B
D3L3_72,D3L3,D3,L3,44B,27,25.114736709748723,27.5,0,25.5,0,25.5,44B
D2L2_55,D2L2,D2,L2,44B,23,25.114736709748723,28.5,0,25.5,0,25.5,44B
D2L2_56,D2L2,D2,L2,44B,23,25.114736709748723,29.5,1,24.0,0,25.5,44B
D2L2_57,D2L2,D2,L2,44B,23,25.114736709748723,30.5,0,25.5,0,25.5,44B
D4L3_55,D4L3,D4,L3,44B,19,25.114736709748723,31.5,0,25.5,0,25.5,44B
D4L3_56,D4L3,D4,L3,44B,19,25.114736709748723,32.5,0,25.5,0,25.5,44B
D4L3_57,D4L3,D4,L3,44B,19,25.114736709748723,33.5,0,25.5,0,25.5,44B
D5L3_58,D5L3,D5,L3,44B,31,25.98076211353316,22.0,1,24.0,0,25.5,44B
D5L3_59,D5L3,D5,L3,44B,31,25.98076211353316,23.0,0,25.5,0,25.5,44B
D5L3_60,D5L3,D5,L3,44B,31,25.98076211353316,24.0,1,20.5,1,23.0,44B
D3L3_73,D3L3,D3,L3,44B,27,25.98076211353316,25.0,0,25.5,0,25.5,44B
D3L3_74,D3L3,D3,L3,44B,27,25.98076211353316,26.0,0,25.5,0,25.5,44B
D3L3_75,D3L3,D3,L3,44B,27,25.98076211353316,27.0,0,25.5,0,25.5,44B
D2L2_58,D2L2,D2,L2,44B,23,25.98076211353316,28.0,0,25.5,0,25.5,44B
D2L2_59,D2L2,D2,L2,44B,23,25.98076211353316,29.0,0,25.5,0,25.5,44B
D2L2_60,D2L2,D2,L2,44B,23,25.98076211353316,30.0,1,19.5,1,22.0,44B
D4L3_58,D4L3,D4,L3,44B,19,25.98076211353316,31.0,1,23.5,0,25.5,44B
D4L3_59,D4L3,D4,L3,44B,19,25.98076211353316,32.0,1,25.5,0,25.5,44B
D4L3_60,D4L3,D4,L3,44B,19,25.98076211353316,33.0,1,21.5,1,23.5,44B
D3L1_46,D3L1,D3,L1,44B,30,26.8467875173176,22.5,1,14.0,1,15.5,44B
D3L1_47,D3L1,D3,L1,44B,30,26.8467875173176,23.5,1,20.5,1,24.5,44B
D3L1_48,D3L1,D3,L1,44B,30,26.8467875173176,24.5,1,24.0,0,25.5,44B
D2Y1_46,D2Y1,D2,Y1,44B,26,26.8467875173176,25.5,1,8.0,1,11.0,44B
D2Y1_47,D2Y1,D2,Y1,44B,26,26.8467875173176,26.5,1,24.5,0,25.5,44B
D2Y1_48,D2Y1,D2,Y1,44B,26,26.8467875173176,27.5,0,25.5,0,25.5,44B
D1Y1_46,D1Y1,D1,Y1,44B,22,26.8467875173176,28.5,0,25.5,0,25.5,44B
D1Y1_47,D1Y1,D1,Y1,44B,22,26.8467875173176,29.5,1,24.5,0,25.5,44B
D1Y1_48,D1Y1,D1,Y1,44B,22,26.8467875173176,30.5,1,24.5,0,25.5,44B
D3Y1_106,D3Y1,D3,Y1,44B,18,26.8467875173176,31.5,1,6.5,1,7.5,44B
D3Y1_107,D3Y1,D3,Y1,44B,18,26.8467875173176,32.5,1,13.0,1,14.0,44B
D3Y1_108,D3Y1,D3,Y1,44B,18,26.8467875173176,33.5,1,13.5,1,14.0,44B
D3L1_49,D3L1,D3,L1,44B,30,27.71281292110204,22.0,0,25.5,0,25.5,44B
D3L1_50,D3L1,D3,L1,44B,30,27.71281292110204,23.0,0,25.5,0,25.5,44B
D3L1_51,D3L1,D3,L1,44B,30,27.71281292110204,24.0,0,7.5,0,7.5,44B
D2Y1_49,D2Y1,D2,Y1,44B,26,27.71281292110204,25.0,1,15.5,0,17.0,44B
D2Y1_50,D2Y1,D2,Y1,44B,26,27.71281292110204,26.0,1,24.5,0,25.5,44B
D2Y1_51,D2Y1,D2,Y1,44B,26,27.71281292110204,27.0,1,24.5,0,25.5,44B
D1Y1_49,D1Y1,D1,Y1,44B,22,27.71281292110204,28.0,0,25.5,0,25.5,44B
D1Y1_50,D1Y1,D1,Y1,44B,22,27.71281292110204,29.0,0,25.5,0,25.5,44B
D1Y1_51,D1Y1,D1,Y1,44B,22,27.71281292110204,30.0,1,18.5,1,24.0,44B
D3Y1_109,D3Y1,D3,Y1,44B,18,27.71281292110204,31.0,1,11.0,1,12.5,44B
D3Y1_110,D3Y1,D3,Y1,44B,18,27.71281292110204,32.0,1,22.5,0,25.5,44B
D3Y1_111,D3Y1,D3,Y1,44B,18,27.71281292110204,33.0,1,17.0,0,25.5,44B
D3L1_52,D3L1,D3,L1,44B,30,28.578838324886476,22.5,0,25.5,0,25.5,44B
D3L1_53,D3L1,D3,L1,44B,30,28.578838324886476,23.5,0,25.5,0,25.5,44B
D3L1_54,D3L1,D3,L1,44B,30,28.578838324886476,24.5,0,25.5,0,25.5,44B
D2Y1_52,D2Y1,D2,Y1,44B,26,28.578838324886476,25.5,0,25.5,0,25.5,44B
D2Y1_53,D2Y1,D2,Y1,44B,26,28.578838324886476,26.5,0,8.0,0,8.0,44B
D2Y1_54,D2Y1,D2,Y1,44B,26,28.578838324886476,27.5,0,25.5,0,25.5,44B
D1Y1_52,D1Y1,D1,Y1,44B,22,28.578838324886476,28.5,1,19.0,0,25.5,44B
D1Y1_53,D1Y1,D1,Y1,44B,22,28.578838324886476,29.5,0,25.5,0,25.5,44B
D1Y1_54,D1Y1,D1,Y1,44B,22,28.578838324886476,30.5,1,22.0,1,24.0,44B
D3Y1_112,D3Y1,D3,Y1,44B,18,28.578838324886476,31.5,0,25.5,0,25.5,44B
D3Y1_113,D3Y1,D3,Y1,44B,18,28.578838324886476,32.5,1,23.5,0,25.5,44B
D3Y1_114,D3Y1,D3,Y1,44B,18,28.578838324886476,33.5,1,25.5,0,25.5,44B
D3L1_55,D3L1,D3,L1,44B,30,29.444863728670917,22.0,0,25.5,0,25.5,44B
D3L1_56,D3L1,D3,L1,44B,30,29.444863728670917,23.0,0,25.5,0,25.5,44B
D3L1_57,D3L1,D3,L1,44B,30,29.444863728670917,24.0,1,21.0,1,24.5,44B
D2Y1_55,D2Y1,D2,Y1,44B,26,29.444863728670917,25.0,0,25.5,0,25.5,44B
D2Y1_56,D2Y1,D2,Y1,44B,26,29.444863728670917,26.0,0,25.5,0,25.5,44B
D2Y1_57,D2Y1,D2,Y1,44B,26,29.444863728670917,27.0,1,20.5,0,25.5,44B
D1Y1_55,D1Y1,D1,Y1,44B,22,29.444863728670917,28.0,0,10.5,0,10.5,44B
D1Y1_56,D1Y1,D1,Y1,44B,22,29.444863728670917,29.0,0,18.0,0,18.0,44B
D1Y1_57,D1Y1,D1,Y1,44B,22,29.444863728670917,30.0,0,25.5,0,25.5,44B
D3Y1_115,D3Y1,D3,Y1,44B,18,29.444863728670917,31.0,1,24.0,0,25.5,44B
D3Y1_116,D3Y1,D3,Y1,44B,18,29.444863728670917,32.0,1,14.0,1,14.5,44B
D3Y1_117,D3Y1,D3,Y1,44B,18,29.444863728670917,33.0,1,19.5,1,25.0,44B
D3L1_58,D3L1,D3,L1,44B,30,30.310889132455355,22.5,0,25.5,0,25.5,44B
D3L1_59,D3L1,D3,L1,44B,30,30.310889132455355,23.5,0,25.5,0,25.5,44B
D3L1_60,D3L1,D3,L1,44B,30,30.310889132455355,24.5,0,25.5,0,25.5,44B
D2Y1_58,D2Y1,D2,Y1,44B,26,30.310889132455355,25.5,0,25.5,0,25.5,44B
D2Y1_59,D2Y1,D2,Y1,44B,26,30.310889132455355,26.5,0,25.5,0,25.5,44B
D2Y1_60,D2Y1,D2,Y1,44B,26,30.310889132455355,27.5,1,19.0,1,25.5,44B
D1Y1_58,D1Y1,D1,Y1,44B,22,30.310889132455355,28.5,0,25.5,0,25.5,44B
D1Y1_59,D1Y1,D1,Y1,44B,22,30.310889132455355,29.5,0,25.5,0,25.5,44B
D1Y1_60,D1Y1,D1,Y1,44B,22,30.310889132455355,30.5,1,14.5,1,17.5,44B
D3Y1_118,D3Y1,D3,Y1,44B,18,30.310889132455355,31.5,1,10.5,1,12.0,44B
D3Y1_119,D3Y1,D3,Y1,44B,18,30.310889132455355,32.5,1,17.5,1,23.0,44B
D3Y1_120,D3Y1,D3,Y1,44B,18,30.310889132455355,33.5,1,9.5,1,12.0,44B
D5L2_46,D5L2,D5,L2,44B,29,31.176914536239792,22.0,1,25.5,0,25.5,44B
D5L2_47,D5L2,D5,L2,44B,29,31.176914536239792,23.0,1,15.5,1,21.0,44B
D5L2_48,D5L2,D5,L2,44B,29,31.176914536239792,24.0,0,25.5,0,25.5,44B
D3L2_46,D3L2,D3,L2,44B,25,31.176914536239792,25.0,1,21.5,1,24.5,44B
D3L2_47,D3L2,D3,L2,44B,25,31.176914536239792,26.0,1,17.0,1,23.0,44B
D3L2_48,D3L2,D3,L2,44B,25,31.176914536239792,27.0,1,7.5,1,8.0,44B
D2L3_46,D2L3,D2,L3,44B,21,31.176914536239792,28.0,1,24.5,0,25.5,44B
D2L3_47,D2L3,D2,L3,44B,21,31.176914536239792,29.0,0,25.5,0,25.5,44B
D2L3_48,D2L3,D2,L3,44B,21,31.176914536239792,30.0,1,15.0,1,18.0,44B
D1L3_46,D1L3,D1,L3,44B,17,31.176914536239792,31.0,1,24.0,1,25.5,44B
D1L3_47,D1L3,D1,L3,44B,17,31.176914536239792,32.0,1,17.5,1,19.0,44B
D1L3_48,D1L3,D1,L3,44B,17,31.176914536239792,33.0,1,17.5,1,20.5,44B
D5L2_49,D5L2,D5,L2,44B,29,32.04293994002423,22.5,1,16.0,1,19.5,44B
D5L2_50,D5L2,D5,L2,44B,29,32.04293994002423,23.5,1,17.5,0,25.5,44B
D5L2_51,D5L2,D5,L2,44B,29,32.04293994002423,24.5,0,25.5,0,25.5,44B
D3L2_49,D3L2,D3,L2,44B,25,32.04293994002423,25.5,1,25.5,0,25.5,44B
D3L2_50,D3L2,D3,L2,44B,25,32.04293994002423,26.5,1,21.5,1,24.5,44B
D3L2_51,D3L2,D3,L2,44B,25,32.04293994002423,27.5,1,16.5,1,19.0,44B
D2L3_49,D2L3,D2,L3,44B,21,32.04293994002423,28.5,1,24.0,1,24.5,44B
D2L3_50,D2L3,D2,L3,44B,21,32.04293994002423,29.5,1,24.0,0,25.5,44B
D2L3_51,D2L3,D2,L3,44B,21,32.04293994002423,30.5,0,25.5,0,25.5,44B
D1L3_49,D1L3,D1,L3,44B,17,32.04293994002423,31.5,1,17.0,1,18.0,44B
D1L3_50,D1L3,D1,L3,44B,17,32.04293994002423,32.5,1,15.0,1,17.0,44B
D1L3_51,D1L3,D1,L3,44B,17,32.04293994002423,33.5,1,21.5,1,24.0,44B
D5L2_52,D5L2,D5,L2,44B,29,32.908965343808674,22.0,0,9.5,0,9.5,44B
D5L2_53,D5L2,D5,L2,44B,29,32.908965343808674,23.0,1,21.0,1,24.5,44B
D5L2_54,D5L2,D5,L2,44B,29,32.908965343808674,24.0,1,24.5,0,25.5,44B
D3L2_52,D3L2,D3,L2,44B,25,32.908965343808674,25.0,0,25.5,0,25.5,44B
D3L2_53,D3L2,D3,L2,44B,25,32.908965343808674,26.0,0,25.5,0,25.5,44B
D3L2_54,D3L2,D3,L2,44B,25,32.908965343808674,27.0,0,25.5,0,25.5,44B
D2L3_52,D2L3,D2,L3,44B,21,32.908965343808674,28.0,1,21.5,1,22.0,44B
D2L3_53,D2L3,D2,L3,44B,21,32.908965343808674,29.0,1,19.0,1,21.0,44B
D2L3_54,D2L3,D2,L3,44B,21,32.908965343808674,30.0,0,25.5,0,25.5,44B
D1L3_52,D1L3,D1,L3,44B,17,32.908965343808674,31.0,1,16.5,1,21.0,44B
D1L3_53,D1L3,D1,L3,44B,17,32.908965343808674,32.0,1,13.5,1,14.0,44B
D1L3_54,D1L3,D1,L3,44B,17,32.908965343808674,33.0,1,12.0,1,13.0,44B
D5L2_55,D5L2,D5,L2,44B,29,33.77499074759311,22.5,1,18.0,1,19.0,44B
D5L2_56,D5L2,D5,L2,44B,29,33.77499074759311,23.5,1,24.0,1,25.5,44B
D5L2_57,D5L2,D5,L2,44B,29,33.77499074759311,24.5,1,24.5,0,25.5,44B
D3L2_55,D3L2,D3,L2,44B,25,33.77499074759311,25.5,1,14.0,1,15.5,44B
D3L2_56,D3L2,D3,L2,44B,25,33.77499074759311,26.5,1,24.5,0,25.5,44B
D3L2_57,D3L2,D3,L2,44B,25,33.77499074759311,27.5,0,25.5,0,25.5,44B
D2L3_55,D2L3,D2,L3,44B,21,33.77499074759311,28.5,1,24.5,0,25.5,44B
D2L3_56,D2L3,D2,L3,44B,21,33.77499074759311,29.5,0,10.5,0,10.5,44B
D2L3_57,D2L3,D2,L3,44B,21,33.77499074759311,30.5,1,22.5,1,23.0,44B
D1L3_55,D1L3,D1,L3,44B,17,33.77499074759311,31.5,1,23.5,0,25.5,44B
D1L3_56,D1L3,D1,L3,44B,17,33.77499074759311,32.5,1,24.5,0,25.5,44B
D1L3_57,D1L3,D1,L3,44B,17,33.77499074759311,33.5,1,24.0,1,25.0,44B
D5L2_58,D5L2,D5,L2,44B,29,34.64101615137755,22.0,1,15.0,1,15.5,44B
D5L2_59,D5L2,D5,L2,44B,29,34.64101615137755,23.0,0,25.5,0,25.5,44B
D5L2_60,D5L2,D5,L2,44B,29,34.64101615137755,24.0,1,24.5,0,25.5,44B
D3L2_58,D3L2,D3,L2,44B,25,34.64101615137755,25.0,1,23.0,0,25.5,44B
D3L2_59,D3L2,D3,L2,44B,25,34.64101615137755,26.0,1,24.5,0,25.5,44B
D3L2_60,D3L2,D3,L2,44B,25,34.64101615137755,27.0,1,24.5,0,25.5,44B
D2L3_58,D2L3,D2,L3,44B,21,34.64101615137755,28.0,1,20.5,1,23.0,44B
D2L3_59,D2L3,D2,L3,44B,21,34.64101615137755,29.0,1,23.5,0,25.5,44B
D2L3_60,D2L3,D2,L3,44B,21,34.64101615137755,30.0,1,24.5,0,25.5,44B
D1L3_58,D1L3,D1,L3,44B,17,34.64101615137755,31.0,1,24.5,0,25.5,44B
D1L3_59,D1L3,D1,L3,44B,17,34.64101615137755,32.0,1,24.5,0,25.5,44B
D1L3_60,D1L3,D1,L3,44B,17,34.64101615137755,33.0,1,15.0,1,16.0,44B
D3L2_61,D3L2,D3,L2,44B,16,35.50704155516199,22.5,0,25.5,0,25.5,44B
D3L2_62,D3L2,D3,L2,44B,16,35.50704155516199,23.5,1,22.0,0,25.5,44B
D3L2_63,D3L2,D3,L2,44B,16,35.50704155516199,24.5,0,25.5,0,25.5,44B
D2L1_106,D2L1,D2,L1,44B,12,35.50704155516199,25.5,0,25.5,0,25.5,44B
D2L1_107,D2L1,D2,L1,44B,12,35.50704155516199,26.5,0,25.5,0,25.5,44B
D2L1_108,D2L1,D2,L1,44B,12,35.50704155516199,27.5,0,6.0,0,6.0,44B
D2L1_109,D2L1,D2,L1,44B,8,35.50704155516199,28.5,0,9.5,0,9.5,44B
D2L1_110,D2L1,D2,L1,44B,8,35.50704155516199,29.5,1,22.0,0,25.5,44B
D2L1_111,D2L1,D2,L1,44B,8,35.50704155516199,30.5,0,25.5,0,25.5,44B
D3L3_76,D3L3,D3,L3,44B,4,35.50704155516199,31.5,0,25.5,0,25.5,44B
D3L3_77,D3L3,D3,L3,44B,4,35.50704155516199,32.5,1,11.5,1,12.0,44B
D3L3_78,D3L3,D3,L3,44B,4,35.50704155516199,33.5,1,15.0,1,18.5,44B
D3L2_64,D3L2,D3,L2,44B,16,36.373066958946424,22.0,0,25.5,0,25.5,44B
D3L2_65,D3L2,D3,L2,44B,16,36.373066958946424,23.0,0,25.5,0,25.5,44B
D3L2_66,D3L2,D3,L2,44B,16,36.373066958946424,24.0,1,22.5,0,25.5,44B
D2L1_112,D2L1,D2,L1,44B,12,36.373066958946424,25.0,0,25.5,0,25.5,44B
D2L1_113,D2L1,D2,L1,44B,12,36.373066958946424,26.0,0,25.5,0,25.5,44B
D2L1_114,D2L1,D2,L1,44B,12,36.373066958946424,27.0,1,23.5,0,25.5,44B
D2L1_115,D2L1,D2,L1,44B,8,36.373066958946424,28.0,1,22.5,0,25.5,44B
D2L1_116,D2L1,D2,L1,44B,8,36.373066958946424,29.0,0,25.5,0,25.5,44B
D2L1_117,D2L1,D2,L1,44B,8,36.373066958946424,30.0,0,25.5,0,25.5,44B
D3L3_79,D3L3,D3,L3,44B,4,36.373066958946424,31.0,1,22.0,1,23.0,44B
D3L3_80,D3L3,D3,L3,44B,4,36.373066958946424,32.0,1,12.5,1,14.0,44B
D3L3_81,D3L3,D3,L3,44B,4,36.373066958946424,33.0,1,7.0,1,17.5,44B
D3L2_67,D3L2,D3,L2,44B,16,37.239092362730865,22.5,1,11.0,1,12.5,44B
D3L2_68,D3L2,D3,L2,44B,16,37.239092362730865,23.5,0,25.5,0,25.5,44B
D3L2_69,D3L2,D3,L2,44B,16,37.239092362730865,24.5,1,20.5,1,23.0,44B
D2L1_118,D2L1,D2,L1,44B,12,37.239092362730865,25.5,0,25.5,0,25.5,44B
D2L1_119,D2L1,D2,L1,44B,12,37.239092362730865,26.5,0,25.5,0,25.5,44B
D2L1_120,D2L1,D2,L1,44B,12,37.239092362730865,27.5,0,25.5,0,25.5,44B
D2L1_121,D2L1,D2,L1,44B,8,37.239092362730865,28.5,1,18.0,1,18.5,44B
D2L1_122,D2L1,D2,L1,44B,8,37.239092362730865,29.5,0,25.5,0,25.5,44B
D2L1_123,D2L1,D2,L1,44B,8,37.239092362730865,30.5,0,25.5,0,25.5,44B
D3L3_82,D3L3,D3,L3,44B,4,37.239092362730865,31.5,1,23.5,1,25.5,44B
D3L3_83,D3L3,D3,L3,44B,4,37.239092362730865,32.5,0,25.5,0,25.5,44B
D3L3_84,D3L3,D3,L3,44B,4,37.239092362730865,33.5,1,15.0,1,17.5,44B
D3L2_70,D3L2,D3,L2,44B,16,38.105117766515306,22.0,1,23.0,0,25.5,44B
D3L2_71,D3L2,D3,L2,44B,16,38.105117766515306,23.0,1,16.5,1,18.0,44B
D3L2_72,D3L2,D3,L2,44B,16,38.105117766515306,24.0,0,25.5,0,25.5,44B
D2L1_124,D2L1,D2,L1,44B,12,38.105117766515306,25.0,1,24.5,0,25.5,44B
D2L1_125,D2L1,D2,L1,44B,12,38.105117766515306,26.0,1,24.5,0,25.5,44B
D2L1_126,D2L1,D2,L1,44B,12,38.105117766515306,27.0,0,25.5,0,25.5,44B
D2L1_127,D2L1,D2,L1,44B,8,38.105117766515306,28.0,1,13.0,1,14.5,44B
D2L1_128,D2L1,D2,L1,44B,8,38.105117766515306,29.0,1,21.5,0,25.5,44B
D2L1_129,D2L1,D2,L1,44B,8,38.105117766515306,30.0,0,25.5,0,25.5,44B
D3L3_85,D3L3,D3,L3,44B,4,38.105117766515306,31.0,1,14.0,1,15.5,44B
D3L3_86,D3L3,D3,L3,44B,4,38.105117766515306,32.0,1,9.5,1,10.5,44B
D3L3_87,D3L3,D3,L3,44B,4,38.105117766515306,33.0,1,11.5,1,12.0,44B
D3L2_73,D3L2,D3,L2,44B,16,38.97114317029974,22.5,0,25.5,0,25.5,44B
D3L2_74,D3L2,D3,L2,44B,16,38.97114317029974,23.5,1,23.5,0,25.5,44B
D3L2_75,D3L2,D3,L2,44B,16,38.97114317029974,24.5,0,25.5,0,25.5,44B
D2L1_130,D2L1,D2,L1,44B,12,38.97114317029974,25.5,0,25.5,0,25.5,44B
D2L1_131,D2L1,D2,L1,44B,12,38.97114317029974,26.5,0,25.5,0,25.5,44B
D2L1_132,D2L1,D2,L1,44B,12,38.97114317029974,27.5,0,25.5,0,25.5,44B
D2L1_133,D2L1,D2,L1,44B,8,38.97114317029974,28.5,0,25.5,0,25.5,44B
D2L1_134,D2L1,D2,L1,44B,8,38.97114317029974,29.5,1,16.0,1,16.5,44B
D2L1_135,D2L1,D2,L1,44B,8,38.97114317029974,30.5,0,25.5,0,25.5,44B
D3L3_88,D3L3,D3,L3,44B,4,38.97114317029974,31.5,1,25.5,0,25.5,44B
D3L3_89,D3L3,D3,L3,44B,4,38.97114317029974,32.5,1,13.0,1,15.5,44B
D3L3_90,D3L3,D3,L3,44B,4,38.97114317029974,33.5,1,20.5,1,22.5,44B
D5L3_61,D5L3,D5,L3,44B,15,39.83716857408418,22.0,1,14.5,1,16.5,44B
D5L3_62,D5L3,D5,L3,44B,15,39.83716857408418,23.0,1,11.5,1,15.5,44B
D5L3_63,D5L3,D5,L3,44B,15,39.83716857408418,24.0,0,25.5,0,25.5,44B
D2L2_61,D2L2,D2,L2,44B,11,39.83716857408418,25.0,0,25.5,0,25.5,44B
D2L2_62,D2L2,D2,L2,44B,11,39.83716857408418,26.0,0,25.5,0,25.5,44B
D2L2_63,D2L2,D2,L2,44B,11,39.83716857408418,27.0,1,24.0,0,25.5,44B
D2Y1_61,D2Y1,D2,Y1,44B,7,39.83716857408418,28.0,0,25.5,0,25.5,44B
D2Y1_62,D2Y1,D2,Y1,44B,7,39.83716857408418,29.0,0,25.5,0,25.5,44B
D2Y1_63,D2Y1,D2,Y1,44B,7,39.83716857408418,30.0,0,25.5,0,25.5,44B
D4L3_61,D4L3,D4,L3,44B,3,39.83716857408418,31.0,0,25.5,0,25.5,44B
D4L3_62,D4L3,D4,L3,44B,3,39.83716857408418,32.0,1,25.5,0,25.5,44B
D4L3_63,D4L3,D4,L3,44B,3,39.83716857408418,33.0,1,14.5,1,15.0,44B
D5L3_64,D5L3,D5,L3,44B,15,40.70319397786862,22.5,1,14.0,1,14.5,44B
D5L3_65,D5L3,D5,L3,44B,15,40.70319397786862,23.5,1,15.0,1,17.5,44B
D5L3_66,D5L3,D5,L3,44B,15,40.70319397786862,24.5,1,17.5,1,20.5,44B
D2L2_64,D2L2,D2,L2,44B,11,40.70319397786862,25.5,1,24.5,0,25.5,44B
D2L2_65,D2L2,D2,L2,44B,11,40.70319397786862,26.5,1,24.5,0,25.5,44B
D2L2_66,D2L2,D2,L2,44B,11,40.70319397786862,27.5,1,24.5,0,25.5,44B
D2Y1_64,D2Y1,D2,Y1,44B,7,40.70319397786862,28.5,1,23.5,0,25.5,44B
D2Y1_65,D2Y1,D2,Y1,44B,7,40.70319397786862,29.5,0,25.5,0,25.5,44B
D2Y1_66,D2Y1,D2,Y1,44B,7,40.70319397786862,30.5,1,24.5,0,25.5,44B
D4L3_64,D4L3,D4,L3,44B,3,40.70319397786862,31.5,1,19.5,1,22.0,44B
D4L3_65,D4L3,D4,L3,44B,3,40.70319397786862,32.5,1,12.0,1,14.0,44B
D4L3_66,D4L3,D4,L3,44B,3,40.70319397786862,33.5,1,22.5,0,25.5,44B
D5L3_67,D5L3,D5,L3,44B,15,41.569219381653056,22.0,1,15.5,1,19.5,44B
D5L3_68,D5L3,D5,L3,44B,15,41.569219381653056,23.0,0,9.5,0,9.5,44B
D5L3_69,D5L3,D5,L3,44B,15,41.569219381653056,24.0,1,17.5,1,21.0,44B
D2L2_67,D2L2,D2,L2,44B,11,41.569219381653056,25.0,1,10.5,0,25.5,44B
D2L2_68,D2L2,D2,L2,44B,11,41.569219381653056,26.0,0,25.5,0,25.5,44B
D2L2_69,D2L2,D2,L2,44B,11,41.569219381653056,27.0,1,17.0,1,19.5,44B
D2Y1_67,D2Y1,D2,Y1,44B,7,41.569219381653056,28.0,0,25.5,0,25.5,44B
D2Y1_68,D2Y1,D2,Y1,44B,7,41.569219381653056,29.0,0,25.5,0,25.5,44B
D2Y1_69,D2Y1,D2,Y1,44B,7,41.569219381653056,30.0,1,22.5,0,25.5,44B
D4L3_67,D4L3,D4,L3,44B,3,41.569219381653056,31.0,1,14.0,1,16.5,44B
D4L3_68,D4L3,D4,L3,44B,3,41.569219381653056,32.0,1,24.5,0,25.5,44B
D4L3_69,D4L3,D4,L3,44B,3,41.569219381653056,33.0,0,25.5,0,25.5,44B
D5L3_70,D5L3,D5,L3,44B,15,42.4352447854375,22.5,0,8.0,0,8.0,44B
D5L3_71,D5L3,D5,L3,44B,15,42.4352447854375,23.5,1,18.0,1,20.5,44B
D5L3_72,D5L3,D5,L3,44B,15,42.4352447854375,24.5,1,16.0,1,17.5,44B
D2L2_70,D2L2,D2,L2,44B,11,42.4352447854375,25.5,1,15.5,1,17.5,44B
D2L2_71,D2L2,D2,L2,44B,11,42.4352447854375,26.5,0,25.5,0,25.5,44B
D2L2_72,D2L2,D2,L2,44B,11,42.4352447854375,27.5,0,25.5,0,25.5,44B
D2Y1_70,D2Y1,D2,Y1,44B,7,42.4352447854375,28.5,0,25.5,0,25.5,44B
D2Y1_71,D2Y1,D2,Y1,44B,7,42.4352447854375,29.5,0,25.5,0,25.5,44B
D2Y1_72,D2Y1,D2,Y1,44B,7,42.4352447854375,30.5,0,25.5,0,25.5,44B
D4L3_70,D4L3,D4,L3,44B,3,42.4352447854375,31.5,1,25.5,0,25.5,44B
D4L3_71,D4L3,D4,L3,44B,3,42.4352447854375,32.5,1,23.0,1,24.5,44B
D4L3_72,D4L3,D4,L3,44B,3,42.4352447854375,33.5,0,25.5,0,25.5,44B
D5L3_73,D5L3,D5,L3,44B,15,43.30127018922194,22.0,0,7.5,0,7.5,44B
D5L3_74,D5L3,D5,L3,44B,15,43.30127018922194,23.0,0,25.5,0,25.5,44B
D5L3_75,D5L3,D5,L3,44B,15,43.30127018922194,24.0,1,18.0,1,21.0,44B
D2L2_73,D2L2,D2,L2,44B,11,43.30127018922194,25.0,0,13.0,0,13.0,44B
D2L2_74,D2L2,D2,L2,44B,11,43.30127018922194,26.0,0,25.5,0,25.5,44B
D2L2_75,D2L2,D2,L2,44B,11,43.30127018922194,27.0,0,25.5,0,25.5,44B
D2Y1_73,D2Y1,D2,Y1,44B,7,43.30127018922194,28.0,0,25.5,0,25.5,44B
D2Y1_74,D2Y1,D2,Y1,44B,7,43.30127018922194,29.0,0,25.5,0,25.5,44B
D2Y1_75,D2Y1,D2,Y1,44B,7,43.30127018922194,30.0,1,23.0,0,25.5,44B
D4L3_73,D4L3,D4,L3,44B,3,43.30127018922194,31.0,0,25.5,0,25.5,44B
D4L3_74,D4L3,D4,L3,44B,3,43.30127018922194,32.0,0,25.5,0,25.5,44B
D4L3_75,D4L3,D4,L3,44B,3,43.30127018922194,33.0,0,25.5,0,25.5,44B
D2L3_61,D2L3,D2,L3,44B,14,44.16729559300637,22.5,0,25.5,0,25.5,44B
D2L3_62,D2L3,D2,L3,44B,14,44.16729559300637,23.5,0,25.5,0,25.5,44B
D2L3_63,D2L3,D2,L3,44B,14,44.16729559300637,24.5,1,25.5,0,25.5,44B
D5L2_61,D5L2,D5,L2,44B,10,44.16729559300637,25.5,1,25.5,0,25.5,44B
D5L2_62,D5L2,D5,L2,44B,10,44.16729559300637,26.5,1,22.5,1,24.5,44B
D5L2_63,D5L2,D5,L2,44B,10,44.16729559300637,27.5,1,18.0,1,22.0,44B
D3Y1_121,D3Y1,D3,Y1,44B,6,44.16729559300637,28.5,0,25.5,0,25.5,44B
D3Y1_122,D3Y1,D3,Y1,44B,6,44.16729559300637,29.5,0,25.5,0,25.5,44B
D3Y1_123,D3Y1,D3,Y1,44B,6,44.16729559300637,30.5,1,15.5,1,18.0,44B
D1Y1_61,D1Y1,D1,Y1,44B,2,44.16729559300637,31.5,0,25.5,0,25.5,44B
D1Y1_62,D1Y1,D1,Y1,44B,2,44.16729559300637,32.5,0,25.5,0,25.5,44B
D1Y1_63,D1Y1,D1,Y1,44B,2,44.16729559300637,33.5,0,25.5,0,25.5,44B
D2L3_64,D2L3,D2,L3,44B,14,45.03332099679081,22.0,0,25.5,0,25.5,44B
D2L3_65,D2L3,D2,L3,44B,14,45.03332099679081,23.0,0,25.5,0,25.5,44B
D2L3_66,D2L3,D2,L3,44B,14,45.03332099679081,24.0,0,25.5,0,25.5,44B
D5L2_64,D5L2,D5,L2,44B,10,45.03332099679081,25.0,0,9.5,0,9.5,44B
D5L2_65,D5L2,D5,L2,44B,10,45.03332099679081,26.0,1,25.5,0,25.5,44B
D5L2_66,D5L2,D5,L2,44B,10,45.03332099679081,27.0,1,15.0,1,18.0,44B
D3Y1_124,D3Y1,D3,Y1,44B,6,45.03332099679081,28.0,0,25.5,0,25.5,44B
D3Y1_125,D3Y1,D3,Y1,44B,6,45.03332099679081,29.0,1,18.5,0,25.5,44B
D3Y1_126,D3Y1,D3,Y1,44B,6,45.03332099679081,30.0,0,25.5,0,25.5,44B
D1Y1_64,D1Y1,D1,Y1,44B,2,45.03332099679081,31.0,0,25.5,0,25.5,44B
D1Y1_65,D1Y1,D1,Y1,44B,2,45.03332099679081,32.0,0,25.5,0,25.5,44B
D1Y1_66,D1Y1,D1,Y1,44B,2,45.03332099679081,33.0,0,25.5,0,25.5,44B
D2L3_67,D2L3,D2,L3,44B,14,45.899346400575254,22.5,1,23.0,1,25.5,44B
D2L3_68,D2L3,D2,L3,44B,14,45.899346400575254,23.5,1,24.5,0,25.5,44B
D2L3_69,D2L3,D2,L3,44B,14,45.899346400575254,24.5,1,24.5,0,25.5,44B
D5L2_67,D5L2,D5,L2,44B,10,45.899346400575254,25.5,0,25.5,0,25.5,44B
D5L2_68,D5L2,D5,L2,44B,10,45.899346400575254,26.5,1,25.5,0,25.5,44B
D5L2_69,D5L2,D5,L2,44B,10,45.899346400575254,27.5,0,25.5,0,25.5,44B
D3Y1_127,D3Y1,D3,Y1,44B,6,45.899346400575254,28.5,0,25.5,0,25.5,44B
D3Y1_128,D3Y1,D3,Y1,44B,6,45.899346400575254,29.5,0,25.5,0,25.5,44B
D3Y1_129,D3Y1,D3,Y1,44B,6,45.899346400575254,30.5,1,25.5,0,25.5,44B
D1Y1_67,D1Y1,D1,Y1,44B,2,45.899346400575254,31.5,1,23.0,0,25.5,44B
D1Y1_68,D1Y1,D1,Y1,44B,2,45.899346400575254,32.5,1,17.0,1,18.0,44B
D1Y1_69,D1Y1,D1,Y1,44B,2,45.899346400575254,33.5,0,25.5,0,25.5,44B
D2L3_70,D2L3,D2,L3,44B,14,46.76537180435969,22.0,1,22.0,1,25.5,44B
D2L3_71,D2L3,D2,L3,44B,14,46.76537180435969,23.0,0,25.5,0,25.5,44B
D2L3_72,D2L3,D2,L3,44B,14,46.76537180435969,24.0,1,21.5,1,25.5,44B
D5L2_70,D5L2,D5,L2,44B,10,46.76537180435969,25.0,1,24.0,0,25.5,44B
D5L2_71,D5L2,D5,L2,44B,10,46.76537180435969,26.0,0,25.5,0,25.5,44B
D5L2_72,D5L2,D5,L2,44B,10,46.76537180435969,27.0,1,25.5,0,25.5,44B
D3Y1_130,D3Y1,D3,Y1,44B,6,46.76537180435969,28.0,0,25.5,0,25.5,44B
D3Y1_131,D3Y1,D3,Y1,44B,6,46.76537180435969,29.0,0,25.5,0,25.5,44B
D3Y1_132,D3Y1,D3,Y1,44B,6,46.76537180435969,30.0,0,25.5,0,25.5,44B
D1Y1_70,D1Y1,D1,Y1,44B,2,46.76537180435969,31.0,1,24.0,0,25.5,44B
D1Y1_71,D1Y1,D1,Y1,44B,2,46.76537180435969,32.0,1,19.0,1,23.0,44B
D1Y1_72,D1Y1,D1,Y1,44B,2,46.76537180435969,33.0,0,25.5,0,25.5,44B
D2L3_73,D2L3,D2,L3,44B,14,47.63139720814413,22.5,1,19.0,1,22.0,44B
D2L3_74,D2L3,D2,L3,44B,14,47.63139720814413,23.5,0,9.5,0,9.5,44B
D2L3_75,D2L3,D2,L3,44B,14,47.63139720814413,24.5,1,21.5,1,23.0,44B
D5L2_73,D5L2,D5,L2,44B,10,47.63139720814413,25.5,1,21.0,1,23.0,44B
D5L2_74,D5L2,D5,L2,44B,10,47.63139720814413,26.5,1,24.0,1,24.5,44B
D5L2_75,D5L2,D5,L2,44B,10,47.63139720814413,27.5,1,23.0,1,24.5,44B
D3Y1_133,D3Y1,D3,Y1,44B,6,47.63139720814413,28.5,1,24.5,0,25.5,44B
D3Y1_134,D3Y1,D3,Y1,44B,6,47.63139720814413,29.5,1,24.5,0,25.5,44B
D3Y1_135,D3Y1,D3,Y1,44B,6,47.63139720814413,30.5,1,24.0,0,25.5,44B
D1Y1_73,D1Y1,D1,Y1,44B,2,47.63139720814413,31.5,1,17.5,1,22.0,44B
D1Y1_74,D1Y1,D1,Y1,44B,2,47.63139720814413,32.5,0,8.0,0,8.0,44B
D1Y1_75,D1Y1,D1,Y1,44B,2,47.63139720814413,33.5,1,15.0,1,19.0,44B
D1L3_61,D1L3,D1,L3,44B,13,48.49742261192857,22.0,1,24.0,1,24.5,44B
D1L3_62,D1L3,D1,L3,44B,13,48.49742261192857,23.0,1,19.0,1,21.0,44B
D1L3_63,D1L3,D1,L3,44B,13,48.49742261192857,24.0,1,24.0,0,25.5,44B
D4L1_61,D4L1,D4,L1,44B,9,48.49742261192857,25.0,1,24.5,0,25.5,44B
D4L1_62,D4L1,D4,L1,44B,9,48.49742261192857,26.0,0,25.5,0,25.5,44B
D4L1_63,D4L1,D4,L1,44B,9,48.49742261192857,27.0,1,24.5,0,25.5,44B
D3Y1_136,D3Y1,D3,Y1,44B,5,48.49742261192857,28.0,0,25.5,0,25.5,44B
D3Y1_137,D3Y1,D3,Y1,44B,5,48.49742261192857,29.0,1,24.5,0,25.5,44B
D3Y1_138,D3Y1,D3,Y1,44B,5,48.49742261192857,30.0,1,23.0,0,25.5,44B
D3L1_61,D3L1,D3,L1,44B,1,48.49742261192857,31.0,1,20.5,0,25.5,44B
D3L1_62,D3L1,D3,L1,44B,1,48.49742261192857,32.0,1,24.5,0,25.5,44B
D3L1_63,D3L1,D3,L1,44B,1,48.49742261192857,33.0,0,9.5,0,9.5,44B
D1L3_64,D1L3,D1,L3,44B,13,49.363448015713004,22.5,1,24.5,0,25.5,44B
D1L3_65,D1L3,D1,L3,44B,13,49.363448015713004,23.5,1,15.0,1,15.5,44B
D1L3_66,D1L3,D1,L3,44B,13,49.363448015713004,24.5,0,25.5,0,25.5,44B
D4L1_64,D4L1,D4,L1,44B,9,49.363448015713004,25.5,1,24.0,0,25.5,44B
D4L1_65,D4L1,D4,L1,44B,9,49.363448015713004,26.5,1,25.5,0,25.5,44B
D4L1_66,D4L1,D4,L1,44B,9,49.363448015713004,27.5,0,25.5,0,25.5,44B
D3Y1_139,D3Y1,D3,Y1,44B,5,49.363448015713004,28.5,0,25.5,0,25.5,44B
D3Y1_140,D3Y1,D3,Y1,44B,5,49.363448015713004,29.5,1,15.0,1,15.5,44B
D3Y1_141,D3Y1,D3,Y1,44B,5,49.363448015713004,30.5,1,21.5,1,23.0,44B
D3L1_64,D3L1,D3,L1,44B,1,49.363448015713004,31.5,1,8.0,1,12.0,44B
D3L1_65,D3L1,D3,L1,44B,1,49.363448015713004,32.5,1,23.5,0,25.5,44B
D3L1_66,D3L1,D3,L1,44B,1,49.363448015713004,33.5,0,25.5,0,25.5,44B
D1L3_67,D1L3,D1,L3,44B,13,50.229473419497445,22.0,1,15.0,1,15.5,44B
D1L3_68,D1L3,D1,L3,44B,13,50.229473419497445,23.0,0,25.5,0,25.5,44B
D1L3_69,D1L3,D1,L3,44B,13,50.229473419497445,24.0,1,23.5,1,24.5,44B
D4L1_67,D4L1,D4,L1,44B,9,50.229473419497445,25.0,1,20.5,1,24.0,44B
D4L1_68,D4L1,D4,L1,44B,9,50.229473419497445,26.0,0,25.5,0,25.5,44B
D4L1_69,D4L1,D4,L1,44B,9,50.229473419497445,27.0,1,25.5,0,25.5,44B
D3Y1_142,D3Y1,D3,Y1,44B,5,50.229473419497445,28.0,1,22.5,0,25.5,44B
D3Y1_143,D3Y1,D3,Y1,44B,5,50.229473419497445,29.0,0,25.5,0,25.5,44B
D3Y1_144,D3Y1,D3,Y1,44B,5,50.229473419497445,30.0,0,25.5,0,25.5,44B
D3L1_67,D3L1,D3,L1,44B,1,50.229473419497445,31.0,1,24.0,0,25.5,44B
D3L1_68,D3L1,D3,L1,44B,1,50.229473419497445,32.0,1,12.0,1,14.5,44B
D3L1_69,D3L1,D3,L1,44B,1,50.229473419497445,33.0,1,25.5,0,25.5,44B
D1L3_70,D1L3,D1,L3,44B,13,51.095498823281886,22.5,1,22.5,0,25.5,44B
D1L3_71,D1L3,D1,L3,44B,13,51.095498823281886,23.5,0,25.5,0,25.5,44B
D1L3_72,D1L3,D1,L3,44B,13,51.095498823281886,24.5,1,25.5,0,25.5,44B
D4L1_70,D4L1,D4,L1,44B,9,51.095498823281886,25.5,0,25.5,0,25.5,44B
D4L1_71,D4L1,D4,L1,44B,9,51.095498823281886,26.5,1,24.5,0,25.5,44B
D4L1_72,D4L1,D4,L1,44B,9,51.095498823281886,27.5,0,25.5,0,25.5,44B
D3Y1_145,D3Y1,D3,Y1,44B,5,51.095498823281886,28.5,0,25.5,0,25.5,44B
D3Y1_146,D3Y1,D3,Y1,44B,5,51.095498823281886,29.5,0,25.5,0,25.5,44B
D3Y1_147,D3Y1,D3,Y1,44B,5,51.095498823281886,30.5,0,25.5,0,25.5,44B
D3L1_70,D3L1,D3,L1,44B,1,51.095498823281886,31.5,0,25.5,0,25.5,44B
D3L1_71,D3L1,D3,L1,44B,1,51.095498823281886,32.5,0,25.5,0,25.5,44B
D3L1_72,D3L1,D3,L1,44B,1,51.095498823281886,33.5,0,25.5,0,25.5,44B
D1L3_73,D1L3,D1,L3,44B,13,51.96152422706632,22.0,1,21.0,1,24.5,44B
D1L3_74,D1L3,D1,L3,44B,13,51.96152422706632,23.0,1,21.0,1,22.5,44B
D1L3_75,D1L3,D1,L3,44B,13,51.96152422706632,24.0,0,25.5,0,25.5,44B
D4L1_73,D4L1,D4,L1,44B,9,51.96152422706632,25.0,1,23.0,0,25.5,44B
D4L1_74,D4L1,D4,L1,44B,9,51.96152422706632,26.0,1,24.0,0,25.5,44B
D4L1_75,D4L1,D4,L1,44B,9,51.96152422706632,27.0,0,25.5,0,25.5,44B
D3Y1_148,D3Y1,D3,Y1,44B,5,51.96152422706632,28.0,0,25.5,0,25.5,44B
D3Y1_149,D3Y1,D3,Y1,44B,5,51.96152422706632,29.0,1,21.5,1,25.5,44B
D3Y1_150,D3Y1,D3,Y1,44B,5,51.96152422706632,30.0,0,25.5,0,25.5,44B
D3L1_73,D3L1,D3,L1,44B,1,51.96152422706632,31.0,0,25.5,0,25.5,44B
D3L1_74,D3L1,D3,L1,44B,1,51.96152422706632,32.0,1,13.5,1,15.5,44B
D3L1_75,D3L1,D3,L1,44B,1,51.96152422706632,33.0,0,25.5,0,25.5,44B
