a,b,parcel
D1L3_3,D1Y1_1,44A
D1Y1_1,D1Y1_4,44A
D1Y1_1,D1Y1_5,44A
D1L3_1,D1L3_2,44A
D1L3_2,D1L3_3,44A
D1L3_2,D1L3_6,44A
D1L3_2,D1L3_5,44A
D1L3_1,D1L3_4,44A
D1L3_1,D1L3_5,44A
D1L3_3,D1Y1_4,44A
D1L3_3,D1L3_6,44A
D1L3_6,D1L3_8,44A
D1L3_5,D1L3_8,44A
D1L3_7,D1L3_8,44A
D1L3_8,D1L3_9,44A
D1L3_6,D1Y1_4,44A
D1Y1_4,D1Y1_7,44A
D1Y1_4,D1Y1_5,44A
D1Y1_4,D1L3_9,44A
D1L3_5,D1L3_6,44A
D1L3_6,D1L3_9,44A
D1Y1_5,D1Y1_7,44A
D1L3_9,D1Y1_7,44A
D1L3_4,D1L3_5,44A
D1L3_4,D1L3_7,44A
D1L3_5,D1L3_7,44A
D1L3_8,D1L3_11,44A
D1L3_7,D1L3_11,44A
D1L3_7,D1L3_10,44A
D1L3_8,D1L3_12,44A
D1Y1_7,D1Y1_10,44A
D1Y1_7,D1Y1_11,44A
D1L3_9,D1L3_12,44A
D1L3_9,D1Y1_10,44A
D3L3_4,D3L3_5,44A
D3L3_2,D3L3_5,44A
D3L3_2,D3L3_4,44A
D3L3_1,D3L3_4,44A
D1L3_13,D1L3_14,44A
D1L3_11,D1L3_13,44A
D1L3_13,D3L3_2,44A
D1L3_10,D1L3_13,44A
D1L3_13,D3L3_1,44A
D1L3_11,D1L3_14,44A
D1L3_14,D3L3_2,44A
D1L3_10,D1L3_11,44A
D3L3_1,D3L3_2,44A
D3L3_3,D3L3_5,44A
D3L3_5,D3L3_6,44A
D1L3_14,D3L3_3,44A
D1L3_12,D1L3_14,44A
D1L3_14,D1L3_15,44A
D1L3_11,D1L3_12,44A
D3L3_2,D3L3_3,44A
D3L3_3,D3L3_6,44A
D1L3_15,D3L3_3,44A
D3L3_3,D4L1_1,44A
D1L3_12,D1L3_15,44A
D1L3_12,D1Y1_10,44A
D4L1_1,D3L3_6,44A
D3L3_6,D4L1_4,44A
D1Y1_10,D1L3_15,44A
D1L3_15,D4L1_1,44A
D1L3_15,D1Y1_13,44A
D1Y1_10,D1Y1_13,44A
D1Y1_10,D1Y1_11,44A
D1Y1_13,D4L1_1,44A
D4L1_1,D4L1_2,44A
D4L1_1,D4L1_4,44A
D1Y1_13,D4L1_2,44A
D1Y1_11,D1Y1_13,44A
D4L1_2,D4L1_4,44A
D1Y1_1,D1Y1_2,44A
D1Y1_7,D1Y1_8,44A
D1Y1_2,D1Y1_5,44A
D1Y1_5,D1Y1_6,44A
D1Y1_5,D1Y1_8,44A
D1Y1_8,D1Y1_11,44A
D1Y1_13,D1Y1_14,44A
D4L1_2,D4L1_3,44A
D4L1_2,D4L1_5,44A
D1Y1_14,D4L1_2,44A
D4L1_4,D4L1_5,44A
D1Y1_11,D1Y1_12,44A
D1Y1_11,D1Y1_14,44A
D1Y1_2,D1Y1_3,44A
D1Y1_2,D1Y1_6,44A
D3L1_2,D3L1_3,44A
D3L1_1,D3L1_2,44A
D3L1_2,D3L1_5,44A
D3L1_2,D3L1_6,44A
D3L1_3,D3L1_6,44A
D3L1_3,D3L2_4,44A
D1Y1_3,D3L1_1,44A
D3L1_1,D3L1_5,44A
D3L1_1,D3L1_4,44A
D1Y1_3,D1Y1_6,44A
D1Y1_3,D3L1_4,44A
D1Y1_6,D1Y1_9,44A
D1Y1_8,D1Y1_9,44A
D1Y1_9,D3L1_7,44A
D3L1_4,D1Y1_9,44A
D1Y1_6,D1Y1_8,44A
D1Y1_6,D3L1_4,44A
D3L1_5,D3L1_6,44A
D3L1_5,D3L1_7,44A
D3L1_4,D3L1_5,44A
D3L1_5,D3L1_8,44A
D3L1_6,D3L2_4,44A
D3L1_6,D3L1_9,44A
D3L1_6,D3L1_8,44A
D3L2_4,D3L1_9,44A
D3L1_4,D3L1_7,44A
D3L1_7,D3L1_8,44A
D3L1_8,D3L1_9,44A
D1Y1_9,D1Y1_12,44A
D1Y1_9,D3L1_10,44A
D1Y1_8,D1Y1_12,44A
D3L1_7,D3L1_10,44A
D3L1_7,D3L1_11,44A
D3L1_9,D3L2_10,44A
D3L1_9,D3L1_12,44A
D3L1_8,D3L1_11,44A
D3L1_8,D3L1_12,44A
D1Y1_12,D1Y1_15,44A
D1Y1_15,D4L1_3,44A
D1Y1_14,D1Y1_15,44A
D1Y1_15,D2L1_1,44A
D3L1_10,D1Y1_15,44A
D1Y1_15,D3L1_13,44A
D4L1_3,D4L1_6,44A
D4L1_5,D4L1_6,44A
D4L1_6,D2L1_4,44A
D2L1_1,D4L1_6,44A
D1Y1_12,D1Y1_14,44A
D1Y1_12,D3L1_10,44A
D4L1_3,D4L1_5,44A
D1Y1_14,D4L1_3,44A
D4L1_3,D2L1_1,44A
D2L1_1,D2L1_4,44A
D3L1_13,D2L1_1,44A
D3L1_10,D3L1_13,44A
D2L1_2,D2L1_4,44A
D2L1_4,D2L1_5,44A
D2L1_1,D2L1_2,44A
D3L1_10,D3L1_11,44A
D3L1_13,D2L1_2,44A
D3L1_13,D3L1_14,44A
D3L1_11,D3L1_13,44A
D3L1_14,D2L1_2,44A
D2L1_2,D2L1_5,44A
D2L1_2,D2L1_3,44A
D3L1_11,D3L1_14,44A
D3L1_14,D2L1_3,44A
D3L1_14,D3L1_15,44A
D3L1_12,D3L1_14,44A
D3L1_11,D3L1_12,44A
D2L1_3,D2L1_5,44A
D2L1_5,D2L1_6,44A
D2L1_3,D2L2_1,44A
D3L1_15,D2L1_3,44A
D2L1_3,D2L1_6,44A
D3L1_15,D2L2_1,44A
D2L2_1,D2L1_6,44A
D3L2_10,D3L1_15,44A
D3L1_12,D3L1_15,44A
D3L1_12,D3L2_10,44A
D3L3_5,D3L3_8,44A
D3L3_4,D3L3_7,44A
D3L3_4,D3L3_8,44A
D3L3_5,D3L3_9,44A
D3L3_6,D3L3_9,44A
D3L3_6,D4L1_7,44A
D4L1_4,D4L1_7,44A
D4L1_4,D4L1_8,44A
D4L1_5,D4L1_8,44A
D4L1_6,D4L1_9,44A
D4L1_6,D2L1_7,44A
D4L1_5,D4L1_9,44A
D2L1_4,D2L1_7,44A
D2L1_4,D2L1_8,44A
D2L1_5,D2L1_8,44A
D2L1_5,D2L1_9,44A
D2L1_6,D2L1_9,44A
D2L1_6,D2L2_7,44A
D3L3_8,D3L3_11,44A
D3L3_11,D3L3_14,44A
D3L3_10,D3L3_11,44A
D3L3_13,D3L3_16,44A
D3L3_14,D3L3_16,44A
D3L3_16,D3L3_17,44A
D3L3_13,D3L3_14,44A
D3L3_10,D3L3_13,44A
D3L3_7,D3L3_8,44A
D3L3_7,D3L3_10,44A
D3L3_8,D3L3_10,44A
D3L3_10,D3L3_14,44A
D3L3_14,D3L3_17,44A
D3L3_9,D3L3_11,44A
D3L3_11,D3L3_15,44A
D3L3_11,D3L3_12,44A
D3L3_8,D3L3_9,44A
D3L3_14,D3L3_15,44A
D3L3_15,D3L3_17,44A
D3L3_17,D3L3_18,44A
D3L3_9,D3L3_12,44A
D3L3_9,D4L1_7,44A
D3L3_15,D4L1_13,44A
D3L3_12,D3L3_15,44A
D3L3_15,D3L3_18,44A
D4L1_10,D4L1_13,44A
D3L3_12,D4L1_13,44A
D4L1_13,D3L3_18,44A
D4L1_13,D2Y1_1,44A
D4L1_13,D4L1_14,44A
D3L3_12,D4L1_10,44A
D4L1_7,D4L1_10,44A
D4L1_8,D4L1_10,44A
D4L1_10,D4L1_14,44A
D4L1_7,D3L3_12,44A
D4L1_7,D4L1_8,44A
D3L3_18,D2Y1_1,44A
D4L1_14,D2Y1_1,44A
D3L3_16,D3L3_20,44A
D3L3_16,D3L3_19,44A
D3L3_17,D3L3_20,44A
D3L3_17,D3L3_21,44A
D3L3_18,D3L3_21,44A
D3L3_18,D2Y1_4,44A
D2Y1_1,D2Y1_5,44A
D2Y1_1,D2Y1_4,44A
D3L3_26,D3L3_28,44A
D3L3_25,D3L3_26,44A
D3L3_22,D3L3_26,44A
D3L3_23,D3L3_26,44A
D3L3_26,D3L3_29,44A
D3L3_19,D3L3_20,44A
D3L3_20,D3L3_22,44A
D3L3_20,D3L3_23,44A
D3L3_25,D3L3_28,44A
D3L3_28,D3L3_29,44A
D3L3_19,D3L3_22,44A
D3L3_22,D3L3_25,44A
D3L3_22,D3L3_23,44A
D3L3_26,D3L3_27,44A
D3L3_20,D3L3_21,44A
D3L3_23,D3L3_27,44A
D3L3_21,D3L3_23,44A
D3L3_23,D3L3_24,44A
D3L3_27,D3L3_29,44A
D3L3_29,D3L3_30,44A
D3L3_24,D3L3_27,44A
D3L3_27,D3L3_30,44A
D3L3_27,D2Y1_10,44A
D3L3_21,D3L3_24,44A
D3L3_21,D2Y1_4,44A
D3L3_24,D2Y1_7,44A
D3L3_24,D2Y1_10,44A
D2Y1_4,D3L3_24,44A
D3L3_30,D2Y1_13,44A
D2Y1_10,D3L3_30,44A
D2Y1_10,D2Y1_13,44A
D2Y1_11,D2Y1_13,44A
D2Y1_5,D2Y1_7,44A
D2Y1_4,D2Y1_5,44A
D2Y1_7,D2Y1_10,44A
D2Y1_7,D2Y1_11,44A
D2Y1_4,D2Y1_7,44A
D2Y1_10,D2Y1_11,44A
D4L1_10,D4L1_11,44A
D2Y1_1,D2Y1_2,44A
D4L1_8,D4L1_11,44A
D4L1_8,D4L1_9,44A
D4L1_14,D2Y1_2,44A
D4L1_11,D4L1_14,44A
D4L1_14,D4L1_15,44A
D2Y1_2,D2Y1_5,44A
D2Y1_13,D2Y1_14,44A
D2Y1_5,D2Y1_8,44A
D2Y1_5,D2Y1_6,44A
D2Y1_7,D2Y1_8,44A
D2Y1_11,D2Y1_12,44A
D2Y1_11,D2Y1_14,44A
D2Y1_8,D2Y1_11,44A
D4L1_11,D4L1_12,44A
D4L1_9,D4L1_12,44A
D4L1_12,D4L1_15,44A
D2L1_7,D4L1_12,44A
D4L1_12,D2L1_13,44A
D4L1_12,D2L1_10,44A
D2Y1_2,D2Y1_3,44A
D4L1_15,D2Y1_2,44A
D4L1_9,D4L1_11,44A
D4L1_11,D4L1_15,44A
D4L1_15,D2Y1_3,44A
D2L1_13,D2Y1_3,44A
D2Y1_3,D3Y1_1,44A
D4L1_9,D2L1_7,44A
D4L1_15,D2L1_13,44A
D2L1_7,D2L1_10,44A
D2L1_10,D2L1_13,44A
D2L1_13,D3Y1_1,44A
D2L1_7,D2L1_8,44A
D2L1_13,D2L1_14,44A
D2L1_8,D2L1_10,44A
D2L1_10,D2L1_14,44A
D2L1_10,D2L1_11,44A
D2L1_14,D3Y1_1,44A
D3Y1_1,D3Y1_2,44A
D2L1_8,D2L1_11,44A
D2L1_8,D2L1_9,44A
D2L1_14,D3Y1_2,44A
D2L1_14,D2L1_15,44A
D2L1_11,D2L1_14,44A
D2L1_15,D3Y1_2,44A
D3Y1_2,D3Y1_3,44A
D2L1_11,D2L1_15,44A
D2L1_12,D2L1_15,44A
D2L1_15,D3Y1_3,44A
D2L1_15,D2L2_13,44A
D2L1_9,D2L1_11,44A
D2L1_11,D2L1_12,44A
D2L1_9,D2L1_12,44A
D2L1_9,D2L2_7,44A
D2L2_7,D2L1_12,44A
D2L1_12,D2L2_13,44A
D2L2_13,D3Y1_3,44A
D2Y1_2,D2Y1_6,44A
D2Y1_3,D2Y1_6,44A
D2Y1_3,D3Y1_7,44A
D3Y1_1,D3Y1_7,44A
D3Y1_1,D3Y1_8,44A
D3Y1_2,D3Y1_8,44A
D3Y1_2,D3Y1_9,44A
D3Y1_3,D3Y1_9,44A
D3Y1_3,D3Y1_10,44A
D2Y1_12,D2Y1_14,44A
D2Y1_8,D2Y1_12,44A
D2Y1_12,D3Y1_19,44A
D2Y1_12,D2Y1_15,44A
D2Y1_9,D2Y1_12,44A
D2Y1_14,D2Y1_15,44A
D2Y1_6,D2Y1_8,44A
D2Y1_8,D2Y1_9,44A
D2Y1_6,D3Y1_7,44A
D2Y1_6,D2Y1_9,44A
D3Y1_7,D2Y1_9,44A
D3Y1_7,D3Y1_13,44A
D3Y1_19,D2Y1_15,44A
D2Y1_9,D3Y1_19,44A
D3Y1_13,D3Y1_19,44A
D3Y1_19,D3Y1_25,44A
D2Y1_15,D3Y1_25,44A
D2Y1_9,D3Y1_13,44A
D3Y1_7,D3Y1_8,44A
D3Y1_19,D3Y1_20,44A
D3Y1_13,D3Y1_20,44A
D3Y1_8,D3Y1_13,44A
D3Y1_13,D3Y1_14,44A
D3Y1_20,D3Y1_25,44A
D3Y1_25,D3Y1_26,44A
D3Y1_20,D3Y1_26,44A
D3Y1_14,D3Y1_20,44A
D3Y1_20,D3Y1_21,44A
D3Y1_8,D3Y1_9,44A
D3Y1_8,D3Y1_14,44A
D3Y1_9,D3Y1_14,44A
D3Y1_9,D3Y1_15,44A
D3Y1_9,D3Y1_10,44A
D3Y1_26,D3Y1_27,44A
D3Y1_21,D3Y1_26,44A
D3Y1_14,D3Y1_15,44A
D3Y1_14,D3Y1_21,44A
D3Y1_15,D3Y1_22,44A
D3Y1_15,D3Y1_21,44A
D3Y1_10,D3Y1_15,44A
D3Y1_22,D3Y1_27,44A
D3Y1_21,D3Y1_27,44A
D3Y1_21,D3Y1_22,44A
D3L3_28,D5L2_1,44A
D3L3_28,D5L2_2,44A
D3L3_29,D5L2_2,44A
D3L3_29,D5L2_3,44A
D3L3_30,D5L2_3,44A
D3L3_30,D5L3_1,44A
D2Y1_13,D5L3_1,44A
D2Y1_13,D5L3_2,44A
D2Y1_14,D5L3_2,44A
D2Y1_14,D5L3_3,44A
D2Y1_15,D5L3_3,44A
D2Y1_15,D2L3_1,44A
D3Y1_25,D2L3_1,44A
D3Y1_25,D2L3_2,44A
D3Y1_26,D2L3_2,44A
D3Y1_26,D2L3_3,44A
D3Y1_27,D2L3_3,44A
D3Y1_27,D4L3_1,44A
D5L2_10,D5L2_11,44A
D5L2_8,D5L2_11,44A
D5L2_1,D5L2_4,44A
D5L2_4,D5L2_7,44A
D5L2_2,D5L2_4,44A
D5L2_4,D5L2_5,44A
D5L2_4,D5L2_8,44A
D5L2_1,D5L2_2,44A
D5L2_7,D5L2_10,44A
D5L2_7,D5L2_8,44A
D5L2_8,D5L2_10,44A
D5L2_2,D5L2_5,44A
D5L2_5,D5L2_8,44A
D5L2_9,D5L2_11,44A
D5L2_11,D5L2_12,44A
D5L2_2,D5L2_3,44A
D5L2_3,D5L2_5,44A
D5L2_5,D5L2_9,44A
D5L2_5,D5L2_6,44A
D5L2_8,D5L2_9,44A
D5L2_3,D5L2_6,44A
D5L2_3,D5L3_1,44A
D5L2_6,D5L2_9,44A
D5L2_9,D5L2_12,44A
D5L2_9,D5L3_7,44A
D5L3_1,D5L2_6,44A
D5L2_6,D5L3_4,44A
D5L2_6,D5L3_7,44A
D5L2_12,D5L3_10,44A
D5L3_7,D5L2_12,44A
D5L3_1,D5L3_2,44A
D5L3_1,D5L3_4,44A
D5L3_2,D5L3_4,44A
D5L3_7,D5L3_10,44A
D5L3_8,D5L3_10,44A
D5L3_4,D5L3_7,44A
D5L3_4,D5L3_8,44A
D5L3_7,D5L3_8,44A
D5L2_11,D5L2_14,44A
D5L2_10,D5L2_13,44A
D5L2_10,D5L2_14,44A
D5L2_11,D5L2_15,44A
D5L2_12,D5L2_15,44A
D5L2_12,D5L3_13,44A
D5L3_10,D5L3_13,44A
D5L3_10,D5L3_14,44A
D4L1_20,D4L1_23,44A
D4L1_22,D4L1_23,44A
D4L1_20,D4L1_22,44A
D4L1_16,D4L1_20,44A
D4L1_19,D4L1_20,44A
D4L1_17,D4L1_20,44A
D5L2_13,D5L2_14,44A
D5L2_13,D4L1_16,44A
D4L1_19,D4L1_22,44A
D5L2_14,D4L1_16,44A
D5L2_14,D4L1_17,44A
D4L1_16,D4L1_19,44A
D4L1_16,D4L1_17,44A
D4L1_21,D4L1_23,44A
D4L1_23,D4L1_24,44A
D4L1_20,D4L1_21,44A
D5L2_14,D5L2_15,44A
D5L2_15,D4L1_17,44A
D4L1_17,D4L1_21,44A
D4L1_17,D4L1_18,44A
D5L2_15,D4L1_18,44A
D5L2_15,D5L3_13,44A
D4L1_18,D4L1_21,44A
D4L1_21,D4L1_24,44A
D4L1_21,D5L3_19,44A
D5L3_13,D4L1_18,44A
D4L1_18,D5L3_19,44A
D4L1_18,D5L3_16,44A
D4L1_24,D5L3_22,44A
D5L3_19,D4L1_24,44A
D5L3_13,D5L3_16,44A
D5L3_13,D5L3_14,44A
D5L3_19,D5L3_22,44A
D5L3_20,D5L3_22,44A
D5L3_19,D5L3_20,44A
D5L3_16,D5L3_19,44A
D5L3_16,D5L3_20,44A
D5L3_14,D5L3_16,44A
D5L3_2,D5L3_3,44A
D5L3_2,D5L3_5,44A
D5L3_10,D5L3_11,44A
D5L3_4,D5L3_5,44A
D5L3_8,D5L3_9,44A
D5L3_8,D5L3_11,44A
D5L3_5,D5L3_8,44A
D5L3_11,D5L3_14,44A
D5L3_22,D5L3_23,44A
D5L3_20,D5L3_23,44A
D5L3_20,D5L3_21,44A
D5L3_17,D5L3_20,44A
D5L3_16,D5L3_17,44A
D5L3_14,D5L3_17,44A
D5L3_14,D5L3_15,44A
D5L3_6,D5L3_9,44A
D5L3_3,D5L3_6,44A
D5L3_5,D5L3_6,44A
D5L3_6,D2L3_4,44A
D5L3_6,D2L3_7,44A
D2L3_1,D5L3_6,44A
D5L3_9,D5L3_12,44A
D5L3_11,D5L3_12,44A
D2L3_7,D5L3_12,44A
D5L3_12,D2L3_10,44A
D5L3_9,D5L3_11,44A
D5L3_5,D5L3_9,44A
D5L3_9,D2L3_7,44A
D5L3_3,D5L3_5,44A
D5L3_3,D2L3_1,44A
D2L3_4,D2L3_7,44A
D2L3_1,D2L3_4,44A
D2L3_7,D2L3_10,44A
D2L3_4,D2L3_8,44A
D2L3_2,D2L3_4,44A
D2L3_4,D2L3_5,44A
D2L3_7,D2L3_8,44A
D2L3_8,D2L3_10,44A
D2L3_10,D2L3_11,44A
D2L3_1,D2L3_2,44A
D2L3_8,D2L3_11,44A
D2L3_5,D2L3_8,44A
D2L3_8,D2L3_9,44A
D2L3_2,D2L3_3,44A
D2L3_2,D2L3_5,44A
D2L3_3,D2L3_5,44A
D2L3_3,D4L3_1,44A
D2L3_3,D2L3_6,44A
D2L3_11,D2L3_12,44A
D2L3_9,D2L3_11,44A
D2L3_5,D2L3_6,44A
D2L3_5,D2L3_9,44A
D4L3_1,D2L3_6,44A
D2L3_9,D2L3_12,44A
D4L3_7,D2L3_12,44A
D2L3_6,D2L3_9,44A
D2L3_6,D4L3_7,44A
D2L3_9,D4L3_7,44A
D5L3_12,D2L3_13,44A
D5L3_12,D5L3_15,44A
D5L3_11,D5L3_15,44A
D2L3_10,D2L3_13,44A
D2L3_10,D2L3_14,44A
D2L3_11,D2L3_14,44A
D2L3_11,D2L3_15,44A
D2L3_12,D2L3_15,44A
D2L3_12,D4L3_13,44A
D5L3_15,D2L3_13,44A
D2L3_13,D5L3_18,44A
D2L3_13,D1Y1_16,44A
D5L3_21,D5L3_23,44A
D5L3_23,D5L3_24,44A
D5L3_17,D5L3_21,44A
D5L3_18,D5L3_21,44A
D5L3_21,D5L3_24,44A
D5L3_21,D1Y1_19,44A
D5L3_15,D5L3_17,44A
D5L3_17,D5L3_18,44A
D5L3_15,D5L3_18,44A
D5L3_18,D1Y1_19,44A
D5L3_18,D1Y1_16,44A
D1Y1_19,D5L3_24,44A
D5L3_24,D1Y1_22,44A
D1Y1_19,D1Y1_22,44A
D1Y1_16,D1Y1_19,44A
D2L3_13,D2L3_14,44A
D1Y1_19,D1Y1_20,44A
D1Y1_20,D1Y1_22,44A
D1Y1_22,D1Y1_23,44A
D2L3_14,D1Y1_16,44A
D1Y1_16,D1Y1_20,44A
D1Y1_16,D1Y1_17,44A
D2L3_14,D1Y1_17,44A
D2L3_14,D2L3_15,44A
D1Y1_20,D1Y1_23,44A
D1Y1_20,D1Y1_21,44A
D1Y1_17,D1Y1_20,44A
D1Y1_23,D1Y1_24,44A
D1Y1_21,D1Y1_23,44A
D1Y1_21,D1Y1_24,44A
D1L3_19,D1Y1_24,44A
D1Y1_21,D1L3_19,44A
D1Y1_18,D1Y1_21,44A
D1Y1_17,D1Y1_21,44A
D1Y1_18,D1L3_19,44A
D1Y1_17,D1Y1_18,44A
D2L3_15,D1Y1_18,44A
D4L3_13,D1Y1_18,44A
D2L3_15,D1Y1_17,44A
D2L3_15,D4L3_13,44A
D4L1_23,D4L1_26,44A
D4L1_22,D4L1_25,44A
D4L1_22,D4L1_26,44A
D4L1_23,D4L1_27,44A
D4L1_24,D4L1_27,44A
D4L1_24,D5L3_25,44A
D5L3_22,D5L3_26,44A
D5L3_22,D5L3_25,44A
D5L3_23,D5L3_26,44A
D5L3_23,D5L3_27,44A
D5L3_24,D5L3_27,44A
D5L3_24,D1Y1_25,44A
D1Y1_22,D1Y1_25,44A
D1Y1_22,D1Y1_26,44A
D1Y1_23,D1Y1_26,44A
D1Y1_23,D1Y1_27,44A
D1Y1_24,D1Y1_27,44A
D1Y1_24,D1L3_25,44A
D2L3_16,D2L3_19,44A
D2L3_19,D2L3_20,44A
D2L3_17,D2L3_19,44A
D4L1_25,D4L1_28,44A
D4L1_28,D2L3_16,44A
D4L1_26,D4L1_28,44A
D4L1_28,D4L1_29,44A
D4L1_28,D2L3_17,44A
D4L1_25,D4L1_26,44A
D2L3_16,D2L3_17,44A
D4L1_26,D4L1_29,44A
D4L1_29,D2L3_17,44A
D2L3_17,D2L3_20,44A
D4L1_26,D4L1_27,44A
D4L1_29,D2L3_18,44A
D4L1_27,D4L1_29,44A
D4L1_29,D4L1_30,44A
D2L3_18,D2L3_20,44A
D2L3_20,D2L3_21,44A
D2L3_17,D2L3_18,44A
D2L3_18,D2L3_21,44A
D2L3_18,D2L1_16,44A
D4L1_30,D2L3_18,44A
D4L1_27,D4L1_30,44A
D4L1_27,D5L3_25,44A
D2L3_21,D2L1_19,44A
D2L1_16,D2L3_21,44A
D2L1_17,D2L1_19,44A
D5L3_28,D2L1_17,44A
D2L1_16,D2L1_17,44A
D2L1_16,D2L1_19,44A
D5L3_28,D2L1_16,44A
D5L3_26,D5L3_28,44A
D4L1_30,D5L3_28,44A
D5L3_25,D5L3_28,44A
D4L1_30,D2L1_16,44A
D5L3_25,D5L3_26,44A
D5L3_25,D4L1_30,44A
D2L3_19,D2L3_22,44A
D2L3_19,D2L3_23,44A
D2L3_20,D2L3_23,44A
D2L3_20,D2L3_24,44A
D2L3_21,D2L3_24,44A
D2L3_21,D2L1_22,44A
D2L1_19,D2L1_22,44A
D2L1_19,D2L1_23,44A
D3Y1_31,D3Y1_32,44A
D2L3_29,D3Y1_32,44A
D2L3_22,D2L3_23,44A
D2L3_22,D2L3_25,44A
D2L3_23,D2L3_26,44A
D2L3_23,D2L3_25,44A
D2L3_29,D3Y1_31,44A
D2L3_28,D3Y1_31,44A
D2L3_26,D2L3_29,44A
D2L3_25,D2L3_26,44A
D2L3_28,D2L3_29,44A
D2L3_25,D2L3_29,44A
D2L3_25,D2L3_28,44A
D2L3_30,D3Y1_32,44A
D3Y1_32,D3Y1_33,44A
D2L3_23,D2L3_24,44A
D2L3_24,D2L3_26,44A
D2L3_26,D2L3_30,44A
D2L3_26,D2L3_27,44A
D2L3_29,D2L3_30,44A
D2L3_24,D2L3_27,44A
D2L3_24,D2L1_22,44A
D2L3_30,D3Y1_33,44A
D2L3_27,D2L3_30,44A
D2L3_30,D2L1_28,44A
D2L1_28,D3Y1_33,44A
D3Y1_33,D2L1_31,44A
D2L3_27,D2L1_25,44A
D2L1_22,D2L3_27,44A
D2L3_27,D2L1_28,44A
D2L1_22,D2L1_25,44A
D2L1_25,D2L1_28,44A
D2L1_25,D2L1_29,44A
D2L1_23,D2L1_25,44A
D2L1_22,D2L1_23,44A
D2L1_28,D2L1_31,44A
D2L1_28,D2L1_29,44A
D2L1_29,D2L1_31,44A
D2L1_17,D2L1_18,44A
D2L1_17,D2L1_20,44A
D5L3_29,D2L1_17,44A
D2L1_19,D2L1_20,44A
D5L3_28,D5L3_29,44A
D5L3_26,D5L3_29,44A
D5L3_26,D5L3_27,44A
D2L1_20,D2L1_23,44A
D2L1_25,D2L1_26,44A
D2L1_31,D2L1_32,44A
D2L1_29,D2L1_32,44A
D2L1_26,D2L1_29,44A
D2L1_29,D2L1_30,44A
D2L1_23,D2L1_26,44A
D2L1_23,D2L1_24,44A
D2L1_18,D2L1_20,44A
D5L3_29,D2L1_18,44A
D2L1_18,D5L2_16,44A
D5L3_30,D2L1_18,44A
D2L1_18,D2L1_21,44A
D2L1_20,D2L1_21,44A
D5L3_27,D5L3_29,44A
D5L3_29,D5L3_30,44A
D5L3_27,D5L3_30,44A
D5L3_27,D1Y1_25,44A
D5L3_30,D5L2_16,44A
D5L2_16,D2L1_21,44A
D1Y1_28,D5L2_16,44A
D5L2_16,D5L2_19,44A
D5L3_30,D1Y1_28,44A
D1Y1_25,D5L3_30,44A
D2L1_21,D5L2_19,44A
D1Y1_25,D1Y1_28,44A
D5L2_16,D5L2_17,44A
D1Y1_28,D5L2_17,44A
D1Y1_26,D1Y1_28,44A
D1Y1_28,D1Y1_29,44A
D1Y1_25,D1Y1_26,44A
D5L2_17,D5L2_19,44A
D5L2_19,D5L2_20,44A
D5L2_17,D5L2_20,44A
D5L2_17,D5L2_18,44A
D1Y1_29,D5L2_17,44A
D1Y1_26,D1Y1_27,44A
D1Y1_26,D1Y1_29,44A
D5L2_18,D5L2_20,44A
D5L2_20,D5L2_21,44A
D1Y1_29,D5L2_18,44A
D1Y1_30,D5L2_18,44A
D5L2_18,D5L2_21,44A
D5L2_18,D2L2_16,44A
D1Y1_27,D1Y1_29,44A
D1Y1_27,D1Y1_30,44A
D1Y1_27,D1L3_25,44A
D1Y1_29,D1Y1_30,44A
D1Y1_30,D2L2_16,44A
D1L3_25,D1Y1_30,44A
D2L2_16,D5L2_21,44A
D2L1_20,D2L1_24,44A
D2L1_21,D5L2_22,44A
D2L1_21,D2L1_24,44A
D5L2_19,D5L2_22,44A
D5L2_19,D5L2_23,44A
D5L2_20,D5L2_23,44A
D5L2_20,D5L2_24,44A
D5L2_21,D5L2_24,44A
D5L2_21,D2L2_22,44A
D5L2_22,D2L1_27,44A
D2L1_24,D5L2_22,44A
D5L2_22,D5L2_25,44A
D2L1_30,D2L1_32,44A
D2L1_32,D2L1_33,44A
D2L1_26,D2L1_27,44A
D2L1_24,D2L1_26,44A
D2L1_26,D2L1_30,44A
D2L1_24,D2L1_27,44A
D2L1_27,D5L2_28,44A
D2L1_27,D2L1_30,44A
D2L1_27,D5L2_25,44A
D2L1_30,D5L2_28,44A
D5L2_28,D2L1_33,44A
D5L2_28,D3Y1_34,44A
D5L2_25,D5L2_28,44A
D2L1_30,D2L1_33,44A
D2L1_33,D3Y1_34,44A
D5L2_22,D5L2_23,44A
D5L2_28,D5L2_29,44A
D5L2_29,D3Y1_34,44A
D3Y1_34,D3Y1_35,44A
D5L2_23,D5L2_25,44A
D5L2_25,D5L2_29,44A
D5L2_25,D5L2_26,44A
D5L2_23,D5L2_26,44A
D5L2_23,D5L2_24,44A
D5L2_26,D5L2_29,44A
D5L2_29,D3Y1_35,44A
D5L2_29,D5L2_30,44A
D5L2_24,D5L2_26,44A
D5L2_26,D5L2_30,44A
D5L2_26,D5L2_27,44A
D5L2_24,D5L2_27,44A
D5L2_24,D2L2_22,44A
D5L2_30,D3Y1_35,44A
D3Y1_35,D3Y1_36,44A
D5L2_30,D2L2_28,44A
D5L2_27,D5L2_30,44A
D5L2_30,D3Y1_36,44A
D5L2_27,D2L2_28,44A
D2L2_28,D3Y1_36,44A
D2L2_22,D5L2_27,44A
D3L1_3,D3L2_1,44A
D3L2_1,D3L2_4,44A
D3L2_4,D3L2_7,44A
D3L2_4,D3L2_5,44A
D3L1_9,D3L2_7,44A
D2L2_1,D2L2_2,44A
D3L2_13,D2L2_1,44A
D2L2_1,D2L2_4,44A
D3L1_15,D3L2_13,44A
D2L1_6,D2L2_4,44A
D3L2_7,D3L2_10,44A
D3L2_10,D3L2_13,44A
D3L2_10,D3L2_11,44A
D2L1_12,D2L2_10,44A
D3Y1_3,D3Y1_4,44A
D2L2_7,D2L2_8,44A
D2L2_7,D2L2_10,44A
D2L2_4,D2L2_7,44A
D2L2_13,D3Y1_4,44A
D2L2_10,D2L2_13,44A
D2L2_13,D2L2_14,44A
D3Y1_15,D3Y1_16,44A
D3Y1_16,D3Y1_22,44A
D3Y1_4,D3Y1_10,44A
D3Y1_10,D3Y1_16,44A
D3Y1_10,D3Y1_11,44A
D3Y1_27,D3Y1_28,44A
D3Y1_22,D3Y1_28,44A
D3Y1_22,D3Y1_23,44A
D3Y1_28,D4L3_1,44A
D4L3_1,D4L3_2,44A
D4L3_1,D4L3_4,44A
D2L3_12,D4L3_10,44A
D2L3_6,D4L3_4,44A
D4L3_4,D4L3_7,44A
D4L3_7,D4L3_10,44A
D4L3_7,D4L3_8,44A
D4L3_10,D4L3_13,44A
D4L3_13,D4L3_14,44A
D1Y1_24,D1L3_22,44A
D1L3_19,D1L3_22,44A
D1L3_16,D1L3_19,44A
D1L3_19,D1L3_20,44A
D1Y1_18,D1L3_16,44A
D4L3_13,D1L3_16,44A
D1Y1_30,D1L3_28,44A
D5L2_21,D2L2_19,44A
D2L2_16,D2L2_17,44A
D1L3_28,D2L2_16,44A
D2L2_16,D2L2_19,44A
D1L3_22,D1L3_25,44A
D1L3_25,D1L3_28,44A
D1L3_25,D1L3_26,44A
D2L2_28,D3L1_16,44A
D2L2_25,D2L2_28,44A
D2L2_28,D2L2_29,44A
D5L2_27,D2L2_25,44A
D3Y1_36,D3L1_16,44A
D2L2_22,D2L2_23,44A
D2L2_22,D2L2_25,44A
D2L2_19,D2L2_22,44A
D2L2_8,D2L2_10,44A
D2L2_4,D2L2_8,44A
D3Y1_4,D3Y1_11,44A
D2L2_14,D3Y1_4,44A
D3L2_1,D3L2_5,44A
D3L2_13,D2L2_2,44A
D2L2_2,D2L2_4,44A
D2L2_10,D2L2_14,44A
D3L2_5,D3L2_7,44A
D3L2_7,D3L2_11,44A
D3L2_11,D3L2_13,44A
D3Y1_11,D3Y1_16,44A
D2L2_5,D2L2_8,44A
D3L2_1,D3L2_2,44A
D2L2_2,D2L2_5,44A
D3L2_14,D2L2_2,44A
D2L2_2,D2L2_3,44A
D3L2_7,D3L2_8,44A
D3L2_13,D3L2_14,44A
D3L2_5,D3L2_6,44A
D3L2_2,D3L2_5,44A
D3L2_5,D3L2_8,44A
D2L2_4,D2L2_5,44A
D3L2_11,D3L2_14,44A
D3L2_11,D3L2_12,44A
D3L2_8,D3L2_11,44A
D2L2_8,D2L2_9,44A
D2L2_8,D2L2_11,44A
D3Y1_4,D3Y1_5,44A
D2L2_10,D2L2_11,44A
D3Y1_16,D3Y1_17,44A
D3Y1_11,D3Y1_12,44A
D3Y1_5,D3Y1_11,44A
D3Y1_11,D3Y1_17,44A
D2L2_11,D2L2_14,44A
D2L2_14,D2L2_15,44A
D2L2_14,D3Y1_5,44A
D3L2_3,D3L2_6,44A
D3L2_2,D3L2_6,44A
D3L2_6,D3L2_8,44A
D3L2_6,D3L2_9,44A
D3L2_2,D3L2_3,44A
D2L2_5,D2L2_6,44A
D2L2_3,D2L2_5,44A
D3L2_14,D3L2_15,44A
D3L2_12,D3L2_15,44A
D3L2_15,D2L2_3,44A
D3L2_12,D3L2_14,44A
D3L2_14,D2L2_3,44A
D2L2_3,D2L2_6,44A
D3L2_8,D3L2_12,44A
D3L2_9,D3L2_12,44A
D3L2_8,D3L2_9,44A
D2L2_5,D2L2_9,44A
D2L2_6,D2L2_9,44A
D2L2_9,D2L2_12,44A
D2L2_9,D2L2_11,44A
D2L2_11,D2L2_12,44A
D2L2_12,D2L2_15,44A
D2L2_11,D2L2_15,44A
D3Y1_91,D3Y1_92,44B
D2L2_15,D3Y1_6,44A
D3Y1_6,D3Y1_12,44A
D3Y1_5,D3Y1_6,44A
D2L2_15,D3Y1_5,44A
D3Y1_12,D3Y1_18,44A
D3Y1_17,D3Y1_18,44A
D3Y1_5,D3Y1_12,44A
D3Y1_12,D3Y1_17,44A
D3Y1_16,D3Y1_23,44A
D3Y1_18,D3Y1_24,44A
D3Y1_17,D3Y1_24,44A
D3Y1_17,D3Y1_23,44A
D3Y1_92,D3Y1_96,44B
D3Y1_92,D3Y1_95,44B
D3Y1_91,D3Y1_94,44B
D3Y1_91,D3Y1_95,44B
D3Y1_29,D3Y1_30,44A
D3Y1_24,D3Y1_30,44A
D3Y1_30,D4L3_3,44A
D3Y1_24,D3Y1_29,44A
D3Y1_28,D3Y1_29,44A
D3Y1_23,D3Y1_29,44A
D3Y1_29,D4L3_2,44A
D3Y1_29,D4L3_3,44A
D3Y1_23,D3Y1_24,44A
D3Y1_23,D3Y1_28,44A
D3Y1_28,D4L3_2,44A
D4L3_2,D4L3_3,44A
D4L3_2,D4L3_4,44A
D4L3_2,D4L3_5,44A
D4L3_3,D4L3_6,44A
D4L3_3,D4L3_5,44A
D4L3_6,D4L3_9,44A
D4L3_5,D4L3_6,44A
D4L3_4,D4L3_5,44A
D4L3_4,D4L3_8,44A
D4L3_5,D4L3_9,44A
D4L3_9,D4L3_11,44A
D4L3_9,D4L3_12,44A
D4L3_8,D4L3_9,44A
D4L3_5,D4L3_8,44A
D4L3_10,D4L3_11,44A
D4L3_11,D4L3_14,44A
D4L3_11,D4L3_12,44A
D4L3_11,D4L3_15,44A
D4L3_8,D4L3_11,44A
D4L3_10,D4L3_14,44A
D4L3_8,D4L3_10,44A
D4L3_14,D4L3_15,44A
D4L3_12,D4L3_15,44A
D3Y1_100,D3Y1_101,44B
D3Y1_97,D3Y1_100,44B
D3Y1_101,D3Y1_102,44B
D3Y1_98,D3Y1_102,44B
D3Y1_94,D3Y1_95,44B
D3Y1_94,D3Y1_97,44B
D3Y1_95,D3Y1_96,44B
D3Y1_96,D3Y1_98,44B
D3Y1_97,D3Y1_101,44B
D3Y1_98,D3Y1_101,44B
D3Y1_95,D3Y1_97,44B
D3Y1_95,D3Y1_98,44B
D3Y1_97,D3Y1_98,44B
D3Y1_100,D3Y1_103,44B
D3Y1_102,D3Y1_104,44B
D3Y1_101,D3Y1_104,44B
D3Y1_101,D3Y1_103,44B
D3Y1_103,D3Y1_104,44B
D3Y1_104,D5L3_48,44B
D3Y1_104,D5L3_47,44B
D3Y1_103,D5L3_46,44B
D3Y1_103,D5L3_47,44B
D5L3_46,D5L3_47,44B
D5L3_46,D5L3_49,44B
D5L3_49,D5L3_52,44B
D5L3_52,D5L3_53,44B
D5L3_47,D5L3_48,44B
D5L3_48,D5L3_50,44B
D5L3_47,D5L3_50,44B
D5L3_47,D5L3_49,44B
D5L3_50,D5L3_54,44B
D5L3_49,D5L3_50,44B
D5L3_50,D5L3_53,44B
D5L3_53,D5L3_54,44B
D5L3_49,D5L3_53,44B
D3Y1_92,D3Y1_93,44B
D3Y1_102,D2L1_94,44B
D3Y1_99,D3Y1_102,44B
D3Y1_93,D3Y1_96,44B
D3Y1_96,D3Y1_99,44B
D3Y1_96,D2L1_82,44B
D3Y1_98,D3Y1_99,44B
D3Y1_102,D3Y1_105,44B
D3Y1_104,D3Y1_105,44B
D3Y1_105,D5L3_48,44B
D5L3_48,D5L3_51,44B
D5L3_48,D3L3_61,44B
D5L3_50,D5L3_51,44B
D5L3_51,D5L3_54,44B
D5L3_54,D3L3_67,44B
D2L1_88,D2L1_94,44B
D3Y1_99,D2L1_88,44B
D2L1_82,D2L1_88,44B
D2L1_83,D2L1_88,44B
D2L1_88,D2L1_95,44B
D3Y1_93,D2L1_76,44B
D2L1_76,D2L1_82,44B
D2L1_76,D2L1_83,44B
D3Y1_99,D2L1_94,44B
D2L1_94,D2L1_95,44B
D3Y1_93,D2L1_82,44B
D2L1_82,D3Y1_99,44B
D2L1_82,D2L1_83,44B
D2L1_88,D2L1_89,44B
D2L1_76,D2L1_77,44B
D2L1_77,D2L1_83,44B
D2L1_83,D2L1_89,44B
D2L1_83,D2L1_84,44B
D2L1_89,D2L1_95,44B
D2L1_95,D2L1_96,44B
D2L1_77,D2L1_84,44B
D2L1_77,D2L1_78,44B
D2L1_89,D2L1_96,44B
D2L1_89,D2L1_90,44B
D2L1_84,D2L1_89,44B
D2L1_90,D2L1_96,44B
D2L1_96,D2L1_97,44B
D2L1_84,D2L1_90,44B
D2L1_85,D2L1_90,44B
D2L1_90,D2L1_97,44B
D2L1_90,D2L1_91,44B
D2L1_84,D2L1_85,44B
D2L1_78,D2L1_84,44B
D2L1_79,D2L1_85,44B
D2L1_78,D2L1_85,44B
D2L1_85,D2L1_91,44B
D2L1_91,D2L1_97,44B
D2L1_78,D2L1_79,44B
D2L1_94,D3Y1_105,44B
D2L1_94,D2L1_100,44B
D2L1_95,D2L1_100,44B
D2L1_95,D2L1_101,44B
D2L1_96,D2L1_101,44B
D2L1_96,D2L1_102,44B
D2L1_97,D2L1_102,44B
D2L1_97,D2L1_103,44B
D5L3_51,D3L3_64,44B
D3L3_64,D3L3_67,44B
D3L3_61,D3L3_64,44B
D3L3_64,D3L3_68,44B
D3L3_62,D3L3_64,44B
D3Y1_105,D3L3_61,44B
D3Y1_105,D2L1_100,44B
D5L3_51,D3L3_67,44B
D3L3_61,D5L3_51,44B
D3L3_67,D3L3_68,44B
D2L1_100,D3L3_61,44B
D3L3_61,D3L3_62,44B
D2L1_100,D3L3_62,44B
D3L3_64,D3L3_65,44B
D2L1_100,D2L1_101,44B
D3L3_65,D3L3_68,44B
D3L3_68,D3L3_69,44B
D3L3_62,D3L3_65,44B
D2L1_101,D3L3_62,44B
D3L3_62,D3L3_63,44B
D3L3_65,D3L3_69,44B
D3L3_63,D3L3_65,44B
D3L3_65,D3L3_66,44B
D2L1_101,D3L3_63,44B
D2L1_101,D2L1_102,44B
D3L3_69,D2L2_52,44B
D3L3_66,D3L3_69,44B
D3L3_63,D3L3_66,44B
D3L3_63,D2L2_46,44B
D2L1_102,D3L3_63,44B
D3L3_66,D2L2_52,44B
D2L2_49,D2L2_52,44B
D3L3_66,D2L2_49,44B
D2L2_46,D3L3_66,44B
D2L2_46,D2L2_49,44B
D2L1_102,D2L2_46,44B
D2L1_103,D2L2_46,44B
D2L1_102,D2L1_103,44B
D2L1_85,D2L1_86,44B
D2L1_97,D2L1_98,44B
D2L1_79,D2L1_86,44B
D2L1_79,D2L1_80,44B
D2L1_86,D2L1_91,44B
D2L1_91,D2L1_92,44B
D2L1_91,D2L1_98,44B
D2L1_98,D2L1_103,44B
D2L2_52,D2L2_53,44B
D2L2_49,D2L2_53,44B
D2L2_49,D2L2_50,44B
D2L2_47,D2L2_49,44B
D2L2_46,D2L2_47,44B
D2L1_103,D2L2_47,44B
D2L1_103,D2L1_104,44B
D2L1_81,D4L1_49,44B
D4L1_49,D2L1_93,44B
D2L1_87,D4L1_49,44B
D2L1_80,D2L1_81,44B
D2L1_81,D2L1_87,44B
D2L1_80,D2L1_86,44B
D2L1_86,D2L1_92,44B
D2L1_86,D2L1_87,44B
D2L1_80,D2L1_87,44B
D2L1_92,D2L1_99,44B
D2L1_92,D2L1_93,44B
D2L1_92,D2L1_98,44B
D2L1_87,D2L1_92,44B
D2L1_93,D2L1_99,44B
D2L1_98,D2L1_99,44B
D2L1_99,D4L1_55,44B
D2L1_87,D2L1_93,44B
D2L1_93,D4L1_55,44B
D4L1_46,D4L1_49,44B
D4L1_49,D4L1_50,44B
D4L1_49,D4L1_52,44B
D2L1_81,D4L1_46,44B
D2L1_93,D4L1_52,44B
D4L1_52,D4L1_55,44B
D4L1_55,D4L1_56,44B
D4L1_46,D4L1_50,44B
D4L1_46,D4L1_47,44B
D4L1_50,D4L1_52,44B
D4L1_50,D4L1_53,44B
D4L1_50,D4L1_51,44B
D4L1_47,D4L1_50,44B
D4L1_52,D4L1_53,44B
D4L1_52,D4L1_56,44B
D4L1_53,D4L1_56,44B
D4L1_51,D4L1_53,44B
D4L1_53,D4L1_54,44B
D4L1_53,D4L1_57,44B
D4L1_56,D4L1_57,44B
D4L1_48,D4L1_51,44B
D4L1_47,D4L1_51,44B
D4L1_51,D4L1_54,44B
D4L1_47,D4L1_48,44B
D4L1_54,D4L1_57,44B
D2L1_99,D2L1_104,44B
D2L1_99,D2L1_105,44B
D2L1_98,D2L1_104,44B
D4L1_55,D2L1_105,44B
D4L1_55,D4L1_58,44B
D4L1_56,D4L1_58,44B
D4L1_56,D4L1_59,44B
D4L1_57,D4L1_59,44B
D4L1_57,D4L1_60,44B
D2L2_53,D2L2_54,44B
D2L2_50,D2L2_54,44B
D2L2_51,D2L2_54,44B
D2L2_54,D4L3_52,44B
D2L2_50,D2L2_53,44B
D2L2_47,D2L2_50,44B
D2L2_48,D2L2_50,44B
D2L2_50,D2L2_51,44B
D2L1_104,D2L2_47,44B
D2L2_47,D2L2_48,44B
D2L1_104,D2L2_48,44B
D2L1_104,D2L1_105,44B
D2L2_48,D4L3_46,44B
D2L1_105,D2L2_48,44B
D2L2_48,D2L2_51,44B
D2L1_105,D4L3_46,44B
D4L3_46,D2L2_51,44B
D2L2_51,D4L3_52,44B
D4L3_46,D4L3_49,44B
D4L1_58,D4L3_46,44B
D4L3_46,D4L3_47,44B
D2L1_105,D4L1_58,44B
D2L2_51,D4L3_49,44B
D4L3_49,D4L3_52,44B
D4L3_52,D4L3_53,44B
D4L3_49,D4L3_50,44B
D4L3_47,D4L3_49,44B
D4L3_49,D4L3_53,44B
D4L3_50,D4L3_51,44B
D4L3_47,D4L3_50,44B
D4L3_48,D4L3_50,44B
D4L3_50,D4L3_54,44B
D4L3_50,D4L3_53,44B
D4L3_48,D4L3_51,44B
D4L3_51,D4L3_54,44B
D4L1_58,D4L3_47,44B
D4L1_58,D4L1_59,44B
D4L3_47,D4L3_48,44B
D4L1_59,D4L3_47,44B
D4L1_59,D4L3_48,44B
D4L1_60,D4L3_48,44B
D4L3_53,D4L3_54,44B
D4L1_59,D4L1_60,44B
D4L3_14,D1L3_16,44A
D4L3_14,D1L3_17,44A
D4L3_15,D1L3_17,44A
D4L3_15,D1L3_18,44A
D5L3_52,D5L3_55,44B
D5L3_54,D5L3_56,44B
D5L3_53,D5L3_55,44B
D5L3_53,D5L3_56,44B
D5L3_54,D5L3_57,44B
D3L3_67,D5L3_57,44B
D3L3_67,D3L3_70,44B
D3L3_68,D3L3_70,44B
D3L3_68,D3L3_71,44B
D3L3_69,D3L3_72,44B
D3L3_69,D3L3_71,44B
D2L2_52,D2L2_55,44B
D2L2_52,D3L3_72,44B
D2L2_54,D2L2_56,44B
D2L2_53,D2L2_56,44B
D2L2_53,D2L2_55,44B
D2L2_54,D2L2_57,44B
D4L3_52,D4L3_55,44B
D4L3_52,D2L2_57,44B
D4L3_53,D4L3_55,44B
D4L3_54,D4L3_56,44B
D4L3_54,D4L3_57,44B
D4L3_53,D4L3_56,44B
D2L2_23,D2L2_25,44A
D2L2_19,D2L2_23,44A
D2L2_29,D3L1_16,44A
D1L3_20,D1L3_22,44A
D1L3_22,D1L3_26,44A
D1L3_16,D1L3_20,44A
D1L3_28,D2L2_17,44A
D2L2_17,D2L2_19,44A
D1L3_26,D1L3_28,44A
D2L2_25,D2L2_29,44A
D1L3_22,D1L3_23,44A
D1L3_16,D1L3_17,44A
D1L3_29,D2L2_17,44A
D1L3_28,D1L3_29,44A
D1L3_17,D1L3_20,44A
D1L3_20,D1L3_23,44A
D1L3_20,D1L3_21,44A
D1L3_23,D1L3_26,44A
D1L3_26,D1L3_27,44A
D1L3_26,D1L3_29,44A
D2L2_20,D2L2_23,44A
D2L2_23,D2L2_24,44A
D2L2_23,D2L2_26,44A
D3L1_16,D3L1_17,44A
D2L2_17,D2L2_18,44A
D2L2_17,D2L2_20,44A
D2L2_25,D2L2_26,44A
D2L2_19,D2L2_20,44A
D2L2_29,D2L2_30,44A
D2L2_26,D2L2_29,44A
D2L2_29,D3L1_17,44A
D1L3_23,D1L3_24,44A
D1L3_21,D1L3_24,44A
D1L3_24,D1L3_27,44A
D1L3_17,D1L3_18,44A
D1L3_17,D1L3_21,44A
D1L3_21,D1L3_23,44A
D1L3_23,D1L3_27,44A
D1L3_18,D1L3_21,44A
D1L3_27,D1L3_29,44A
D1L3_27,D1L3_30,44A
D1L3_29,D1L3_30,44A
D1L3_29,D2L2_18,44A
D1L3_30,D2L2_18,44A
D2L2_18,D2L2_20,44A
D2L2_18,D2L2_21,44A
D2L2_20,D2L2_21,44A
D2L2_20,D2L2_24,44A
D2L2_21,D2L2_24,44A
D2L2_24,D2L2_27,44A
D2L2_24,D2L2_26,44A
D2L2_30,D3L1_18,44A
D3L1_17,D3L1_18,44A
D2L2_27,D2L2_30,44A
D2L2_26,D2L2_27,44A
D2L2_26,D2L2_30,44A
D2L2_30,D3L1_17,44A
D5L3_55,D5L3_58,44B
D5L3_58,D3L1_46,44B
D5L3_58,D5L3_59,44B
D3L1_46,D3L1_49,44B
D3L1_49,D3L1_52,44B
D3L1_49,D3L1_50,44B
D3L1_52,D3L1_55,44B
D3L1_55,D3L1_58,44B
D3L1_55,D3L1_56,44B
D5L2_46,D5L2_47,44B
D3L1_58,D5L2_46,44B
D5L2_46,D5L2_49,44B
D5L2_49,D5L2_52,44B
D5L2_52,D5L2_53,44B
D5L2_52,D5L2_55,44B
D3L1_52,D3L1_53,44B
D3L1_50,D3L1_53,44B
D3L1_51,D3L1_53,44B
D5L3_55,D5L3_59,44B
D5L3_55,D5L3_56,44B
D5L3_59,D3L1_46,44B
D3L1_46,D3L1_50,44B
D3L1_46,D3L1_47,44B
D5L3_59,D3L1_47,44B
D5L3_56,D5L3_59,44B
D5L3_59,D5L3_60,44B
D3L1_50,D3L1_52,44B
D3L1_50,D3L1_51,44B
D3L1_47,D3L1_50,44B
D3L1_47,D3L1_51,44B
D5L3_60,D3L1_47,44B
D5L3_56,D5L3_60,44B
D3L1_53,D3L1_54,44B
D3L1_51,D3L1_54,44B
D3L1_48,D3L1_51,44B
D3L1_51,D2Y1_49,44B
D3L1_47,D3L1_48,44B
D5L3_56,D5L3_57,44B
D5L3_60,D3L1_48,44B
D5L3_60,D3L3_73,44B
D5L3_57,D5L3_60,44B
D2Y1_49,D3L1_54,44B
D3L1_54,D2Y1_52,44B
D3L1_48,D2Y1_46,44B
D2Y1_46,D2Y1_50,44B
D2Y1_46,D2Y1_49,44B
D3L3_74,D2Y1_46,44B
D3L3_73,D2Y1_46,44B
D3L1_48,D2Y1_49,44B
D3L3_73,D3L1_48,44B
D2Y1_49,D2Y1_50,44B
D2Y1_50,D2Y1_52,44B
D2Y1_49,D2Y1_52,44B
D3L3_73,D3L3_74,44B
D3L3_70,D3L3_74,44B
D5L3_57,D3L3_73,44B
D3L3_70,D3L3_73,44B
D5L3_57,D3L3_70,44B
D3L1_53,D3L1_57,44B
D3L1_53,D3L1_56,44B
D3L1_52,D3L1_56,44B
D3L1_54,D3L1_57,44B
D3L1_54,D2Y1_55,44B
D2Y1_52,D2Y1_55,44B
D2Y1_52,D2Y1_56,44B
D3L1_58,D5L2_47,44B
D3L1_59,D5L2_47,44B
D5L2_47,D5L2_48,44B
D3L1_57,D2Y1_55,44B
D3L1_57,D3L1_60,44B
D3L1_56,D3L1_57,44B
D3L1_57,D3L1_59,44B
D2Y1_55,D2Y1_56,44B
D2Y1_55,D3L1_60,44B
D2Y1_55,D2Y1_58,44B
D2Y1_56,D2Y1_58,44B
D3L1_60,D2Y1_58,44B
D3L1_59,D3L1_60,44B
D3L1_60,D5L2_48,44B
D3L1_60,D3L2_46,44B
D2Y1_58,D3L2_47,44B
D2Y1_58,D3L2_46,44B
D3L1_56,D3L1_58,44B
D3L1_58,D3L1_59,44B
D3L1_56,D3L1_59,44B
D3L1_59,D5L2_48,44B
D5L2_48,D3L2_46,44B
D3L2_46,D3L2_47,44B
D5L2_47,D5L2_49,44B
D5L2_47,D5L2_50,44B
D5L2_48,D5L2_50,44B
D5L2_48,D5L2_51,44B
D3L2_47,D3L2_49,44B
D3L2_46,D5L2_51,44B
D3L2_46,D3L2_49,44B
D5L2_49,D5L2_50,44B
D5L2_49,D5L2_53,44B
D5L2_50,D5L2_53,44B
D5L2_50,D5L2_51,44B
D5L2_50,D5L2_54,44B
D3L2_49,D3L2_53,44B
D3L2_52,D3L2_53,44B
D3L2_53,D3L2_55,44B
D5L2_53,D5L2_54,44B
D5L2_53,D5L2_56,44B
D5L2_53,D5L2_55,44B
D5L2_51,D3L2_49,44B
D5L2_51,D5L2_54,44B
D5L2_51,D3L2_52,44B
D3L2_49,D3L2_52,44B
D5L2_54,D5L2_57,44B
D5L2_54,D5L2_56,44B
D5L2_54,D3L2_52,44B
D5L2_56,D5L2_57,44B
D3L2_52,D5L2_57,44B
D5L2_57,D3L2_55,44B
D5L2_55,D5L2_56,44B
D3L2_52,D3L2_55,44B
D3L3_71,D3L3_74,44B
D3L3_74,D3L3_75,44B
D3L3_70,D3L3_71,44B
D2Y1_46,D2Y1_47,44B
D2Y1_47,D2Y1_50,44B
D2Y1_50,D2Y1_51,44B
D2Y1_50,D2Y1_53,44B
D3L3_74,D2Y1_47,44B
D2Y1_52,D2Y1_53,44B
D2Y1_53,D2Y1_56,44B
D2Y1_56,D2Y1_57,44B
D2Y1_56,D2Y1_59,44B
D2Y1_58,D2Y1_59,44B
D3L2_47,D3L2_48,44B
D2Y1_59,D3L2_47,44B
D3L2_47,D3L2_50,44B
D3L2_50,D3L2_53,44B
D3L2_53,D3L2_56,44B
D3L2_53,D3L2_54,44B
D3L2_49,D3L2_50,44B
D3L2_55,D3L2_56,44B
D2L2_56,D2L2_59,44B
D2L2_55,D2L2_59,44B
D2L2_58,D2L2_59,44B
D2L2_55,D2L2_56,44B
D3L3_72,D2L2_55,44B
D2L2_55,D2L2_58,44B
D3L3_71,D3L3_72,44B
D3L3_72,D3L3_75,44B
D3L3_72,D2L2_58,44B
D3L3_71,D3L3_75,44B
D3L3_75,D2L2_58,44B
D2L2_59,D1Y1_46,44B
D2L2_59,D1Y1_47,44B
D3L3_75,D2Y1_47,44B
D3L3_75,D2Y1_48,44B
D2L2_58,D1Y1_46,44B
D2L2_58,D2Y1_48,44B
D2Y1_47,D2Y1_48,44B
D2Y1_47,D2Y1_51,44B
D1Y1_46,D1Y1_47,44B
D2Y1_48,D1Y1_46,44B
D1Y1_46,D1Y1_50,44B
D1Y1_46,D1Y1_49,44B
D1Y1_47,D1Y1_50,44B
D2Y1_48,D2Y1_51,44B
D2Y1_48,D1Y1_49,44B
D2Y1_51,D2Y1_53,44B
D2Y1_51,D1Y1_49,44B
D2Y1_51,D2Y1_54,44B
D1Y1_49,D1Y1_50,44B
D1Y1_50,D1Y1_53,44B
D1Y1_50,D1Y1_52,44B
D2Y1_53,D2Y1_54,44B
D1Y1_49,D2Y1_54,44B
D1Y1_49,D1Y1_52,44B
D1Y1_52,D1Y1_53,44B
D2Y1_54,D1Y1_52,44B
D2L2_59,D2L2_60,44B
D2L2_56,D2L2_60,44B
D2L2_56,D2L2_57,44B
D2L2_60,D1Y1_47,44B
D1Y1_47,D1Y1_48,44B
D1Y1_47,D1Y1_51,44B
D1Y1_50,D1Y1_51,44B
D1Y1_53,D1Y1_54,44B
D1Y1_51,D1Y1_53,44B
D2L2_57,D4L3_55,44B
D4L3_55,D4L3_58,44B
D2L2_57,D2L2_60,44B
D2L2_60,D1Y1_48,44B
D2L2_60,D4L3_58,44B
D1Y1_51,D1Y1_54,44B
D3Y1_109,D1Y1_54,44B
D1Y1_54,D3Y1_112,44B
D2L2_57,D4L3_58,44B
D1Y1_48,D1Y1_51,44B
D1Y1_48,D3Y1_109,44B
D4L3_58,D1Y1_48,44B
D1Y1_48,D3Y1_106,44B
D1Y1_51,D3Y1_109,44B
D3Y1_106,D3Y1_109,44B
D3Y1_109,D3Y1_112,44B
D4L3_58,D3Y1_106,44B
D4L3_55,D4L3_59,44B
D4L3_55,D4L3_56,44B
D3Y1_109,D3Y1_110,44B
D4L3_58,D4L3_59,44B
D4L3_59,D3Y1_106,44B
D3Y1_106,D3Y1_110,44B
D3Y1_106,D3Y1_107,44B
D3Y1_110,D3Y1_112,44B
D3Y1_112,D3Y1_113,44B
D4L3_56,D4L3_59,44B
D4L3_59,D3Y1_107,44B
D4L3_59,D4L3_60,44B
D3Y1_107,D3Y1_110,44B
D3Y1_110,D3Y1_113,44B
D3Y1_110,D3Y1_111,44B
D4L3_56,D4L3_60,44B
D4L3_56,D4L3_57,44B
D4L3_60,D3Y1_107,44B
D3Y1_107,D3Y1_108,44B
D3Y1_107,D3Y1_111,44B
D3Y1_111,D3Y1_113,44B
D3Y1_113,D3Y1_114,44B
D4L3_60,D3Y1_108,44B
D4L3_57,D4L3_60,44B
D3Y1_108,D3Y1_111,44B
D3Y1_111,D3Y1_114,44B
D2Y1_53,D2Y1_57,44B
D1Y1_53,D1Y1_56,44B
D2Y1_54,D2Y1_57,44B
D2Y1_54,D1Y1_55,44B
D1Y1_52,D1Y1_56,44B
D1Y1_52,D1Y1_55,44B
D1Y1_53,D1Y1_57,44B
D1Y1_54,D1Y1_57,44B
D1Y1_54,D3Y1_115,44B
D3Y1_112,D3Y1_116,44B
D3Y1_112,D3Y1_115,44B
D3Y1_113,D3Y1_116,44B
D3Y1_113,D3Y1_117,44B
D3Y1_114,D3Y1_117,44B
D3L2_48,D2L3_46,44B
D2Y1_60,D3L2_48,44B
D2Y1_59,D3L2_48,44B
D1Y1_58,D2L3_46,44B
D2Y1_60,D2L3_46,44B
D2L3_46,D2L3_47,44B
D1Y1_56,D1Y1_59,44B
D1Y1_56,D1Y1_58,44B
D1Y1_55,D1Y1_56,44B
D1Y1_58,D1Y1_59,44B
D1Y1_59,D2L3_47,44B
D2Y1_60,D1Y1_58,44B
D1Y1_55,D1Y1_58,44B
D1Y1_58,D2L3_47,44B
D2Y1_57,D2Y1_60,44B
D1Y1_55,D2Y1_60,44B
D2Y1_59,D2Y1_60,44B
D2Y1_57,D1Y1_55,44B
D2Y1_57,D2Y1_59,44B
D3L2_48,D3L2_50,44B
D3L2_48,D3L2_51,44B
D2L3_46,D3L2_51,44B
D2L3_46,D2L3_49,44B
D2L3_47,D2L3_50,44B
D2L3_47,D2L3_49,44B
D2L3_50,D2L3_53,44B
D2L3_49,D2L3_50,44B
D3L2_50,D3L2_51,44B
D3L2_50,D3L2_54,44B
D3L2_57,D2L3_55,44B
D2L3_53,D2L3_55,44B
D2L3_52,D2L3_55,44B
D2L3_55,D2L3_56,44B
D3L2_56,D3L2_57,44B
D3L2_54,D3L2_56,44B
D3L2_51,D3L2_54,44B
D3L2_51,D2L3_52,44B
D3L2_51,D2L3_49,44B
D3L2_54,D3L2_57,44B
D2L3_52,D3L2_57,44B
D3L2_54,D2L3_52,44B
D2L3_52,D2L3_53,44B
D2L3_53,D2L3_56,44B
D2L3_49,D2L3_53,44B
D2L3_49,D2L3_52,44B
D1Y1_56,D1Y1_57,44B
D1Y1_57,D1Y1_59,44B
D1Y1_59,D2L3_48,44B
D1Y1_59,D1Y1_60,44B
D2L3_47,D2L3_48,44B
D2L3_48,D2L3_50,44B
D2L3_50,D2L3_54,44B
D2L3_50,D2L3_51,44B
D2L3_53,D2L3_54,44B
D2L3_54,D2L3_56,44B
D2L3_56,D2L3_57,44B
D1Y1_57,D3Y1_115,44B
D1Y1_57,D1Y1_60,44B
D3Y1_115,D3Y1_116,44B
D3Y1_116,D3Y1_117,44B
D3Y1_116,D3Y1_119,44B
D3Y1_116,D3Y1_118,44B
D3Y1_115,D1Y1_60,44B
D3Y1_115,D3Y1_118,44B
D1Y1_60,D2L3_48,44B
D2L3_48,D1L3_46,44B
D3Y1_117,D3Y1_119,44B
D3Y1_117,D3Y1_120,44B
D1Y1_60,D3Y1_118,44B
D1Y1_60,D1L3_46,44B
D3Y1_119,D1L3_48,44B
D3Y1_120,D1L3_48,44B
D1L3_47,D1L3_48,44B
D3Y1_118,D3Y1_119,44B
D3Y1_119,D3Y1_120,44B
D3Y1_119,D1L3_47,44B
D3Y1_118,D1L3_46,44B
D3Y1_118,D1L3_47,44B
D1L3_46,D1L3_47,44B
D2L3_48,D2L3_51,44B
D1L3_48,D1L3_51,44B
D1L3_48,D1L3_50,44B
D1L3_46,D1L3_49,44B
D1L3_46,D2L3_51,44B
D1L3_47,D1L3_49,44B
D1L3_47,D1L3_50,44B
D1L3_50,D1L3_51,44B
D1L3_51,D1L3_54,44B
D1L3_49,D1L3_50,44B
D2L3_51,D1L3_49,44B
D1L3_49,D1L3_53,44B
D1L3_49,D1L3_52,44B
D2L3_51,D2L3_54,44B
D2L3_54,D1L3_52,44B
D2L3_54,D2L3_57,44B
D1L3_50,D1L3_53,44B
D1L3_50,D1L3_54,44B
D2L3_51,D1L3_52,44B
D1L3_53,D1L3_54,44B
D1L3_53,D1L3_56,44B
D1L3_53,D1L3_55,44B
D1L3_52,D1L3_53,44B
D1L3_54,D1L3_57,44B
D1L3_54,D1L3_56,44B
D1L3_56,D1L3_57,44B
D1L3_55,D1L3_56,44B
D1L3_52,D1L3_55,44B
D2L3_57,D1L3_55,44B
D1L3_52,D2L3_57,44B
D3Y1_32,D3Y1_39,44A
D3Y1_32,D3Y1_38,44A
D3Y1_31,D3Y1_37,44A
D3Y1_31,D3Y1_38,44A
D3Y1_33,D2L1_34,44A
D3Y1_33,D3Y1_39,44A
D2L1_31,D2L1_34,44A
D2L1_31,D2L1_35,44A
D2L1_32,D2L1_35,44A
D2L1_32,D2L1_36,44A
D2L1_33,D2L1_36,44A
D2L1_33,D3Y1_40,44A
D3Y1_34,D3Y1_40,44A
D3Y1_34,D3Y1_41,44A
D3Y1_35,D3Y1_42,44A
D3Y1_35,D3Y1_41,44A
D3Y1_36,D3L1_19,44A
D3Y1_36,D3Y1_42,44A
D3L1_16,D3L1_19,44A
D3L1_16,D3L1_20,44A
D3L1_17,D3L1_20,44A
D3L1_18,D3L1_21,44A
D3L1_17,D3L1_21,44A
D5L2_55,D5L2_58,44B
D5L2_57,D5L2_60,44B
D5L2_56,D5L2_59,44B
D5L2_56,D5L2_60,44B
D5L2_55,D5L2_59,44B
D5L2_57,D3L2_58,44B
D3L2_55,D3L2_58,44B
D3L2_55,D3L2_59,44B
D3L2_56,D3L2_59,44B
D2L3_55,D2L3_58,44B
D2L3_55,D2L3_59,44B
D3L2_56,D3L2_60,44B
D3L2_57,D3L2_60,44B
D3L2_57,D2L3_58,44B
D2L3_56,D2L3_59,44B
D2L3_56,D2L3_60,44B
D1L3_55,D1L3_58,44B
D2L3_57,D2L3_60,44B
D2L3_57,D1L3_58,44B
D1L3_57,D1L3_60,44B
D1L3_56,D1L3_59,44B
D1L3_56,D1L3_60,44B
D1L3_55,D1L3_59,44B
D3Y1_43,D3Y1_44,44A
D3Y1_44,D3Y1_51,44A
D3Y1_44,D3Y1_50,44A
D3Y1_39,D3Y1_44,44A
D3Y1_38,D3Y1_44,44A
D3Y1_44,D3Y1_45,44A
D3Y1_37,D3Y1_43,44A
D3Y1_43,D3Y1_49,44A
D3Y1_43,D3Y1_50,44A
D3Y1_38,D3Y1_43,44A
D3Y1_37,D3Y1_38,44A
D3Y1_49,D3Y1_50,44A
D3Y1_51,D2L1_40,44A
D3Y1_50,D3Y1_51,44A
D3Y1_45,D3Y1_51,44A
D2L1_40,D2L1_41,44A
D2L1_37,D2L1_40,44A
D3Y1_45,D2L1_40,44A
D2L1_37,D2L1_41,44A
D2L1_38,D2L1_41,44A
D2L1_34,D2L1_37,44A
D2L1_35,D2L1_37,44A
D2L1_37,D2L1_38,44A
D3Y1_45,D2L1_37,44A
D2L1_34,D2L1_35,44A
D3Y1_39,D2L1_34,44A
D2L1_34,D3Y1_45,44A
D2L1_35,D2L1_38,44A
D3Y1_38,D3Y1_39,44A
D3Y1_39,D3Y1_45,44A
D3Y1_49,D3Y1_55,44A
D3Y1_51,D3Y1_56,44A
D3Y1_50,D3Y1_55,44A
D3Y1_50,D3Y1_56,44A
D3Y1_51,D3Y1_57,44A
D2L1_40,D3Y1_57,44A
D2L1_40,D2L1_43,44A
D2L1_41,D2L1_43,44A
D2L1_41,D2L1_44,44A
D3Y1_55,D3L3_32,44A
D3L3_32,D3L3_34,44A
D3L3_31,D3L3_32,44A
D3L3_32,D3L3_33,44A
D3Y1_56,D3L3_32,44A
D3L3_32,D3L3_35,44A
D3L3_37,D3L3_38,44A
D3L3_34,D3L3_37,44A
D3L3_34,D3L3_38,44A
D3L3_38,D3L3_39,44A
D3L3_35,D3L3_38,44A
D3Y1_55,D3L3_31,44A
D3Y1_55,D3Y1_56,44A
D3L3_31,D3L3_34,44A
D3L3_34,D3L3_35,44A
D3Y1_56,D3L3_33,44A
D3L3_33,D3L3_35,44A
D3L3_35,D3L3_39,44A
D3Y1_57,D3L3_33,44A
D3L3_33,D3L3_36,44A
D3L3_33,D4L3_16,44A
D3L3_36,D3L3_39,44A
D3L3_39,D4L3_22,44A
D3Y1_56,D3Y1_57,44A
D3L3_35,D3L3_36,44A
D3Y1_57,D4L3_16,44A
D3Y1_57,D2L1_43,44A
D3L3_36,D4L3_22,44A
D4L3_16,D3L3_36,44A
D3L3_36,D4L3_19,44A
D4L3_19,D4L3_22,44A
D4L3_22,D4L3_23,44A
D4L3_16,D4L3_19,44A
D2L1_43,D4L3_16,44A
D4L3_16,D4L3_17,44A
D4L3_19,D4L3_23,44A
D4L3_17,D4L3_19,44A
D4L3_19,D4L3_20,44A
D4L3_20,D4L3_23,44A
D2L1_43,D4L3_17,44A
D2L1_43,D2L1_44,44A
D4L3_17,D4L3_20,44A
D2L1_44,D4L3_17,44A
D2L1_41,D2L1_42,44A
D2L1_35,D2L1_36,44A
D2L1_36,D2L1_38,44A
D2L1_38,D2L1_39,44A
D2L1_38,D2L1_42,44A
D2L1_42,D2L1_44,44A
D4L3_23,D4L3_24,44A
D4L3_17,D4L3_18,44A
D4L3_20,D4L3_21,44A
D4L3_20,D4L3_24,44A
D4L3_18,D4L3_20,44A
D2L1_44,D2L1_45,44A
D2L1_44,D4L3_18,44A
D2L1_36,D3Y1_40,44A
D2L1_36,D2L1_39,44A
D3Y1_42,D3L1_19,44A
D3L1_19,D3L1_22,44A
D3L1_19,D3Y1_48,44A
D3Y1_41,D3Y1_42,44A
D3Y1_42,D3Y1_47,44A
D3Y1_42,D3Y1_48,44A
D3Y1_40,D3Y1_41,44A
D3Y1_40,D2L1_39,44A
D3Y1_40,D3Y1_46,44A
D3Y1_41,D3Y1_47,44A
D3Y1_41,D3Y1_46,44A
D3L1_22,D3L1_25,44A
D3Y1_48,D3L1_22,44A
D2L1_39,D3Y1_46,44A
D2L1_39,D2L1_42,44A
D2L1_39,D3Y1_52,44A
D3Y1_46,D3Y1_47,44A
D3Y1_47,D3Y1_53,44A
D3Y1_47,D3Y1_48,44A
D3Y1_47,D3Y1_54,44A
D3Y1_46,D3Y1_53,44A
D3Y1_46,D3Y1_52,44A
D2L1_42,D3Y1_52,44A
D3Y1_48,D3L1_25,44A
D3Y1_54,D3L1_25,44A
D3Y1_52,D3Y1_53,44A
D3Y1_53,D3Y1_54,44A
D3Y1_48,D3Y1_54,44A
D2L1_42,D2L1_45,44A
D3Y1_53,D3Y1_58,44A
D3Y1_52,D2L1_45,44A
D3Y1_52,D3Y1_58,44A
D3L1_25,D3Y1_60,44A
D3L1_25,D3L1_28,44A
D3Y1_53,D3Y1_59,44A
D3Y1_54,D3Y1_59,44A
D3Y1_54,D3Y1_60,44A
D2L1_45,D4L3_18,44A
D2L1_45,D3L2_16,44A
D2L1_45,D3Y1_58,44A
D4L3_21,D4L3_24,44A
D4L3_18,D4L3_21,44A
D4L3_21,D3L2_19,44A
D4L3_21,D3L2_22,44A
D3L2_16,D4L3_21,44A
D4L3_24,D3L2_22,44A
D4L3_18,D3L2_16,44A
D3L2_19,D3L2_22,44A
D3L2_16,D3L2_19,44A
D3L2_19,D3L2_23,44A
D3L2_17,D3L2_19,44A
D3L2_22,D3L2_23,44A
D3Y1_58,D3L2_16,44A
D3L2_16,D3L2_17,44A
D3Y1_58,D3L2_17,44A
D3L2_19,D3L2_20,44A
D3L2_20,D3L2_23,44A
D3L2_23,D3L2_24,44A
D3Y1_58,D3Y1_59,44A
D3L2_17,D3L2_20,44A
D3Y1_59,D3L2_17,44A
D3L2_17,D3L2_18,44A
D3L2_20,D3L2_21,44A
D3L2_20,D3L2_24,44A
D3L2_18,D3L2_20,44A
D3Y1_59,D3Y1_60,44A
D3Y1_59,D3L2_18,44A
D3L2_21,D2Y1_22,44A
D3L2_24,D2Y1_22,44A
D2Y1_19,D2Y1_22,44A
D3L2_21,D3L2_24,44A
D2Y1_16,D3L2_21,44A
D3L2_18,D3L2_21,44A
D3L2_21,D2Y1_19,44A
D3Y1_60,D2Y1_16,44A
D3Y1_60,D3L2_18,44A
D3Y1_60,D3L1_28,44A
D3L2_18,D2Y1_16,44A
D2Y1_16,D2Y1_19,44A
D3L1_28,D2Y1_16,44A
D3L3_37,D3L3_40,44A
D3L3_38,D3L3_41,44A
D3L3_38,D3L3_40,44A
D3L3_39,D3L3_42,44A
D3L3_39,D3L3_41,44A
D4L3_22,D4L3_25,44A
D4L3_22,D3L3_42,44A
D4L3_23,D4L3_25,44A
D4L3_23,D4L3_26,44A
D4L3_24,D4L3_26,44A
D4L3_24,D4L3_27,44A
D3L2_22,D4L3_27,44A
D3L2_22,D3L2_25,44A
D3L2_23,D3L2_26,44A
D3L2_23,D3L2_25,44A
D2Y1_22,D3L2_27,44A
D2Y1_22,D2Y1_25,44A
D3L2_24,D3L2_27,44A
D3L2_24,D3L2_26,44A
D4L3_28,D2Y1_33,44A
D3L3_45,D2Y1_33,44A
D2Y1_32,D2Y1_33,44A
D2Y1_33,D1L3_31,44A
D4L3_25,D4L3_29,44A
D4L3_25,D4L3_26,44A
D3L3_42,D4L3_25,44A
D4L3_25,D4L3_28,44A
D3L3_43,D3L3_44,44A
D3L3_40,D3L3_43,44A
D3L3_43,D2Y1_31,44A
D4L3_26,D4L3_29,44A
D4L3_28,D4L3_29,44A
D4L3_29,D1L3_32,44A
D4L3_29,D1L3_31,44A
D3L3_41,D3L3_44,44A
D3L3_40,D3L3_44,44A
D3L3_44,D3L3_45,44A
D3L3_44,D2Y1_31,44A
D3L3_44,D2Y1_32,44A
D3L3_41,D3L3_42,44A
D3L3_42,D4L3_28,44A
D3L3_42,D3L3_45,44A
D3L3_40,D3L3_41,44A
D3L3_41,D3L3_45,44A
D3L3_45,D4L3_28,44A
D4L3_28,D1L3_31,44A
D3L3_45,D2Y1_32,44A
D2Y1_31,D2Y1_32,44A
D1L3_31,D1L3_32,44A
D2Y1_33,D2Y1_36,44A
D2Y1_31,D2Y1_34,44A
D2Y1_31,D2Y1_35,44A
D2Y1_32,D2Y1_35,44A
D2Y1_32,D2Y1_36,44A
D2Y1_33,D1L3_34,44A
D1L3_32,D1L3_35,44A
D1L3_31,D1L3_34,44A
D1L3_31,D1L3_35,44A
D2Y1_40,D2Y1_41,44A
D2Y1_41,D2Y1_43,44A
D2Y1_37,D2Y1_41,44A
D2Y1_41,D2Y1_42,44A
D2Y1_38,D2Y1_41,44A
D2Y1_41,D2Y1_44,44A
D2Y1_34,D2Y1_37,44A
D2Y1_34,D2Y1_35,44A
D2Y1_40,D2Y1_43,44A
D2Y1_37,D2Y1_40,44A
D2Y1_43,D2Y1_44,44A
D2Y1_35,D2Y1_37,44A
D2Y1_37,D2Y1_38,44A
D2Y1_38,D2Y1_42,44A
D2Y1_42,D2Y1_44,44A
D2Y1_35,D2Y1_38,44A
D2Y1_35,D2Y1_36,44A
D2Y1_36,D2Y1_38,44A
D2Y1_42,D2Y1_45,44A
D2Y1_42,D1L3_40,44A
D2Y1_39,D2Y1_42,44A
D2Y1_38,D2Y1_39,44A
D2Y1_44,D2Y1_45,44A
D2Y1_36,D2Y1_39,44A
D2Y1_36,D1L3_34,44A
D1L3_40,D2Y1_45,44A
D2Y1_45,D1L3_43,44A
D2Y1_39,D1L3_40,44A
D1L3_37,D1L3_40,44A
D1L3_40,D1L3_43,44A
D1L3_40,D1L3_41,44A
D1L3_34,D2Y1_39,44A
D2Y1_39,D1L3_37,44A
D1L3_34,D1L3_37,44A
D1L3_34,D1L3_35,44A
D1L3_37,D1L3_41,44A
D1L3_35,D1L3_37,44A
D1L3_37,D1L3_38,44A
D1L3_41,D1L3_43,44A
D1L3_43,D1L3_44,44A
D1L3_41,D1L3_44,44A
D1L3_38,D1L3_41,44A
D1L3_35,D1L3_38,44A
D4L3_29,D4L3_30,44A
D4L3_26,D4L3_30,44A
D4L3_26,D4L3_27,44A
D4L3_30,D1L3_32,44A
D1L3_32,D1L3_33,44A
D1L3_32,D1L3_36,44A
D1L3_41,D1L3_42,44A
D1L3_35,D1L3_36,44A
D1L3_44,D1L3_45,44A
D1L3_42,D1L3_44,44A
D1L3_38,D1L3_39,44A
D1L3_38,D1L3_42,44A
D1L3_36,D1L3_38,44A
D4L3_27,D4L3_30,44A
D4L3_30,D3L2_28,44A
D4L3_30,D1L3_33,44A
D3L2_27,D3L2_30,44A
D3L2_26,D3L2_27,44A
D3L2_27,D2Y1_25,44A
D3L2_27,D2Y1_28,44A
D3L2_29,D3L2_30,44A
D3L2_26,D3L2_30,44A
D3L2_30,D2L1_48,44A
D3L2_30,D2L1_47,44A
D3L2_30,D2Y1_28,44A
D3L2_26,D3L2_29,44A
D3L2_25,D3L2_29,44A
D3L2_29,D2L1_47,44A
D3L2_28,D3L2_29,44A
D3L2_29,D2L1_46,44A
D4L3_27,D3L2_25,44A
D4L3_27,D3L2_28,44A
D3L2_25,D3L2_26,44A
D3L2_25,D3L2_28,44A
D2Y1_25,D2Y1_28,44A
D2L1_47,D2L1_48,44A
D2Y1_28,D2L1_48,44A
D2L1_48,D3L3_46,44A
D2L1_46,D2L1_47,44A
D3L2_28,D2L1_46,44A
D3L2_28,D1L3_33,44A
D2Y1_28,D3L3_46,44A
D1L3_33,D2L1_46,44A
D2L1_47,D2L1_50,44A
D2L1_46,D2L1_50,44A
D2L1_46,D2L1_49,44A
D1L3_33,D2L1_49,44A
D1L3_33,D1L3_36,44A
D2L1_48,D2L1_51,44A
D2L1_48,D3L3_49,44A
D2L1_47,D2L1_51,44A
D3L3_46,D3L3_49,44A
D2L1_49,D2L1_50,44A
D2L1_50,D2L1_52,44A
D2L1_49,D1L3_39,44A
D2L1_49,D2L1_52,44A
D1L3_36,D2L1_49,44A
D2L1_55,D1L3_45,44A
D1L3_45,D2L1_58,44A
D1L3_42,D1L3_45,44A
D2L1_55,D2L1_58,44A
D2L1_55,D2L1_56,44A
D1L3_39,D2L1_55,44A
D2L1_52,D2L1_55,44A
D1L3_42,D2L1_55,44A
D2L1_56,D2L1_58,44A
D2L1_52,D2L1_56,44A
D1L3_39,D2L1_52,44A
D1L3_39,D1L3_42,44A
D1L3_36,D1L3_39,44A
D2L1_50,D2L1_53,44A
D2L1_50,D2L1_51,44A
D2L1_58,D2L1_59,44A
D2L1_53,D2L1_56,44A
D2L1_56,D2L1_59,44A
D2L1_56,D2L1_57,44A
D2L1_52,D2L1_53,44A
D2L1_51,D2L1_53,44A
D2L1_53,D2L1_57,44A
D2L1_53,D2L1_54,44A
D2L1_57,D2L1_59,44A
D2L1_59,D2L1_60,44A
D2L1_51,D2L1_54,44A
D2L1_51,D3L3_49,44A
D2L1_57,D2L1_60,44A
D2L1_57,D3L3_55,44A
D2L1_54,D2L1_57,44A
D3L3_55,D2L1_60,44A
D2L1_60,D3L3_58,44A
D2L1_54,D3L3_55,44A
D3L3_55,D3L3_58,44A
D3L3_52,D3L3_55,44A
D3L3_49,D2L1_54,44A
D2L1_54,D3L3_52,44A
D3L3_49,D3L3_52,44A
D2Y1_43,D2L3_32,44A
D2Y1_43,D2L3_31,44A
D2Y1_44,D2L3_32,44A
D2Y1_44,D2L3_33,44A
D2Y1_45,D3Y1_61,44A
D2Y1_45,D2L3_33,44A
D1L3_43,D3Y1_61,44A
D1L3_43,D3Y1_62,44A
D1L3_44,D3Y1_62,44A
D1L3_44,D3Y1_63,44A
D1L3_45,D3Y1_63,44A
D1L3_45,D3L2_31,44A
D2L1_58,D3L2_32,44A
D2L1_58,D3L2_31,44A
D2L1_59,D3L2_32,44A
D2L1_59,D3L2_33,44A
D2L1_60,D2L2_31,44A
D2L1_60,D3L2_33,44A
D3L3_58,D2L2_31,44A
D3Y1_61,D2L3_36,44A
D2L3_36,D3Y1_64,44A
D2L3_33,D2L3_36,44A
D2L3_35,D2L3_36,44A
D2L3_36,D3Y1_67,44A
D2L3_36,D2L3_39,44A
D2L3_31,D2L3_32,44A
D2L3_32,D2L3_33,44A
D2L3_32,D2L3_35,44A
D2L3_32,D2L3_34,44A
D2L3_31,D2L3_34,44A
D3Y1_61,D3Y1_64,44A
D2L3_33,D3Y1_61,44A
D3Y1_61,D3Y1_62,44A
D3Y1_64,D3Y1_65,44A
D3Y1_62,D3Y1_64,44A
D3Y1_64,D3Y1_67,44A
D3Y1_64,D3Y1_68,44A
D3Y1_62,D3Y1_65,44A
D3Y1_65,D3Y1_68,44A
D2L3_33,D2L3_35,44A
D2L3_35,D2L3_39,44A
D2L3_34,D2L3_35,44A
D2L3_35,D2L3_38,44A
D2L3_39,D3Y1_67,44A
D3Y1_67,D3Y1_68,44A
D2L3_34,D2L3_37,44A
D2L3_37,D2L3_38,44A
D2L3_38,D2L3_39,44A
D2L3_34,D2L3_38,44A
D2L3_37,D2L3_40,44A
D2L3_39,D2L3_41,44A
D2L3_38,D2L3_41,44A
D2L3_38,D2L3_40,44A
D3Y1_67,D2L3_42,44A
D3Y1_67,D3Y1_70,44A
D2L3_39,D2L3_42,44A
D3Y1_68,D3Y1_70,44A
D3Y1_68,D3Y1_71,44A
D2L3_40,D2L3_41,44A
D2L3_41,D2L3_44,44A
D2L3_41,D2L3_45,44A
D4L3_34,D4L3_35,44A
D4L3_31,D4L3_35,44A
D4L3_32,D4L3_35,44A
D4L3_35,D4L3_36,44A
D4L3_31,D4L3_34,44A
D2L3_43,D4L3_31,44A
D4L3_31,D4L3_32,44A
D2L3_44,D4L3_31,44A
D2L3_40,D2L3_43,44A
D2L3_43,D2L3_44,44A
D2L3_40,D2L3_44,44A
D2L3_44,D4L3_32,44A
D4L3_32,D4L3_36,44A
D2L3_45,D4L3_32,44A
D2L3_44,D2L3_45,44A
D2L3_41,D2L3_42,44A
D4L3_32,D4L3_33,44A
D4L3_33,D4L3_36,44A
D4L3_36,D1Y1_34,44A
D2L3_45,D4L3_33,44A
D2L3_42,D2L3_45,44A
D2L3_45,D3Y1_73,44A
D4L3_33,D1Y1_34,44A
D4L3_33,D1Y1_31,44A
D3Y1_73,D4L3_33,44A
D2L3_42,D3Y1_73,44A
D2L3_42,D3Y1_70,44A
D1Y1_34,D1Y1_35,44A
D1Y1_31,D1Y1_35,44A
D1Y1_32,D1Y1_35,44A
D1Y1_31,D1Y1_34,44A
D1Y1_31,D1Y1_32,44A
D3Y1_74,D1Y1_31,44A
D3Y1_73,D1Y1_31,44A
D3Y1_74,D1Y1_32,44A
D3Y1_73,D3Y1_74,44A
D3Y1_70,D3Y1_74,44A
D3Y1_71,D3Y1_74,44A
D3Y1_70,D3Y1_73,44A
D3Y1_70,D3Y1_71,44A
D3Y1_63,D3Y1_65,44A
D3Y1_65,D3Y1_66,44A
D3Y1_65,D3Y1_69,44A
D3Y1_62,D3Y1_63,44A
D3Y1_68,D3Y1_69,44A
D3Y1_69,D3Y1_71,44A
D1Y1_35,D1Y1_36,44A
D1Y1_32,D1Y1_36,44A
D1Y1_32,D1Y1_33,44A
D3Y1_75,D1Y1_32,44A
D3Y1_74,D3Y1_75,44A
D3Y1_71,D3Y1_72,44A
D3Y1_71,D3Y1_75,44A
D3Y1_66,D3L2_37,44A
D3L2_34,D3L2_37,44A
D3Y1_69,D3L2_37,44A
D3L2_37,D3L2_38,44A
D2L2_31,D3L2_36,44A
D2L2_31,D2L2_34,44A
D3L2_33,D2L2_31,44A
D3L2_31,D3L2_32,44A
D3L2_32,D3L2_33,44A
D3L2_32,D3L2_34,44A
D3L2_32,D3L2_35,44A
D3L2_36,D2L2_37,44A
D3L2_36,D2L2_34,44A
D3L2_33,D3L2_36,44A
D3L2_35,D3L2_36,44A
D3L2_36,D3L2_39,44A
D3Y1_63,D3Y1_66,44A
D3Y1_63,D3L2_31,44A
D3L2_31,D3Y1_66,44A
D3Y1_66,D3L2_34,44A
D3Y1_66,D3Y1_69,44A
D2L2_34,D2L2_37,44A
D3L2_39,D2L2_37,44A
D3L2_31,D3L2_34,44A
D3L2_33,D3L2_35,44A
D3L2_34,D3L2_35,44A
D3L2_34,D3L2_38,44A
D3L2_35,D3L2_39,44A
D3L2_35,D3L2_38,44A
D3L2_38,D3L2_39,44A
D3L2_37,D3Y1_72,44A
D3L2_37,D3L2_40,44A
D3Y1_69,D3Y1_72,44A
D3L2_38,D3L2_40,44A
D2L2_37,D3L2_42,44A
D2L2_37,D2L2_40,44A
D3L2_39,D3L2_41,44A
D3L2_39,D3L2_42,44A
D3L2_38,D3L2_41,44A
D3Y1_72,D3L2_43,44A
D3L2_43,D1Y1_33,44A
D3Y1_75,D3L2_43,44A
D3L2_43,D3L1_31,44A
D3L2_40,D3L2_43,44A
D3L2_43,D3L2_44,44A
D1Y1_36,D3L1_34,44A
D1Y1_33,D1Y1_36,44A
D3Y1_72,D3Y1_75,44A
D3Y1_72,D3L2_40,44A
D1Y1_33,D3L1_34,44A
D3L1_31,D3L1_34,44A
D3L1_34,D3L1_35,44A
D3Y1_75,D1Y1_33,44A
D1Y1_33,D3L1_31,44A
D3L2_44,D3L1_31,44A
D3L1_31,D3L1_35,44A
D3L2_40,D3L2_44,44A
D3L1_31,D3L1_32,44A
D3L2_40,D3L2_41,44A
D3L2_41,D3L2_44,44A
D3L2_44,D3L2_45,44A
D3L2_44,D3L1_32,44A
D3L1_35,D3L1_36,44A
D3L1_32,D3L1_35,44A
D3L2_41,D3L2_45,44A
D3L2_41,D3L2_42,44A
D3L2_45,D3L1_32,44A
D3L2_45,D3L1_33,44A
D3L2_45,D2L2_43,44A
D3L2_42,D3L2_45,44A
D3L1_32,D3L1_36,44A
D3L1_33,D3L1_36,44A
D3L1_36,D3Y1_79,44A
D3L1_32,D3L1_33,44A
D3L1_33,D3Y1_76,44A
D3L1_33,D3Y1_79,44A
D2L2_43,D3L1_33,44A
D3Y1_76,D3Y1_79,44A
D2L2_43,D3Y1_76,44A
D3L2_42,D2L2_43,44A
D2L2_40,D2L2_43,44A
D3L2_42,D2L2_40,44A
D4L3_35,D4L3_38,44A
D4L3_35,D4L3_37,44A
D4L3_34,D4L3_37,44A
D4L3_36,D4L3_38,44A
D4L3_36,D4L3_39,44A
D1Y1_35,D1Y1_37,44A
D1Y1_35,D1Y1_38,44A
D1Y1_34,D4L3_39,44A
D1Y1_34,D1Y1_37,44A
D1Y1_36,D1Y1_38,44A
D1Y1_36,D1Y1_39,44A
D3L1_34,D3L1_37,44A
D3L1_34,D1Y1_39,44A
D3L1_35,D3L1_37,44A
D3L1_35,D3L1_38,44A
D3L1_36,D3L1_38,44A
D3L1_36,D3L1_39,44A
D3Y1_79,D3L1_39,44A
D3Y1_79,D3Y1_82,44A
D4L3_38,D4L3_41,44A
D4L3_37,D4L3_38,44A
D4L3_38,D4L3_42,44A
D4L3_40,D4L3_43,44A
D4L3_40,D4L3_41,44A
D4L3_37,D4L3_40,44A
D4L3_43,D5L2_32,44A
D4L3_41,D4L3_43,44A
D4L3_43,D5L2_31,44A
D4L3_43,D4L3_44,44A
D5L2_31,D5L2_32,44A
D5L2_32,D5L2_33,44A
D4L3_44,D5L2_32,44A
D4L3_37,D4L3_41,44A
D4L3_41,D4L3_44,44A
D4L3_41,D4L3_42,44A
D4L3_44,D5L2_33,44A
D4L3_42,D4L3_44,44A
D4L3_38,D4L3_39,44A
D4L3_45,D5L2_33,44A
D5L2_33,D2L1_61,44A
D4L3_44,D4L3_45,44A
D4L3_39,D4L3_42,44A
D4L3_42,D4L3_45,44A
D4L3_42,D1Y1_40,44A
D4L3_39,D1Y1_40,44A
D4L3_39,D1Y1_37,44A
D4L3_45,D2L1_61,44A
D1Y1_40,D4L3_45,44A
D4L3_45,D1Y1_43,44A
D1Y1_43,D2L1_61,44A
D2L1_61,D2L1_62,44A
D1Y1_37,D1Y1_40,44A
D1Y1_40,D1Y1_43,44A
D1Y1_40,D1Y1_41,44A
D1Y1_37,D1Y1_38,44A
D1Y1_37,D1Y1_41,44A
D1Y1_43,D1Y1_44,44A
D1Y1_41,D1Y1_43,44A
D1Y1_43,D2L1_62,44A
D1Y1_41,D1Y1_44,44A
D1Y1_44,D2L1_62,44A
D1Y1_38,D1Y1_41,44A
D5L2_32,D5L2_34,44A
D5L2_32,D5L2_35,44A
D5L2_31,D5L2_34,44A
D5L2_33,D5L2_35,44A
D5L2_33,D5L2_36,44A
D2L1_61,D5L2_36,44A
D2L1_61,D2L1_64,44A
D2L1_62,D2L1_64,44A
D2L1_62,D2L1_65,44A
D5L2_44,D5L2_45,44A
D5L2_41,D5L2_45,44A
D5L2_38,D5L2_39,44A
D5L2_35,D5L2_39,44A
D5L2_39,D5L2_41,44A
D5L2_34,D5L2_38,44A
D5L2_34,D5L2_35,44A
D5L2_34,D5L2_37,44A
D5L2_35,D5L2_38,44A
D5L2_37,D5L2_38,44A
D5L2_38,D5L2_40,44A
D5L2_38,D5L2_41,44A
D5L2_37,D5L2_40,44A
D5L2_40,D5L2_43,44A
D5L2_43,D5L2_44,44A
D5L2_40,D5L2_44,44A
D5L2_40,D5L2_41,44A
D5L2_41,D5L2_44,44A
D5L2_42,D5L2_45,44A
D5L2_45,D2L1_73,44A
D5L2_39,D5L2_42,44A
D5L2_36,D5L2_39,44A
D5L2_39,D2L1_67,44A
D5L2_35,D5L2_36,44A
D5L2_41,D5L2_42,44A
D5L2_42,D2L1_73,44A
D2L1_67,D5L2_42,44A
D5L2_42,D2L1_70,44A
D5L2_36,D2L1_64,44A
D5L2_36,D2L1_67,44A
D2L1_64,D2L1_67,44A
D2L1_64,D2L1_68,44A
D2L1_64,D2L1_65,44A
D2L1_73,D2L1_74,44A
D2L1_70,D2L1_73,44A
D2L1_67,D2L1_68,44A
D2L1_67,D2L1_70,44A
D2L1_68,D2L1_71,44A
D2L1_65,D2L1_68,44A
D2L1_68,D2L1_70,44A
D2L1_71,D2L1_74,44A
D2L1_70,D2L1_71,44A
D2L1_70,D2L1_74,44A
D1Y1_42,D1Y1_44,44A
D1Y1_44,D2L1_63,44A
D1Y1_44,D1Y1_45,44A
D1Y1_38,D1Y1_42,44A
D1Y1_38,D1Y1_39,44A
D1Y1_41,D1Y1_42,44A
D2L1_62,D2L1_63,44A
D2L1_63,D2L1_65,44A
D2L1_68,D2L1_69,44A
D2L1_71,D2L1_75,44A
D2L1_71,D2L1_72,44A
D2L1_69,D2L1_71,44A
D2L1_74,D2L1_75,44A
D2L1_65,D2L1_66,44A
D2L1_65,D2L1_69,44A
D1Y1_42,D1Y1_45,44A
D1Y1_39,D1Y1_42,44A
D1Y1_42,D3L1_40,44A
D2L1_63,D4L1_31,44A
D1Y1_45,D2L1_63,44A
D4L1_31,D4L1_32,44A
D3L1_43,D4L1_32,44A
D1Y1_45,D4L1_31,44A
D3L1_43,D4L1_31,44A
D3L1_40,D1Y1_45,44A
D1Y1_45,D3L1_43,44A
D1Y1_39,D3L1_37,44A
D3L1_37,D3L1_40,44A
D3L1_37,D3L1_41,44A
D1Y1_39,D3L1_40,44A
D3L1_40,D3L1_43,44A
D3L1_40,D3L1_41,44A
D3L1_41,D3L1_43,44A
D3L1_44,D4L1_32,44A
D4L1_32,D4L1_33,44A
D3L1_37,D3L1_38,44A
D3L1_43,D3L1_44,44A
D3L1_38,D3L1_41,44A
D3L1_41,D3L1_44,44A
D3L1_41,D3L1_42,44A
D3L1_38,D3L1_42,44A
D3L1_38,D3L1_39,44A
D3L1_44,D4L1_33,44A
D3L1_42,D3L1_44,44A
D3L1_44,D3L1_45,44A
D3L1_45,D4L1_33,44A
D4L1_33,D5L3_31,44A
D3L1_39,D3L1_42,44A
D3L1_42,D3L1_45,44A
D3L1_42,D3Y1_85,44A
D3L1_39,D3Y1_85,44A
D3L1_39,D3Y1_82,44A
D3L1_45,D3Y1_88,44A
D3Y1_88,D5L3_31,44A
D3Y1_85,D3Y1_88,44A
D3L1_45,D5L3_31,44A
D3Y1_85,D3L1_45,44A
D3Y1_82,D3Y1_85,44A
D2L1_63,D2L1_66,44A
D4L1_32,D4L1_34,44A
D4L1_31,D2L1_66,44A
D4L1_31,D4L1_34,44A
D4L1_32,D4L1_35,44A
D4L1_33,D4L1_35,44A
D4L1_33,D4L1_36,44A
D5L3_31,D4L1_36,44A
D5L3_31,D5L3_34,44A
D4L1_37,D2L1_72,44A
D2L1_66,D4L1_37,44A
D2L1_69,D4L1_37,44A
D4L1_34,D4L1_37,44A
D4L1_37,D4L1_40,44A
D4L1_37,D4L1_38,44A
D2L1_75,D4L1_43,44A
D2L1_72,D2L1_75,44A
D2L1_72,D4L1_43,44A
D4L1_40,D4L1_43,44A
D4L1_43,D4L1_44,44A
D2L1_69,D2L1_72,44A
D2L1_72,D4L1_40,44A
D2L1_66,D2L1_69,44A
D2L1_66,D4L1_34,44A
D4L1_34,D4L1_38,44A
D4L1_38,D4L1_40,44A
D4L1_40,D4L1_44,44A
D4L1_34,D4L1_35,44A
D4L1_40,D4L1_41,44A
D4L1_38,D4L1_41,44A
D4L1_35,D4L1_38,44A
D4L1_38,D4L1_39,44A
D4L1_41,D4L1_44,44A
D4L1_44,D4L1_45,44A
D4L1_41,D4L1_42,44A
D4L1_39,D4L1_41,44A
D4L1_41,D4L1_45,44A
D4L1_35,D4L1_39,44A
D4L1_35,D4L1_36,44A
D4L1_39,D4L1_42,44A
D4L1_42,D5L3_43,44A
D4L1_42,D4L1_45,44A
D5L3_37,D4L1_42,44A
D4L1_42,D5L3_40,44A
D4L1_39,D5L3_37,44A
D4L1_36,D4L1_39,44A
D4L1_45,D5L3_43,44A
D5L3_40,D5L3_43,44A
D4L1_36,D5L3_37,44A
D5L3_37,D5L3_40,44A
D5L3_34,D5L3_37,44A
D4L1_36,D5L3_34,44A
D3L1_19,D3L1_20,44A
D3L1_22,D3L1_26,44A
D3L1_20,D3L1_22,44A
D3L1_22,D3L1_23,44A
D3L1_25,D3L1_26,44A
D2Y1_22,D2Y1_23,44A
D2Y1_16,D2Y1_17,44A
D2Y1_19,D2Y1_20,44A
D2Y1_17,D2Y1_19,44A
D2Y1_19,D2Y1_23,44A
D3L1_26,D3L1_28,44A
D3L1_28,D2Y1_17,44A
D3L1_28,D3L1_29,44A
D2Y1_25,D2Y1_26,44A
D2Y1_23,D2Y1_25,44A
D2Y1_25,D2Y1_29,44A
D2Y1_28,D2Y1_29,44A
D3L3_46,D3L3_47,44A
D3L3_46,D3L3_50,44A
D2Y1_29,D3L3_46,44A
D3L3_49,D3L3_50,44A
D3L3_50,D3L3_52,44A
D3L3_55,D3L3_56,44A
D3L3_56,D3L3_58,44A
D3L3_58,D2L2_32,44A
D3L3_58,D3L3_59,44A
D3L3_52,D3L3_56,44A
D3L3_52,D3L3_53,44A
D2L2_31,D2L2_32,44A
D2L2_37,D2L2_38,44A
D2L2_34,D2L2_38,44A
D2L2_32,D2L2_34,44A
D2L2_34,D2L2_35,44A
D2L2_38,D2L2_40,44A
D2L2_44,D3Y1_76,44A
D3Y1_76,D3Y1_77,44A
D3Y1_76,D3Y1_80,44A
D3Y1_79,D3Y1_80,44A
D2L2_43,D2L2_44,44A
D2L2_40,D2L2_41,44A
D2L2_40,D2L2_44,44A
D3Y1_86,D3Y1_88,44A
D3Y1_85,D3Y1_86,44A
D3Y1_82,D3Y1_83,44A
D3Y1_80,D3Y1_82,44A
D3Y1_82,D3Y1_86,44A
D3Y1_88,D3Y1_89,44A
D3Y1_88,D5L3_32,44A
D5L3_31,D5L3_32,44A
D5L3_43,D5L3_44,44A
D5L3_37,D5L3_38,44A
D5L3_40,D5L3_41,44A
D5L3_40,D5L3_44,44A
D5L3_38,D5L3_40,44A
D5L3_32,D5L3_34,44A
D5L3_34,D5L3_35,44A
D5L3_34,D5L3_38,44A
D3L1_23,D3L1_26,44A
D3L1_26,D3L1_29,44A
D2Y1_17,D2Y1_20,44A
D2Y1_20,D2Y1_23,44A
D3L1_20,D3L1_23,44A
D2Y1_23,D2Y1_26,44A
D2Y1_26,D2Y1_29,44A
D3L1_29,D2Y1_17,44A
D3L3_47,D3L3_50,44A
D2Y1_29,D3L3_47,44A
D3L1_26,D3L1_27,44A
D2Y1_18,D2Y1_20,44A
D3L1_20,D3L1_21,44A
D3L1_23,D3L1_24,44A
D3L1_21,D3L1_23,44A
D3L1_23,D3L1_27,44A
D2Y1_17,D2Y1_18,44A
D3L1_29,D2Y1_18,44A
D3L1_29,D3L1_30,44A
D3L1_27,D3L1_29,44A
D2Y1_20,D2Y1_21,44A
D2Y1_20,D2Y1_24,44A
D2Y1_24,D2Y1_26,44A
D2Y1_26,D2Y1_27,44A
D2Y1_26,D2Y1_30,44A
D3L3_47,D3L3_48,44A
D2Y1_30,D3L3_47,44A
D3L3_47,D3L3_51,44A
D2Y1_23,D2Y1_24,44A
D3L3_50,D3L3_51,44A
D2Y1_29,D2Y1_30,44A
D3L1_21,D3L1_24,44A
D3L1_24,D3L1_27,44A
D5L2_58,D3L2_61,44B
D3L2_61,D3L2_64,44B
D3L1_30,D2Y1_18,44A
D3L2_67,D3L2_70,44B
D3L2_64,D3L2_67,44B
D3L1_27,D3L1_30,44A
D2Y1_18,D2Y1_21,44A
D3L2_70,D3L2_73,44B
D3L2_73,D5L3_61,44B
D2Y1_21,D2Y1_24,44A
D5L3_61,D5L3_64,44B
D5L3_64,D5L3_67,44B
D2Y1_24,D2Y1_27,44A
D5L3_70,D5L3_73,44B
D5L3_67,D5L3_70,44B
D2Y1_30,D3L3_48,44A
D3L3_48,D3L3_51,44A
D2Y1_27,D2Y1_30,44A
D5L2_58,D5L2_59,44B
D3L2_61,D3L2_65,44B
D5L2_59,D3L2_61,44B
D3L2_61,D3L2_62,44B
D3L2_67,D3L2_71,44B
D3L2_65,D3L2_67,44B
D3L2_67,D3L2_68,44B
D3L2_70,D3L2_71,44B
D3L2_64,D3L2_65,44B
D3L2_71,D3L2_73,44B
D3L2_73,D3L2_74,44B
D3L2_73,D5L3_62,44B
D5L3_61,D5L3_62,44B
D5L3_62,D5L3_64,44B
D5L3_64,D5L3_65,44B
D5L3_64,D5L3_68,44B
D5L3_73,D5L3_74,44B
D5L3_67,D5L3_68,44B
D5L3_68,D5L3_70,44B
D5L3_70,D5L3_71,44B
D5L3_70,D5L3_74,44B
D3L2_71,D3L2_72,44B
D3L2_68,D3L2_72,44B
D3L2_69,D3L2_72,44B
D3L2_68,D3L2_71,44B
D3L2_65,D3L2_66,44B
D3L2_66,D3L2_68,44B
D3L2_62,D3L2_66,44B
D3L2_66,D3L2_69,44B
D3L2_63,D3L2_66,44B
D3L2_65,D3L2_68,44B
D3L2_62,D3L2_65,44B
D5L2_59,D5L2_60,44B
D5L2_59,D3L2_62,44B
D5L2_60,D3L2_62,44B
D5L2_60,D3L2_63,44B
D3L2_68,D3L2_69,44B
D3L2_62,D3L2_63,44B
D3L2_72,D2L1_124,44B
D3L2_66,D2L1_112,44B
D5L2_60,D3L2_58,44B
D2L1_112,D3L2_69,44B
D3L2_69,D2L1_124,44B
D3L2_69,D2L1_118,44B
D3L2_58,D3L2_63,44B
D3L2_63,D2L1_112,44B
D3L2_63,D2L1_106,44B
D3L2_58,D2L1_106,44B
D3L2_58,D3L2_59,44B
D2L1_106,D2L1_112,44B
D2L1_112,D2L1_118,44B
D2L1_112,D2L1_113,44B
D2L1_106,D2L1_113,44B
D3L2_59,D2L1_106,44B
D2L1_106,D2L1_107,44B
D2L1_118,D2L1_124,44B
D2L1_124,D2L1_125,44B
D2L1_118,D2L1_119,44B
D2L1_113,D2L1_118,44B
D2L1_118,D2L1_125,44B
D2L1_113,D2L1_119,44B
D2L1_119,D2L1_125,44B
D2L1_107,D2L1_113,44B
D3L2_59,D2L1_107,44B
D3L2_72,D3L2_75,44B
D3L2_72,D3L2_74,44B
D3L2_71,D3L2_74,44B
D2L1_124,D3L2_75,44B
D2L1_124,D2L1_130,44B
D2L1_125,D2L1_131,44B
D2L1_125,D2L1_130,44B
D2L2_61,D5L3_66,44B
D5L3_65,D5L3_66,44B
D5L3_63,D5L3_66,44B
D5L3_66,D2L2_64,44B
D3L2_74,D3L2_75,44B
D3L2_75,D2L2_61,44B
D3L2_75,D5L3_63,44B
D3L2_75,D2L1_130,44B
D2L1_131,D2L2_62,44B
D2L1_130,D2L1_131,44B
D3L2_74,D5L3_62,44B
D3L2_74,D5L3_63,44B
D5L3_62,D5L3_65,44B
D5L3_62,D5L3_63,44B
D2L2_61,D2L2_62,44B
D2L1_130,D2L2_62,44B
D2L2_62,D2L2_65,44B
D2L2_62,D2L2_64,44B
D5L3_63,D2L2_61,44B
D2L1_130,D2L2_61,44B
D2L2_61,D2L2_64,44B
D5L3_63,D5L3_65,44B
D2L2_64,D2L2_65,44B
D5L3_66,D2L2_67,44B
D5L3_66,D5L3_69,44B
D5L3_65,D5L3_68,44B
D5L3_65,D5L3_69,44B
D2L2_65,D2L2_68,44B
D2L2_64,D2L2_68,44B
D2L2_64,D2L2_67,44B
D2L2_67,D2L2_68,44B
D2L2_68,D2L2_70,44B
D2L2_68,D2L2_71,44B
D2L2_67,D5L3_72,44B
D5L3_69,D2L2_67,44B
D2L2_67,D2L2_70,44B
D5L3_68,D5L3_69,44B
D5L3_68,D5L3_71,44B
D5L3_69,D5L3_72,44B
D5L3_71,D5L3_72,44B
D5L3_72,D2L2_70,44B
D5L3_72,D5L3_75,44B
D5L3_72,D2L2_73,44B
D5L3_69,D5L3_71,44B
D5L3_71,D5L3_74,44B
D5L3_71,D5L3_75,44B
D2L2_70,D2L2_71,44B
D2L2_70,D2L2_74,44B
D2L2_70,D2L2_73,44B
D5L3_74,D5L3_75,44B
D2L2_71,D2L2_74,44B
D5L3_75,D2L2_73,44B
D2L2_73,D2L2_74,44B
D2L1_119,D2L1_126,44B
D2L1_114,D2L1_119,44B
D2L1_119,D2L1_120,44B
D2L1_113,D2L1_114,44B
D2L1_125,D2L1_126,44B
D3L2_59,D3L2_60,44B
D3L2_60,D2L1_107,44B
D2L1_107,D2L1_114,44B
D2L1_107,D2L1_108,44B
D2L1_126,D2L1_131,44B
D2L1_131,D2L1_132,44B
D2L1_131,D2L2_63,44B
D2L2_62,D2L2_63,44B
D2L2_65,D2L2_66,44B
D2L2_63,D2L2_65,44B
D2L2_65,D2L2_69,44B
D2L2_68,D2L2_69,44B
D2L2_69,D2L2_71,44B
D2L2_71,D2L2_72,44B
D2L2_71,D2L2_75,44B
D2L2_74,D2L2_75,44B
D2L1_114,D2L1_115,44B
D2L1_115,D2L1_120,44B
D2L1_108,D2L1_115,44B
D2L1_109,D2L1_115,44B
D2L1_115,D2L1_121,44B
D2L1_115,D2L1_116,44B
D2L1_120,D2L1_126,44B
D2L1_126,D2L1_127,44B
D3L2_60,D2L3_58,44B
D3L2_60,D2L1_108,44B
D2L1_114,D2L1_120,44B
D2L1_108,D2L1_114,44B
D2L3_58,D2L1_108,44B
D2L3_58,D2L3_59,44B
D2L3_58,D2L1_109,44B
D2L1_120,D2L1_127,44B
D2L1_120,D2L1_121,44B
D2L1_108,D2L1_109,44B
D2L1_127,D2L1_128,44B
D2L1_121,D2L1_127,44B
D2L3_59,D2L1_110,44B
D2L1_109,D2L1_110,44B
D2L1_110,D2L1_116,44B
D2L1_121,D2L1_128,44B
D2L1_122,D2L1_128,44B
D2L3_59,D2L1_109,44B
D2L1_109,D2L1_116,44B
D2L1_116,D2L1_121,44B
D2L1_121,D2L1_122,44B
D2L1_116,D2L1_122,44B
D2L3_60,D2L1_110,44B
D2L1_110,D2L1_117,44B
D2L1_110,D2L1_111,44B
D2L1_128,D2L1_129,44B
D2L3_59,D2L3_60,44B
D2L1_116,D2L1_117,44B
D2L1_117,D2L1_122,44B
D2L1_122,D2L1_123,44B
D2L1_122,D2L1_129,44B
D2L1_123,D3L3_82,44B
D3L3_82,D3L3_85,44B
D3L3_79,D3L3_82,44B
D2L3_60,D2L1_111,44B
D2L3_60,D1L3_58,44B
D2L1_117,D2L1_123,44B
D2L1_111,D2L1_117,44B
D2L1_117,D3L3_79,44B
D2L1_123,D3L3_85,44B
D2L1_123,D2L1_129,44B
D3L3_79,D2L1_123,44B
D1L3_58,D2L1_111,44B
D2L1_111,D3L3_79,44B
D2L1_111,D3L3_76,44B
D1L3_58,D3L3_76,44B
D2L1_129,D3L3_85,44B
D3L3_76,D3L3_79,44B
D3L3_82,D3L3_86,44B
D3L3_80,D3L3_82,44B
D3L3_82,D3L3_83,44B
D1L3_58,D1L3_59,44B
D3L3_85,D3L3_86,44B
D3L3_79,D3L3_80,44B
D1L3_59,D3L3_76,44B
D3L3_76,D3L3_77,44B
D3L3_76,D3L3_80,44B
D1L3_59,D3L3_77,44B
D1L3_59,D1L3_60,44B
D3L3_83,D3L3_86,44B
D3L3_86,D3L3_87,44B
D3L3_77,D3L3_80,44B
D1L3_60,D3L3_77,44B
D3L3_77,D3L3_78,44B
D3L3_77,D3L3_81,44B
D3L3_80,D3L3_83,44B
D3L3_80,D3L3_81,44B
D3L3_83,D3L3_84,44B
D3L3_81,D3L3_83,44B
D3L3_83,D3L3_87,44B
D1L3_60,D3L3_78,44B
D3L3_81,D3L3_84,44B
D3L3_84,D3L3_87,44B
D3L3_78,D3L3_81,44B
D2L1_126,D2L1_132,44B
D2L1_127,D2L1_132,44B
D2L1_127,D2L1_133,44B
D2L1_128,D2L1_133,44B
D2L1_128,D2L1_134,44B
D2L1_129,D2L1_134,44B
D3L3_85,D2L1_135,44B
D3L3_85,D3L3_88,44B
D2L1_129,D2L1_135,44B
D3L3_86,D3L3_89,44B
D3L3_86,D3L3_88,44B
D3L3_87,D3L3_89,44B
D3L3_87,D3L3_90,44B
D2Y1_62,D2Y1_63,44B
D2L1_134,D2Y1_63,44B
D2Y1_63,D2Y1_65,44B
D2L1_132,D2Y1_61,44B
D2L1_133,D2Y1_61,44B
D2Y1_61,D2Y1_62,44B
D2Y1_61,D2Y1_64,44B
D2Y1_61,D2L2_66,44B
D2L2_63,D2Y1_61,44B
D2L1_132,D2L1_133,44B
D2L1_132,D2L2_63,44B
D2L1_133,D2Y1_62,44B
D2L1_133,D2L1_134,44B
D2L1_134,D2Y1_62,44B
D2Y1_62,D2Y1_65,44B
D2Y1_62,D2Y1_64,44B
D2Y1_64,D2Y1_65,44B
D2L2_66,D2Y1_64,44B
D2L2_63,D2L2_66,44B
D2Y1_65,D2Y1_68,44B
D2Y1_65,D2Y1_69,44B
D2Y1_64,D2Y1_68,44B
D2Y1_64,D2Y1_67,44B
D2L2_66,D2L2_69,44B
D2L2_66,D2Y1_67,44B
D2L2_69,D2Y1_67,44B
D2L2_69,D2L2_72,44B
D2Y1_68,D2Y1_69,44B
D2Y1_67,D2Y1_68,44B
D2Y1_68,D2Y1_70,44B
D2Y1_68,D2Y1_71,44B
D2Y1_69,D2Y1_71,44B
D2Y1_67,D2Y1_70,44B
D2Y1_67,D2L2_72,44B
D2L2_72,D2Y1_70,44B
D2Y1_70,D2Y1_71,44B
D2Y1_70,D2Y1_73,44B
D2Y1_70,D2Y1_74,44B
D2L2_72,D2Y1_73,44B
D2L2_72,D2L2_75,44B
D2Y1_71,D2Y1_74,44B
D2Y1_71,D2Y1_75,44B
D2L2_75,D2Y1_73,44B
D2Y1_73,D2Y1_74,44B
D2Y1_74,D2Y1_75,44B
D2L1_135,D2Y1_63,44B
D2Y1_63,D4L3_61,44B
D2L1_134,D2L1_135,44B
D2Y1_63,D2Y1_66,44B
D2Y1_65,D2Y1_66,44B
D2Y1_66,D2Y1_69,44B
D2Y1_69,D4L3_67,44B
D2Y1_69,D2Y1_72,44B
D2Y1_71,D2Y1_72,44B
D2Y1_75,D4L3_73,44B
D2Y1_72,D2Y1_75,44B
D3L3_89,D4L3_63,44B
D3L3_90,D4L3_63,44B
D4L3_62,D4L3_63,44B
D3L3_89,D3L3_90,44B
D3L3_88,D3L3_89,44B
D3L3_89,D4L3_62,44B
D2L1_135,D4L3_61,44B
D2L1_135,D3L3_88,44B
D3L3_88,D4L3_61,44B
D4L3_61,D4L3_62,44B
D3L3_88,D4L3_62,44B
D4L3_63,D4L3_65,44B
D4L3_63,D4L3_66,44B
D4L3_61,D2Y1_66,44B
D4L3_61,D4L3_64,44B
D4L3_62,D4L3_65,44B
D4L3_62,D4L3_64,44B
D4L3_64,D4L3_65,44B
D4L3_65,D4L3_66,44B
D4L3_65,D4L3_68,44B
D4L3_65,D4L3_69,44B
D2Y1_66,D4L3_64,44B
D2Y1_66,D4L3_67,44B
D4L3_64,D4L3_68,44B
D4L3_64,D4L3_67,44B
D4L3_66,D4L3_69,44B
D4L3_68,D4L3_69,44B
D4L3_68,D4L3_71,44B
D4L3_68,D4L3_70,44B
D4L3_67,D4L3_68,44B
D4L3_69,D4L3_72,44B
D4L3_69,D4L3_71,44B
D4L3_72,D4L3_75,44B
D4L3_71,D4L3_75,44B
D4L3_74,D4L3_75,44B
D4L3_71,D4L3_72,44B
D4L3_71,D4L3_74,44B
D4L3_70,D4L3_71,44B
D4L3_70,D4L3_74,44B
D4L3_73,D4L3_74,44B
D4L3_67,D4L3_70,44B
D4L3_70,D4L3_73,44B
D2Y1_72,D4L3_70,44B
D4L3_67,D2Y1_72,44B
D2Y1_72,D4L3_73,44B
D3L3_50,D3L3_53,44A
D3L3_51,D3L3_53,44A
D5L3_73,D2L3_61,44B
D3L3_51,D3L3_54,44A
D5L3_74,D2L3_61,44B
D5L3_74,D2L3_62,44B
D5L3_75,D2L3_62,44B
D5L3_75,D2L3_63,44B
D2L2_74,D5L2_61,44B
D2L2_73,D5L2_61,44B
D2L2_73,D2L3_63,44B
D2L2_74,D5L2_62,44B
D2Y1_73,D5L2_63,44B
D2L2_75,D5L2_62,44B
D2L2_75,D5L2_63,44B
D2Y1_73,D3Y1_121,44B
D2Y1_74,D3Y1_121,44B
D2Y1_74,D3Y1_122,44B
D2Y1_75,D3Y1_122,44B
D2Y1_75,D3Y1_123,44B
D4L3_74,D1Y1_61,44B
D4L3_73,D1Y1_61,44B
D4L3_73,D3Y1_123,44B
D4L3_75,D1Y1_62,44B
D4L3_75,D1Y1_63,44B
D4L3_74,D1Y1_62,44B
D3L3_56,D3L3_57,44A
D3L3_53,D3L3_57,44A
D3L3_57,D3L3_59,44A
D3L3_53,D3L3_56,44A
D3L3_56,D3L3_59,44A
D2L2_35,D2L2_38,44A
D2L2_38,D2L2_39,44A
D2L2_32,D2L2_35,44A
D3L3_59,D2L2_32,44A
D2L2_32,D2L2_33,44A
D2L2_35,D2L2_39,44A
D2L2_33,D2L2_35,44A
D3L3_59,D2L2_33,44A
D3L3_57,D3L3_60,44A
D3L3_54,D3L3_57,44A
D3L3_53,D3L3_54,44A
D2L2_35,D2L2_36,44A
D3L3_59,D3L3_60,44A
D2L2_36,D2L2_39,44A
D3L3_60,D2L2_33,44A
D2L2_33,D2L2_36,44A
D2L3_61,D2L3_64,44B
D2L3_64,D2L3_67,44B
D2L3_67,D2L3_70,44B
D2L3_70,D2L3_73,44B
D2L3_73,D1L3_61,44B
D2L3_64,D2L3_65,44B
D2L3_61,D2L3_65,44B
D2L3_61,D2L3_62,44B
D2L3_65,D2L3_67,44B
D2L3_67,D2L3_68,44B
D2L3_70,D2L3_71,44B
D1L3_61,D1L3_62,44B
D2L3_67,D2L3_71,44B
D2L3_73,D2L3_74,44B
D2L3_71,D2L3_73,44B
D2L3_73,D1L3_62,44B
D5L2_61,D5L2_64,44B
D2L3_63,D5L2_64,44B
D2L3_66,D5L2_64,44B
D5L2_64,D5L2_67,44B
D5L2_64,D2L3_69,44B
D2L3_62,D2L3_65,44B
D2L3_65,D2L3_66,44B
D2L3_65,D2L3_68,44B
D2L3_63,D5L2_61,44B
D2L3_62,D2L3_63,44B
D2L3_62,D2L3_66,44B
D2L3_63,D2L3_66,44B
D2L3_66,D2L3_68,44B
D2L3_66,D2L3_69,44B
D2L3_68,D2L3_69,44B
D2L3_69,D5L2_67,44B
D2L3_68,D2L3_72,44B
D2L3_68,D2L3_71,44B
D5L2_67,D5L2_70,44B
D2L3_69,D5L2_70,44B
D2L3_69,D2L3_72,44B
D5L2_70,D2L3_75,44B
D2L3_72,D5L2_70,44B
D5L2_70,D5L2_73,44B
D2L3_74,D1L3_63,44B
D2L3_74,D2L3_75,44B
D2L3_72,D2L3_74,44B
D2L3_71,D2L3_74,44B
D2L3_74,D1L3_62,44B
D1L3_63,D4L1_61,44B
D2L3_75,D1L3_63,44B
D1L3_62,D1L3_63,44B
D2L3_75,D4L1_61,44B
D5L2_73,D4L1_61,44B
D2L3_72,D2L3_75,44B
D2L3_75,D5L2_73,44B
D2L3_71,D2L3_72,44B
D2L2_38,D2L2_41,44A
D2L2_39,D2L2_41,44A
D2L2_39,D2L2_42,44A
D1L3_61,D1L3_64,44B
D1L3_62,D1L3_64,44B
D1L3_63,D1L3_65,44B
D1L3_63,D1L3_66,44B
D4L1_61,D4L1_64,44B
D4L1_61,D1L3_66,44B
D1L3_62,D1L3_65,44B
D2L2_41,D2L2_45,44A
D2L2_44,D2L2_45,44A
D2L2_45,D3Y1_77,44A
D2L2_41,D2L2_44,44A
D2L2_44,D3Y1_77,44A
D3Y1_83,D3Y1_87,44A
D3Y1_86,D3Y1_87,44A
D3Y1_81,D3Y1_83,44A
D3Y1_80,D3Y1_83,44A
D3Y1_83,D3Y1_86,44A
D3Y1_77,D3Y1_81,44A
D3Y1_77,D3Y1_80,44A
D3Y1_80,D3Y1_81,44A
D3Y1_87,D3Y1_89,44A
D3Y1_86,D3Y1_89,44A
D3Y1_89,D5L3_32,44A
D3Y1_89,D5L3_33,44A
D5L3_32,D5L3_33,44A
D5L3_32,D5L3_35,44A
D5L3_33,D5L3_35,44A
D5L3_39,D5L3_41,44A
D5L3_41,D5L3_44,44A
D5L3_38,D5L3_41,44A
D5L3_41,D5L3_45,44A
D5L3_35,D5L3_39,44A
D5L3_38,D5L3_39,44A
D5L3_35,D5L3_38,44A
D5L3_44,D5L3_45,44A
D2L2_45,D3Y1_78,44A
D2L2_42,D2L2_45,44A
D2L2_41,D2L2_42,44A
D3Y1_87,D3Y1_90,44A
D3Y1_84,D3Y1_87,44A
D3Y1_83,D3Y1_84,44A
D3Y1_77,D3Y1_78,44A
D3Y1_78,D3Y1_81,44A
D3Y1_81,D3Y1_84,44A
D3Y1_89,D3Y1_90,44A
D5L3_33,D5L3_36,44A
D3Y1_90,D5L3_33,44A
D5L3_41,D5L3_42,44A
D5L3_36,D5L3_39,44A
D5L3_39,D5L3_42,44A
D5L3_35,D5L3_36,44A
D5L3_42,D5L3_45,44A
D1L3_64,D1L3_67,44B
D1L3_70,D1L3_73,44B
D1L3_67,D1L3_70,44B
D1L3_64,D1L3_68,44B
D1L3_64,D1L3_65,44B
D1L3_73,D1L3_74,44B
D1L3_67,D1L3_68,44B
D1L3_68,D1L3_70,44B
D1L3_70,D1L3_74,44B
D1L3_70,D1L3_71,44B
D1L3_65,D1L3_68,44B
D1L3_68,D1L3_71,44B
D1L3_68,D1L3_69,44B
D1L3_71,D1L3_74,44B
D1L3_74,D1L3_75,44B
D1L3_65,D1L3_69,44B
D1L3_65,D1L3_66,44B
D1L3_69,D1L3_71,44B
D1L3_71,D1L3_72,44B
D1L3_71,D1L3_75,44B
D1L3_69,D1L3_72,44B
D1L3_69,D4L1_67,44B
D1L3_66,D1L3_69,44B
D1L3_72,D4L1_70,44B
D1L3_72,D4L1_73,44B
D4L1_67,D1L3_72,44B
D1L3_72,D1L3_75,44B
D4L1_64,D4L1_67,44B
D1L3_66,D4L1_64,44B
D4L1_70,D4L1_73,44B
D4L1_67,D4L1_70,44B
D1L3_75,D4L1_73,44B
D1L3_66,D4L1_67,44B
D5L2_64,D5L2_65,44B
D5L2_61,D5L2_65,44B
D5L2_61,D5L2_62,44B
D5L2_67,D5L2_71,44B
D5L2_65,D5L2_67,44B
D5L2_67,D5L2_68,44B
D5L2_70,D5L2_71,44B
D5L2_71,D5L2_73,44B
D5L2_73,D5L2_74,44B
D4L1_61,D4L1_62,44B
D5L2_73,D4L1_62,44B
D4L1_64,D4L1_68,44B
D4L1_62,D4L1_64,44B
D4L1_64,D4L1_65,44B
D4L1_68,D4L1_70,44B
D4L1_70,D4L1_74,44B
D4L1_70,D4L1_71,44B
D4L1_73,D4L1_74,44B
D4L1_67,D4L1_68,44B
D5L2_65,D5L2_66,44B
D5L2_62,D5L2_66,44B
D5L2_66,D5L2_68,44B
D5L2_66,D5L2_69,44B
D5L2_63,D5L2_66,44B
D5L2_71,D5L2_74,44B
D5L2_68,D5L2_71,44B
D5L2_71,D5L2_72,44B
D5L2_74,D5L2_75,44B
D5L2_72,D5L2_74,44B
D5L2_62,D5L2_65,44B
D5L2_65,D5L2_68,44B
D5L2_62,D5L2_63,44B
D5L2_68,D5L2_72,44B
D5L2_68,D5L2_69,44B
D5L2_72,D5L2_75,44B
D5L2_69,D5L2_72,44B
D5L2_66,D3Y1_124,44B
D3Y1_130,D5L2_75,44B
D5L2_75,D3Y1_133,44B
D5L2_72,D3Y1_130,44B
D3Y1_124,D5L2_69,44B
D5L2_69,D3Y1_130,44B
D5L2_69,D3Y1_127,44B
D5L2_63,D3Y1_124,44B
D5L2_63,D3Y1_121,44B
D3Y1_124,D3Y1_125,44B
D3Y1_121,D3Y1_124,44B
D3Y1_124,D3Y1_127,44B
D3Y1_130,D3Y1_131,44B
D3Y1_130,D3Y1_133,44B
D3Y1_127,D3Y1_130,44B
D3Y1_121,D3Y1_125,44B
D3Y1_125,D3Y1_127,44B
D3Y1_125,D3Y1_128,44B
D3Y1_122,D3Y1_125,44B
D3Y1_131,D3Y1_133,44B
D3Y1_127,D3Y1_131,44B
D3Y1_131,D3Y1_134,44B
D3Y1_128,D3Y1_131,44B
D3Y1_133,D3Y1_134,44B
D3Y1_121,D3Y1_122,44B
D3Y1_127,D3Y1_128,44B
D3Y1_125,D3Y1_126,44B
D3Y1_131,D3Y1_132,44B
D3Y1_132,D3Y1_134,44B
D3Y1_134,D3Y1_135,44B
D3Y1_128,D3Y1_132,44B
D3Y1_128,D3Y1_129,44B
D3Y1_126,D3Y1_128,44B
D3Y1_122,D3Y1_123,44B
D3Y1_122,D3Y1_126,44B
D3Y1_123,D1Y1_61,44B
D1Y1_61,D1Y1_64,44B
D3Y1_132,D3Y1_135,44B
D3Y1_129,D3Y1_132,44B
D3Y1_132,D1Y1_70,44B
D1Y1_70,D3Y1_135,44B
D3Y1_135,D1Y1_73,44B
D3Y1_123,D1Y1_64,44B
D3Y1_123,D3Y1_126,44B
D3Y1_129,D1Y1_70,44B
D1Y1_64,D3Y1_129,44B
D3Y1_126,D3Y1_129,44B
D3Y1_129,D1Y1_67,44B
D1Y1_70,D1Y1_73,44B
D1Y1_67,D1Y1_70,44B
D3Y1_126,D1Y1_64,44B
D1Y1_64,D1Y1_67,44B
D1Y1_61,D1Y1_65,44B
D1Y1_61,D1Y1_62,44B
D1Y1_70,D1Y1_71,44B
D1Y1_64,D1Y1_65,44B
D1Y1_71,D1Y1_73,44B
D1Y1_73,D1Y1_74,44B
D1Y1_65,D1Y1_67,44B
D1Y1_67,D1Y1_71,44B
D1Y1_67,D1Y1_68,44B
D1Y1_65,D1Y1_68,44B
D1Y1_62,D1Y1_65,44B
D1Y1_65,D1Y1_66,44B
D1Y1_68,D1Y1_71,44B
D1Y1_71,D1Y1_74,44B
D1Y1_71,D1Y1_72,44B
D1Y1_68,D1Y1_72,44B
D1Y1_68,D1Y1_69,44B
D1Y1_66,D1Y1_68,44B
D1Y1_74,D1Y1_75,44B
D1Y1_72,D1Y1_74,44B
D1Y1_62,D1Y1_66,44B
D1Y1_62,D1Y1_63,44B
D1Y1_72,D1Y1_75,44B
D1Y1_69,D1Y1_72,44B
D1Y1_66,D1Y1_69,44B
D1Y1_63,D1Y1_66,44B
D5L2_74,D4L1_63,44B
D5L2_74,D4L1_62,44B
D5L2_75,D4L1_63,44B
D5L2_75,D3Y1_136,44B
D3Y1_133,D3Y1_136,44B
D3Y1_133,D3Y1_137,44B
D3Y1_134,D3Y1_137,44B
D3Y1_134,D3Y1_138,44B
D3Y1_135,D3Y1_138,44B
D3Y1_135,D3L1_61,44B
D1Y1_73,D3L1_61,44B
D1Y1_73,D3L1_62,44B
D1Y1_74,D3L1_62,44B
D1Y1_74,D3L1_63,44B
D1Y1_75,D3L1_63,44B
D4L1_62,D4L1_63,44B
D4L1_63,D4L1_65,44B
D4L1_63,D4L1_66,44B
D4L1_68,D4L1_71,44B
D4L1_68,D4L1_69,44B
D4L1_65,D4L1_68,44B
D4L1_71,D4L1_74,44B
D4L1_74,D4L1_75,44B
D4L1_69,D4L1_71,44B
D4L1_71,D4L1_75,44B
D4L1_71,D4L1_72,44B
D4L1_62,D4L1_65,44B
D4L1_65,D4L1_69,44B
D4L1_66,D4L1_69,44B
D4L1_69,D4L1_72,44B
D4L1_65,D4L1_66,44B
D4L1_72,D4L1_75,44B
D4L1_63,D3Y1_136,44B
D4L1_69,D3Y1_142,44B
D3Y1_136,D4L1_66,44B
D4L1_66,D3Y1_139,44B
D4L1_66,D3Y1_142,44B
D4L1_75,D3Y1_148,44B
D4L1_72,D3Y1_148,44B
D3Y1_142,D4L1_72,44B
D4L1_72,D3Y1_145,44B
D3Y1_136,D3Y1_139,44B
D3Y1_136,D3Y1_137,44B
D3Y1_145,D3Y1_148,44B
D3Y1_148,D3Y1_149,44B
D3Y1_139,D3Y1_142,44B
D3Y1_139,D3Y1_143,44B
D3Y1_137,D3Y1_139,44B
D3Y1_139,D3Y1_140,44B
D3Y1_142,D3Y1_145,44B
D3Y1_142,D3Y1_143,44B
D3Y1_143,D3Y1_145,44B
D3Y1_145,D3Y1_149,44B
D3Y1_145,D3Y1_146,44B
D3Y1_143,D3Y1_146,44B
D3Y1_140,D3Y1_143,44B
D3Y1_137,D3Y1_140,44B
D3Y1_146,D3Y1_149,44B
D3Y1_143,D3Y1_144,44B
D3Y1_137,D3Y1_138,44B
D3Y1_149,D3Y1_150,44B
D3Y1_144,D3Y1_146,44B
D3Y1_146,D3Y1_150,44B
D3Y1_146,D3Y1_147,44B
D3Y1_140,D3Y1_141,44B
D3Y1_138,D3Y1_140,44B
D3Y1_140,D3Y1_144,44B
D3Y1_138,D3Y1_141,44B
D3Y1_141,D3Y1_144,44B
D3Y1_141,D3L1_67,44B
D3L1_61,D3Y1_141,44B
D3Y1_141,D3L1_64,44B
D3Y1_138,D3L1_61,44B
D3Y1_144,D3Y1_147,44B
D3Y1_144,D3L1_67,44B
D3Y1_147,D3Y1_150,44B
D3Y1_150,D3L1_73,44B
D3Y1_147,D3L1_70,44B
D3L1_70,D3L1_73,44B
D3L1_67,D3L1_70,44B
D3Y1_147,D3L1_73,44B
D3L1_67,D3Y1_147,44B
D3L1_64,D3L1_67,44B
D3L1_61,D3L1_64,44B
D3L1_70,D3L1_74,44B
D3L1_68,D3L1_70,44B
D3L1_70,D3L1_71,44B
D3L1_73,D3L1_74,44B
D3L1_67,D3L1_68,44B
D3L1_61,D3L1_62,44B
D3L1_62,D3L1_64,44B
D3L1_64,D3L1_68,44B
D3L1_64,D3L1_65,44B
D3L1_71,D3L1_74,44B
D3L1_74,D3L1_75,44B
D3L1_62,D3L1_65,44B
D3L1_62,D3L1_63,44B
D3L1_68,D3L1_71,44B
D3L1_68,D3L1_69,44B
D3L1_65,D3L1_68,44B
D3L1_69,D3L1_71,44B
D3L1_71,D3L1_72,44B
D3L1_71,D3L1_75,44B
D3L1_66,D3L1_69,44B
D3L1_65,D3L1_66,44B
D3L1_63,D3L1_66,44B
D3L1_69,D3L1_72,44B
D3L1_65,D3L1_69,44B
D3L1_72,D3L1_75,44B
D3L1_63,D3L1_65,44B
