part,dataset,fold,h,model,metric,mean,std,n,pos,verdict,strata,observed,null_mean,null_std,excess,z,n_ge,n_perm,note
AP,REAL,44A,3,posrate,no-skill AUCPR,0.047113630920648575,0.0,1,,,,,,,,,,,
AP,REAL,44A,3,MLP,AUCPR,0.16648955688424744,0.010740855684473206,20,,,,,,,,,,,
AP,REAL,44A,3,nograph,AUCPR,0.17216142005765464,0.005919632953719002,20,,,,,,,,,,,
AP,REAL,44A,3,random,AUCPR,0.16952098905881346,0.007837471832525852,20,,,,,,,,,,,
AP,REAL,44A,3,true,AUCPR,0.17789015949025413,0.008493147630572996,20,,,,,,,,,,,
AP,REAL,44A,3,SID,AUCPR,0.15953879337681967,0.014244159078970703,20,,,,,,,,,,,
AP,REAL,44B,3,posrate,no-skill AUCPR,0.04658365994691849,0.0,1,,,,,,,,,,,
AP,REAL,44B,3,MLP,AUCPR,0.15849254392959047,0.0037741504370901713,20,,,,,,,,,,,
AP,REAL,44B,3,nograph,AUCPR,0.1569415589334045,0.002276552902266468,20,,,,,,,,,,,
AP,REAL,44B,3,random,AUCPR,0.16375862422623566,0.0051364739955011415,20,,,,,,,,,,,
AP,REAL,44B,3,true,AUCPR,0.18562279294686107,0.003684669538074449,20,,,,,,,,,,,
AP,REAL,44B,3,SID,AUCPR,0.14534410436482365,0.011593455653740184,20,,,,,,,,,,,
DECOMP,REAL,pooled,3,temporal (nograph-MLP),pairedAUCPR,0.002060439088610614,0.009179290090283593,40,21,INCONCLUSIVE,,,,,,,,,
DECOMP,REAL,44A,3,temporal (nograph-MLP),pairedAUCPR,0.005671863173407235,0.011368002428873333,20,14,INCONCLUSIVE,,,,,,,,,
DECOMP,REAL,44B,3,temporal (nograph-MLP),pairedAUCPR,-0.001550984996186007,0.0036335225415275556,20,7,INCONCLUSIVE,,,,,,,,,
DECOMP,REAL,pooled,3,prevalence (random-nograph),pairedAUCPR,0.0020883171469950057,0.007865111097503562,40,25,INCONCLUSIVE,,,,,,,,,
DECOMP,REAL,44A,3,prevalence (random-nograph),pairedAUCPR,-0.002640430998841177,0.0076227681477976615,20,6,INCONCLUSIVE,,,,,,,,,
DECOMP,REAL,44B,3,prevalence (random-nograph),pairedAUCPR,0.006817065292831189,0.004570692820959477,20,19,POS,,,,,,,,,
DECOMP,REAL,pooled,3,STRUCTURE (true-random),pairedAUCPR,0.015116669576033026,0.008115379549416806,40,39,POS,,,,,,,,,
DECOMP,REAL,44A,3,STRUCTURE (true-random),pairedAUCPR,0.008369170431440672,0.004248383512588154,20,19,POS,,,,,,,,,
DECOMP,REAL,44B,3,STRUCTURE (true-random),pairedAUCPR,0.02186416872062538,0.004755262198828272,20,20,POS,,,,,,,,,
DECOMP,REAL,pooled,3,total graph (true-nograph),pairedAUCPR,0.017204986723028032,0.012554119264125996,40,36,POS,,,,,,,,,
DECOMP,REAL,44A,3,total graph (true-nograph),pairedAUCPR,0.0057287394325994945,0.006466547151585515,20,16,INCONCLUSIVE,,,,,,,,,
DECOMP,REAL,44B,3,total graph (true-nograph),pairedAUCPR,0.02868123401345657,0.0031602349896777413,20,20,POS,,,,,,,,,
DECOMP,REAL,pooled,3,total STGNN-MLP (true-MLP),pairedAUCPR,0.019265425811638644,0.013016042827425401,40,36,POS,,,,,,,,,
DECOMP,REAL,44A,3,total STGNN-MLP (true-MLP),pairedAUCPR,0.01140060260600673,0.013778004356571824,20,16,INCONCLUSIVE,,,,,,,,,
DECOMP,REAL,44B,3,total STGNN-MLP (true-MLP),pairedAUCPR,0.02713024901727056,0.005028961086480954,20,20,POS,,,,,,,,,
DECOMP,REAL,pooled,3,SI(D) head (SID-true) *NOT vs synth SEIR*,pairedAUCPR,-0.029315027347735972,0.018591167588399786,40,4,NEG,,,,,,,,,
DECOMP,REAL,44A,3,SI(D) head (SID-true) *NOT vs synth SEIR*,pairedAUCPR,-0.01835136611343451,0.016650610246160966,20,3,NEG,,,,,,,,,
DECOMP,REAL,44B,3,SI(D) head (SID-true) *NOT vs synth SEIR*,pairedAUCPR,-0.040278688582037446,0.013176360184410698,20,1,NEG,,,,,,,,,
AP,REAL,44A,1,posrate,no-skill AUCPR,0.016967879608273506,0.0,1,,,,,,,,,,,
AP,REAL,44A,1,MLP,AUCPR,0.061696926206985934,0.004023614875979828,4,,,,,,,,,,,
AP,REAL,44A,1,nograph,AUCPR,0.06823375094303916,0.004321225635019358,4,,,,,,,,,,,
AP,REAL,44A,1,random,AUCPR,0.0697950753208448,0.004736382912715121,4,,,,,,,,,,,
AP,REAL,44A,1,true,AUCPR,0.07390814374738977,0.006825720141615873,4,,,,,,,,,,,
AP,REAL,44A,1,SID,AUCPR,0.05776660007947977,0.0023105795399675794,4,,,,,,,,,,,
AP,REAL,44B,1,posrate,no-skill AUCPR,0.016051171347498894,0.0,1,,,,,,,,,,,
AP,REAL,44B,1,MLP,AUCPR,0.057812155520795105,0.0011179271348314914,4,,,,,,,,,,,
AP,REAL,44B,1,nograph,AUCPR,0.05862884986845636,0.0015904668003557487,4,,,,,,,,,,,
AP,REAL,44B,1,random,AUCPR,0.06230407104425993,0.0019666680207899886,4,,,,,,,,,,,
AP,REAL,44B,1,true,AUCPR,0.06792879651941344,0.0010773401999294714,4,,,,,,,,,,,
AP,REAL,44B,1,SID,AUCPR,0.061076064070358475,0.0038304791946024448,4,,,,,,,,,,,
DECOMP,REAL,pooled,1,temporal (nograph-MLP),pairedAUCPR,0.0036767595418572404,0.0031116826831216176,8,7,POS,,,,,,,,,
DECOMP,REAL,44A,1,temporal (nograph-MLP),pairedAUCPR,0.006536824736053227,0.001123770770687907,4,4,POS,,,,,,,,,
DECOMP,REAL,44B,1,temporal (nograph-MLP),pairedAUCPR,0.0008166943476612537,0.0013199741155502827,4,3,INCONCLUSIVE,,,,,,,,,
DECOMP,REAL,pooled,1,prevalence (random-nograph),pairedAUCPR,0.0026182727768046046,0.0023188723843459644,8,7,POS,,,,,,,,,
DECOMP,REAL,44A,1,prevalence (random-nograph),pairedAUCPR,0.001561324377805635,0.002839912506039897,4,3,INCONCLUSIVE,,,,,,,,,
DECOMP,REAL,44B,1,prevalence (random-nograph),pairedAUCPR,0.003675221175803574,0.000674503811338305,4,4,POS,,,,,,,,,
DECOMP,REAL,pooled,1,STRUCTURE (true-random),pairedAUCPR,0.004868896950849246,0.005194764350447951,8,7,INCONCLUSIVE,,,,,,,,,
DECOMP,REAL,44A,1,STRUCTURE (true-random),pairedAUCPR,0.004113068426544974,0.006892750451775281,4,3,INCONCLUSIVE,,,,,,,,,
DECOMP,REAL,44B,1,STRUCTURE (true-random),pairedAUCPR,0.005624725475153518,0.002306207060655565,4,4,POS,,,,,,,,,
DECOMP,REAL,pooled,1,total graph (true-nograph),pairedAUCPR,0.0074871697276538505,0.004475040140543732,8,8,POS,,,,,,,,,
DECOMP,REAL,44A,1,total graph (true-nograph),pairedAUCPR,0.005674392804350609,0.00537823041986886,4,4,POS,,,,,,,,,
DECOMP,REAL,44B,1,total graph (true-nograph),pairedAUCPR,0.009299946650957092,0.002134077253154397,4,4,POS,,,,,,,,,
DECOMP,REAL,pooled,1,total STGNN-MLP (true-MLP),pairedAUCPR,0.01116392926951109,0.003994857967937997,8,8,POS,,,,,,,,,
DECOMP,REAL,44A,1,total STGNN-MLP (true-MLP),pairedAUCPR,0.012211217540403836,0.005012672252703748,4,4,POS,,,,,,,,,
DECOMP,REAL,44B,1,total STGNN-MLP (true-MLP),pairedAUCPR,0.010116640998618346,0.002144124952112242,4,4,POS,,,,,,,,,
DECOMP,REAL,pooled,1,SI(D) head (SID-true) *NOT vs synth SEIR*,pairedAUCPR,-0.011497138058482487,0.007152055006559085,8,0,NEG,,,,,,,,,
DECOMP,REAL,44A,1,SI(D) head (SID-true) *NOT vs synth SEIR*,pairedAUCPR,-0.016141543667909996,0.007101292025928335,4,0,NEG,,,,,,,,,
DECOMP,REAL,44B,1,SI(D) head (SID-true) *NOT vs synth SEIR*,pairedAUCPR,-0.006852732449054979,0.002955406277725108,4,0,NEG,,,,,,,,,
AP,REAL,44A,2,posrate,no-skill AUCPR,0.03224775195121765,0.0,1,,,,,,,,,,,
AP,REAL,44A,2,MLP,AUCPR,0.1140846466284949,0.00872850740989823,4,,,,,,,,,,,
AP,REAL,44A,2,nograph,AUCPR,0.12370637487761593,0.0011405239595577493,4,,,,,,,,,,,
AP,REAL,44A,2,random,AUCPR,0.12360975486808627,0.002680952600195752,4,,,,,,,,,,,
AP,REAL,44A,2,true,AUCPR,0.1305307954521892,0.0033551732292711424,4,,,,,,,,,,,
AP,REAL,44A,2,SID,AUCPR,0.10308142642310927,0.007329124980087711,4,,,,,,,,,,,
AP,REAL,44B,2,posrate,no-skill AUCPR,0.03123471885919571,0.0,1,,,,,,,,,,,
AP,REAL,44B,2,MLP,AUCPR,0.10568677856141198,0.002379269337828684,4,,,,,,,,,,,
AP,REAL,44B,2,nograph,AUCPR,0.10710249424386833,0.0013966489876118377,4,,,,,,,,,,,
AP,REAL,44B,2,random,AUCPR,0.11109140991267813,0.003240050682030885,4,,,,,,,,,,,
AP,REAL,44B,2,true,AUCPR,0.12298198924691894,0.0011009094956613357,4,,,,,,,,,,,
AP,REAL,44B,2,SID,AUCPR,0.10450922491765782,0.007058094573215927,4,,,,,,,,,,,
DECOMP,REAL,pooled,2,temporal (nograph-MLP),pairedAUCPR,0.005518721965788703,0.006933510774243058,8,7,INCONCLUSIVE,,,,,,,,,
DECOMP,REAL,44A,2,temporal (nograph-MLP),pairedAUCPR,0.009621728249121036,0.007653006745690187,4,4,POS,,,,,,,,,
DECOMP,REAL,44B,2,temporal (nograph-MLP),pairedAUCPR,0.0014157156824563706,0.001977197496807148,4,3,INCONCLUSIVE,,,,,,,,,
DECOMP,REAL,pooled,2,prevalence (random-nograph),pairedAUCPR,0.001946147829640062,0.0030151901448142765,8,7,INCONCLUSIVE,,,,,,,,,
DECOMP,REAL,44A,2,prevalence (random-nograph),pairedAUCPR,-9.662000952966737e-05,0.001967771594465849,4,3,INCONCLUSIVE,,,,,,,,,
DECOMP,REAL,44B,2,prevalence (random-nograph),pairedAUCPR,0.003988915668809791,0.002442297541515217,4,4,POS,,,,,,,,,
DECOMP,REAL,pooled,2,STRUCTURE (true-random),pairedAUCPR,0.009405809959171885,0.004731282632757797,8,8,POS,,,,,,,,,
DECOMP,REAL,44A,2,STRUCTURE (true-random),pairedAUCPR,0.006921040584102964,0.004070794619797651,4,4,POS,,,,,,,,,
DECOMP,REAL,44B,2,STRUCTURE (true-random),pairedAUCPR,0.011890579334240807,0.003981274189369127,4,4,POS,,,,,,,,,
DECOMP,REAL,pooled,2,total graph (true-nograph),pairedAUCPR,0.011351957788811947,0.005541419462296394,8,8,POS,,,,,,,,,
DECOMP,REAL,44A,2,total graph (true-nograph),pairedAUCPR,0.006824420574573296,0.003861628196711404,4,4,POS,,,,,,,,,
DECOMP,REAL,44B,2,total graph (true-nograph),pairedAUCPR,0.0158794950030506,0.002346337684981891,4,4,POS,,,,,,,,,
DECOMP,REAL,pooled,2,total STGNN-MLP (true-MLP),pairedAUCPR,0.016870679754600652,0.0076629377757787415,8,8,POS,,,,,,,,,
DECOMP,REAL,44A,2,total STGNN-MLP (true-MLP),pairedAUCPR,0.016446148823694332,0.010356498040248891,4,4,POS,,,,,,,,,
DECOMP,REAL,44B,2,total STGNN-MLP (true-MLP),pairedAUCPR,0.01729521068550697,0.0031342823788934825,4,4,POS,,,,,,,,,
DECOMP,REAL,pooled,2,SI(D) head (SID-true) *NOT vs synth SEIR*,pairedAUCPR,-0.02296106667917054,0.008843976825900365,8,0,NEG,,,,,,,,,
DECOMP,REAL,44A,2,SI(D) head (SID-true) *NOT vs synth SEIR*,pairedAUCPR,-0.02744936902907995,0.008753721953246876,4,0,NEG,,,,,,,,,
DECOMP,REAL,44B,2,SI(D) head (SID-true) *NOT vs synth SEIR*,pairedAUCPR,-0.018472764329261128,0.006286055057901133,4,0,NEG,,,,,,,,,
AP,REAL,44A,4,posrate,no-skill AUCPR,0.05941736325621605,0.0,1,,,,,,,,,,,
AP,REAL,44A,4,MLP,AUCPR,0.19147351937483464,0.007219452269896915,4,,,,,,,,,,,
AP,REAL,44A,4,nograph,AUCPR,0.19556787293828637,0.0025425963790147023,4,,,,,,,,,,,
AP,REAL,44A,4,random,AUCPR,0.19383985852838784,0.006412641996317042,4,,,,,,,,,,,
AP,REAL,44A,4,true,AUCPR,0.19895732266040217,0.003068263636537012,4,,,,,,,,,,,
AP,REAL,44A,4,SID,AUCPR,0.17071963171191076,0.0008769473688341697,4,,,,,,,,,,,
AP,REAL,44B,4,posrate,no-skill AUCPR,0.06004909798502922,0.0,1,,,,,,,,,,,
AP,REAL,44B,4,MLP,AUCPR,0.18783198443260074,0.003114968436166943,4,,,,,,,,,,,
AP,REAL,44B,4,nograph,AUCPR,0.188359128600797,0.001701317095625232,4,,,,,,,,,,,
AP,REAL,44B,4,random,AUCPR,0.19396174721527717,0.008493913317660882,4,,,,,,,,,,,
AP,REAL,44B,4,true,AUCPR,0.2162711370557074,0.0014421627288707646,4,,,,,,,,,,,
AP,REAL,44B,4,SID,AUCPR,0.15937183935472532,0.0007558710662814694,4,,,,,,,,,,,
DECOMP,REAL,pooled,4,temporal (nograph-MLP),pairedAUCPR,0.0023107488658239833,0.0052877706509492205,8,4,INCONCLUSIVE,,,,,,,,,
DECOMP,REAL,44A,4,temporal (nograph-MLP),pairedAUCPR,0.004094353563451732,0.006472997492073481,4,2,INCONCLUSIVE,,,,,,,,,
DECOMP,REAL,44B,4,temporal (nograph-MLP),pairedAUCPR,0.0005271441681962349,0.0027674625466103018,4,2,INCONCLUSIVE,,,,,,,,,
DECOMP,REAL,pooled,4,prevalence (random-nograph),pairedAUCPR,0.0019373021022908304,0.007863745882586622,8,5,INCONCLUSIVE,,,,,,,,,
DECOMP,REAL,44A,4,prevalence (random-nograph),pairedAUCPR,-0.001728014409898511,0.006962448431413156,4,2,INCONCLUSIVE,,,,,,,,,
DECOMP,REAL,44B,4,prevalence (random-nograph),pairedAUCPR,0.005602618614480172,0.0069521378138420785,4,3,INCONCLUSIVE,,,,,,,,,
DECOMP,REAL,pooled,4,STRUCTURE (true-random),pairedAUCPR,0.013713426986222296,0.011248226107827584,8,7,POS,,,,,,,,,
DECOMP,REAL,44A,4,STRUCTURE (true-random),pairedAUCPR,0.005117464132014346,0.006083150320490611,4,3,INCONCLUSIVE,,,,,,,,,
DECOMP,REAL,44B,4,STRUCTURE (true-random),pairedAUCPR,0.022309389840430245,0.008261919180317451,4,4,POS,,,,,,,,,
DECOMP,REAL,pooled,4,total graph (true-nograph),pairedAUCPR,0.015650729088513126,0.012507612881102227,8,7,POS,,,,,,,,,
DECOMP,REAL,44A,4,total graph (true-nograph),pairedAUCPR,0.003389449722115835,0.002571285735401454,4,3,POS,,,,,,,,,
DECOMP,REAL,44B,4,total graph (true-nograph),pairedAUCPR,0.027912008454910417,0.0023645943060638893,4,4,POS,,,,,,,,,
DECOMP,REAL,pooled,4,total STGNN-MLP (true-MLP),pairedAUCPR,0.01796147795433711,0.012396737458131373,8,7,POS,,,,,,,,,
DECOMP,REAL,44A,4,total STGNN-MLP (true-MLP),pairedAUCPR,0.007483803285567567,0.008692479626659609,4,3,INCONCLUSIVE,,,,,,,,,
DECOMP,REAL,44B,4,total STGNN-MLP (true-MLP),pairedAUCPR,0.028439152623106652,0.0034979514322861505,4,4,POS,,,,,,,,,
DECOMP,REAL,pooled,4,SI(D) head (SID-true) *NOT vs synth SEIR*,pairedAUCPR,-0.04256849432473675,0.014532686144971208,8,0,NEG,,,,,,,,,
DECOMP,REAL,44A,4,SI(D) head (SID-true) *NOT vs synth SEIR*,pairedAUCPR,-0.02823769094849144,0.0032767332835945307,4,0,NEG,,,,,,,,,
DECOMP,REAL,44B,4,SI(D) head (SID-true) *NOT vs synth SEIR*,pairedAUCPR,-0.056899297700982066,0.0009576540854880359,4,0,NEG,,,,,,,,,
PERMNULL,REAL,,1,,RR,,,,,,global,5.166593122506741,3.8810647061562666,0.22937721616433582,1.3312308641263644,5.604429410414792,0,500,
PERMNULL,REAL,,1,,RR_MH,,,,,,global,1.6324103402825176,0.9980019218833251,0.10651525549367129,1.6356785538067933,5.95603339126278,0,500,
PERMNULL,REAL,,2,,RR,,,,,,global,4.738191682623852,3.527855182056249,0.2031736201528052,1.343079984326949,5.957153786290362,0,500,
PERMNULL,REAL,,2,,RR_MH,,,,,,global,1.6345800596898348,0.9997411743386131,0.1020469159534069,1.635003240484923,6.221049204868471,0,500,
PERMNULL,REAL,,3,,RR,,,,,,global,4.468499836257589,3.2898348993235382,0.1821022093593433,1.3582747988892725,6.472546055760283,0,500,
PERMNULL,REAL,,3,,RR_MH,,,,,,global,1.646190640679915,1.0003351242046945,0.09658297290076781,1.6456391471695055,6.6870535983479344,0,500,
PERMNULL,REAL,,4,,RR,,,,,,global,4.062670970364034,2.991221375920468,0.1633405783630925,1.3581980267554943,6.559604509675625,0,500,
PERMNULL,REAL,,4,,RR_MH,,,,,,global,1.6287011909578701,1.0007608267278438,0.09326472461764707,1.627462973628957,6.732881770726965,0,500,
PERMNULL,REAL,,1,,RR,,,,,,progeny,5.166593122506741,4.125795854222017,0.23889045466749592,1.2522658185376898,4.3567972179272605,0,500,
PERMNULL,REAL,,1,,RR_MH,,,,,,progeny,1.6324103402825176,1.1277169751721081,0.10915221602811971,1.4475354864933065,4.623757386477529,0,500,
PERMNULL,REAL,,2,,RR,,,,,,progeny,4.738191682623852,3.7273606210378714,0.20985457652873998,1.2711921824469237,4.816816856255435,0,500,
PERMNULL,REAL,,2,,RR_MH,,,,,,progeny,1.6345800596898348,1.117770199810065,0.1023372440624692,1.4623578799717398,5.0500662257847795,0,500,
PERMNULL,REAL,,3,,RR,,,,,,progeny,4.468499836257589,3.4613055929390204,0.189111990712933,1.2909868014466046,5.325914234848613,0,500,
PERMNULL,REAL,,3,,RR_MH,,,,,,progeny,1.646190640679915,1.1106037877708705,0.0963265075825945,1.4822483578811112,5.56011908196515,0,500,
PERMNULL,REAL,,4,,RR,,,,,,progeny,4.062670970364034,3.1422212536748013,0.16763029962392637,1.2929296323779793,5.49095073357403,0,500,
PERMNULL,REAL,,4,,RR_MH,,,,,,progeny,1.6287011909578701,1.106595249287903,0.0920373991605106,1.471812925282251,5.672758535466971,0,500,
PERMNULL,REAL,,1,,RR,,,,,,progeny_parcel,5.166593122506741,4.16547134546842,0.23352139765044852,1.2403381740045896,4.287066569106749,0,500,
PERMNULL,REAL,,1,,RR_MH,,,,,,progeny_parcel,1.6324103402825176,1.1467606550249407,0.10874186828143893,1.4234969896547545,4.46607818067507,0,500,
PERMNULL,REAL,,2,,RR,,,,,,progeny_parcel,4.738191682623852,3.761073232687294,0.20544121086711342,1.2597977729985346,4.756194951404335,0,500,
PERMNULL,REAL,,2,,RR_MH,,,,,,progeny_parcel,1.6345800596898348,1.1346463083114735,0.10168974364525699,1.4406075688223396,4.916265234401338,0,500,
PERMNULL,REAL,,3,,RR,,,,,,progeny_parcel,4.468499836257589,3.4988944086947704,0.1881275226359438,1.2771176589820328,5.15397967281564,0,500,
PERMNULL,REAL,,3,,RR_MH,,,,,,progeny_parcel,1.646190640679915,1.1295036689642843,0.09695615956910027,1.4574460321934275,5.329078358836912,0,500,
PERMNULL,REAL,,4,,RR,,,,,,progeny_parcel,4.062670970364034,3.176403070939742,0.16727292935677343,1.2790161952469365,5.298334302103284,0,500,
PERMNULL,REAL,,4,,RR_MH,,,,,,progeny_parcel,1.6287011909578701,1.1247890202811295,0.09250476943858851,1.4480059474182927,5.4474182654038685,0,500,
PERMNULL,REAL,,1,,RR,,,,,,plot,5.166593122506741,4.5838867604472675,0.25262634955671787,1.1271205840177905,2.306593762218176,7,500,
PERMNULL,REAL,,1,,RR_MH,,,,,,plot,1.6324103402825176,1.34923304096636,0.11848190064444587,1.2098801991339745,2.39004689978724,6,500,
PERMNULL,REAL,,2,,RR,,,,,,plot,4.738191682623852,4.12650472105356,0.2194190696238131,1.148233675451635,2.7877566093913804,4,500,
PERMNULL,REAL,,2,,RR_MH,,,,,,plot,1.6345800596898348,1.3277871417445262,0.10984000709673968,1.2310557982525916,2.7930890215175066,2,500,
PERMNULL,REAL,,3,,RR,,,,,,plot,4.468499836257589,3.842924894290492,0.1998519015026879,1.1627861483570823,3.13019259393278,0,500,
PERMNULL,REAL,,3,,RR_MH,,,,,,plot,1.646190640679915,1.3223249500893135,0.10376926341757273,1.244921409498268,3.1210175337503325,1,500,
PERMNULL,REAL,,4,,RR,,,,,,plot,4.062670970364034,3.47493664400493,0.17555274786460803,1.1691352639113817,3.3479073014133856,0,500,
PERMNULL,REAL,,4,,RR_MH,,,,,,plot,1.6287011909578701,1.3071377712337915,0.09683083980230744,1.246005759148524,3.3208781456464855,0,500,
SIDPROBE,REAL,pooled,1,SID(root init)-STGNN,pairedAUCPR,-0.011497138058482487,0.007152055006559085,8,0,NEG,,,,,,,,,"rates=zeros, root convention"
SIDPROBE,REAL,pooled,1,SID(neutral init)-STGNN,pairedAUCPR,-0.00014947200903808397,0.00030511907477156266,8,2,INCONCLUSIVE,,,,,,,,,lambda0 init at base hazard 0.0166
SIDPROBE,REAL,pooled,2,SID(root init)-STGNN,pairedAUCPR,-0.02296106667917054,0.008843976825900365,8,0,NEG,,,,,,,,,"rates=zeros, root convention"
SIDPROBE,REAL,pooled,2,SID(neutral init)-STGNN,pairedAUCPR,-0.025628137028934572,0.011919137421055786,8,0,NEG,,,,,,,,,lambda0 init at base hazard 0.0166
SIDPROBE,REAL,pooled,3,SID(root init)-STGNN,pairedAUCPR,-0.03615728212275113,0.010899529178212214,8,0,NEG,,,,,,,,,"rates=zeros, root convention"
SIDPROBE,REAL,pooled,3,SID(neutral init)-STGNN,pairedAUCPR,-0.045944469933678164,0.007023855018525248,8,0,NEG,,,,,,,,,lambda0 init at base hazard 0.0166
SIDPROBE,REAL,pooled,4,SID(root init)-STGNN,pairedAUCPR,-0.04256849432473675,0.014532686144971208,8,0,NEG,,,,,,,,,"rates=zeros, root convention"
SIDPROBE,REAL,pooled,4,SID(neutral init)-STGNN,pairedAUCPR,-0.038842681941680834,0.015783861059007188,8,0,NEG,,,,,,,,,lambda0 init at base hazard 0.0166
