block,varian,h,komponen,mean,std,n,sign,vonis
FITUR,+2hop,1,STRUKTUR vs local r<=3,0.00419,0.00746,40,24/40,INCONCLUSIVE
FITUR,+2hop,1,total STGNN-MLP,0.00953,0.00409,40,39/40,POS
FITUR,+2hop,2,STRUKTUR vs local r<=3,0.0054,0.00885,40,29/40,INCONCLUSIVE
FITUR,+2hop,2,total STGNN-MLP,0.0109,0.00629,40,37/40,POS
FITUR,+2hop,3,STRUKTUR vs local r<=3,0.00886,0.01139,40,28/40,INCONCLUSIVE
FITUR,+2hop,3,total STGNN-MLP,0.01209,0.01308,40,30/40,INCONCLUSIVE
FITUR,+2hop,4,STRUKTUR vs local r<=3,0.00901,0.01183,40,31/40,INCONCLUSIVE
FITUR,+2hop,4,total STGNN-MLP,0.01065,0.01293,40,31/40,INCONCLUSIVE
FITUR,+umur,1,STRUKTUR vs local r<=3,0.00051,0.00455,40,19/40,INCONCLUSIVE
FITUR,+umur,1,total STGNN-MLP,0.00751,0.00377,40,38/40,POS
FITUR,+umur,2,STRUKTUR vs local r<=3,0.00346,0.00688,40,26/40,INCONCLUSIVE
FITUR,+umur,2,total STGNN-MLP,0.01092,0.00583,40,39/40,POS
FITUR,+umur,3,STRUKTUR vs local r<=3,0.00783,0.01046,40,31/40,INCONCLUSIVE
FITUR,+umur,3,total STGNN-MLP,0.01272,0.01149,40,35/40,POS
FITUR,+umur,4,STRUKTUR vs local r<=3,0.00961,0.00991,40,34/40,INCONCLUSIVE
FITUR,+umur,4,total STGNN-MLP,0.01258,0.0104,40,35/40,POS
FITUR,v1,1,STRUKTUR vs local r<=3,0.00346,0.00327,40,35/40,POS
FITUR,v1,1,total STGNN-MLP,0.01136,0.00687,40,38/40,POS
FITUR,v1,2,STRUKTUR vs local r<=3,0.0076,0.00472,40,38/40,POS
FITUR,v1,2,total STGNN-MLP,0.0161,0.01013,40,37/40,POS
FITUR,v1,3,STRUKTUR vs local r<=3,0.0128,0.00843,40,36/40,POS
FITUR,v1,3,total STGNN-MLP,0.01927,0.01302,40,36/40,POS
FITUR,v1,4,STRUKTUR vs local r<=3,0.01393,0.00935,40,39/40,POS
FITUR,v1,4,total STGNN-MLP,0.01949,0.01284,40,35/40,POS
FITUR_AP,+2hop,1,MLP,0.0583,0.00292,40,,
FITUR_AP,+2hop,1,rlocal3,0.06364,0.00721,40,,
FITUR_AP,+2hop,1,true,0.06783,0.00271,40,,
FITUR_AP,+2hop,2,MLP,0.10738,0.00472,40,,
FITUR_AP,+2hop,2,rlocal3,0.11287,0.00785,40,,
FITUR_AP,+2hop,2,true,0.11828,0.00334,40,,
FITUR_AP,+2hop,3,MLP,0.16102,0.0085,40,,
FITUR_AP,+2hop,3,rlocal3,0.16425,0.00676,40,,
FITUR_AP,+2hop,3,true,0.17311,0.0083,40,,
FITUR_AP,+2hop,4,MLP,0.1871,0.00712,40,,
FITUR_AP,+2hop,4,rlocal3,0.18874,0.00758,40,,
FITUR_AP,+2hop,4,true,0.19775,0.0132,40,,
FITUR_AP,+umur,1,MLP,0.0583,0.00292,40,,
FITUR_AP,+umur,1,rlocal3,0.06531,0.00512,40,,
FITUR_AP,+umur,1,true,0.06581,0.00338,40,,
FITUR_AP,+umur,2,MLP,0.10738,0.00472,40,,
FITUR_AP,+umur,2,rlocal3,0.11484,0.00652,40,,
FITUR_AP,+umur,2,true,0.1183,0.00422,40,,
FITUR_AP,+umur,3,MLP,0.16102,0.0085,40,,
FITUR_AP,+umur,3,rlocal3,0.16591,0.00788,40,,
FITUR_AP,+umur,3,true,0.17374,0.00692,40,,
FITUR_AP,+umur,4,MLP,0.1871,0.00712,40,,
FITUR_AP,+umur,4,rlocal3,0.19008,0.01015,40,,
FITUR_AP,+umur,4,true,0.19968,0.01076,40,,
FITUR_AP,v1,1,MLP,0.05875,0.00342,40,,
FITUR_AP,v1,1,rlocal3,0.06665,0.00529,40,,
FITUR_AP,v1,1,true,0.07011,0.00612,40,,
FITUR_AP,v1,2,MLP,0.10923,0.00718,40,,
FITUR_AP,v1,2,rlocal3,0.11773,0.00793,40,,
FITUR_AP,v1,2,true,0.12533,0.00689,40,,
FITUR_AP,v1,3,MLP,0.16249,0.00899,40,,
FITUR_AP,v1,3,rlocal3,0.16896,0.00789,40,,
FITUR_AP,v1,3,true,0.18176,0.0076,40,,
FITUR_AP,v1,4,MLP,0.18811,0.00763,40,,
FITUR_AP,v1,4,rlocal3,0.19367,0.00801,40,,
FITUR_AP,v1,4,true,0.2076,0.0113,40,,
FITUR_delta,+2hop,1,"AP(+2hop) - AP(v1), view=true",-0.00228,0.00686,40,16/40,INCONCLUSIVE
FITUR_delta,+2hop,2,"AP(+2hop) - AP(v1), view=true",-0.00705,0.00746,40,8/40,INCONCLUSIVE
FITUR_delta,+2hop,3,"AP(+2hop) - AP(v1), view=true",-0.00864,0.00864,40,4/40,NEG
FITUR_delta,+2hop,4,"AP(+2hop) - AP(v1), view=true",-0.00985,0.00792,40,3/40,NEG
FITUR_delta,+umur,1,"AP(+umur) - AP(v1), view=true",-0.0043,0.00637,40,8/40,INCONCLUSIVE
FITUR_delta,+umur,2,"AP(+umur) - AP(v1), view=true",-0.00703,0.00867,40,6/40,INCONCLUSIVE
FITUR_delta,+umur,3,"AP(+umur) - AP(v1), view=true",-0.00802,0.01024,40,6/40,INCONCLUSIVE
FITUR_delta,+umur,4,"AP(+umur) - AP(v1), view=true",-0.00791,0.00855,40,5/40,INCONCLUSIVE
TANGGA,v1,1,STRUKTUR vs local r<=3  (paling ketat),0.00346,0.00327,40,35/40,POS
TANGGA,v1,1,STRUKTUR vs local r<=6,0.00452,0.00347,40,36/40,POS
TANGGA,v1,1,STRUKTUR vs random GLOBAL,0.0044,0.00464,40,30/40,INCONCLUSIVE
TANGGA,v1,1,prevalensi (random-nograph),0.00255,0.00349,40,32/40,INCONCLUSIVE
TANGGA,v1,1,temporal (nograph-MLP),0.00442,0.00555,40,34/40,INCONCLUSIVE
TANGGA,v1,1,total STGNN-MLP,0.01136,0.00687,40,38/40,POS
TANGGA,v1,2,STRUKTUR vs local r<=3  (paling ketat),0.0076,0.00472,40,38/40,POS
TANGGA,v1,2,STRUKTUR vs local r<=6,0.0097,0.00531,40,38/40,POS
TANGGA,v1,2,STRUKTUR vs random GLOBAL,0.00978,0.006,40,37/40,POS
TANGGA,v1,2,prevalensi (random-nograph),0.00295,0.00446,40,33/40,INCONCLUSIVE
TANGGA,v1,2,temporal (nograph-MLP),0.00337,0.00743,40,27/40,INCONCLUSIVE
TANGGA,v1,2,total STGNN-MLP,0.0161,0.01013,40,37/40,POS
TANGGA,v1,3,STRUKTUR vs local r<=3  (paling ketat),0.0128,0.00843,40,36/40,POS
TANGGA,v1,3,STRUKTUR vs local r<=6,0.01458,0.00743,40,40/40,POS
TANGGA,v1,3,STRUKTUR vs random GLOBAL,0.01512,0.00811,40,39/40,POS
TANGGA,v1,3,prevalensi (random-nograph),0.00209,0.00786,40,25/40,INCONCLUSIVE
TANGGA,v1,3,temporal (nograph-MLP),0.00206,0.00918,40,21/40,INCONCLUSIVE
TANGGA,v1,3,total STGNN-MLP,0.01927,0.01302,40,36/40,POS
TANGGA,v1,4,STRUKTUR vs local r<=3  (paling ketat),0.01393,0.00935,40,39/40,POS
TANGGA,v1,4,STRUKTUR vs local r<=6,0.01539,0.00922,40,40/40,POS
TANGGA,v1,4,STRUKTUR vs random GLOBAL,0.01653,0.00973,40,39/40,POS
TANGGA,v1,4,prevalensi (random-nograph),0.0018,0.00696,40,26/40,INCONCLUSIVE
TANGGA,v1,4,temporal (nograph-MLP),0.00115,0.00901,40,19/40,INCONCLUSIVE
TANGGA,v1,4,total STGNN-MLP,0.01949,0.01284,40,35/40,POS
TANGGA_AP,v1,1,MLP,0.05875,0.00342,40,,
TANGGA_AP,v1,1,nograph,0.06317,0.00536,40,,
TANGGA_AP,v1,1,random,0.06571,0.00494,40,,
TANGGA_AP,v1,1,rlocal3,0.06665,0.00529,40,,
TANGGA_AP,v1,1,rlocal6,0.06559,0.00524,40,,
TANGGA_AP,v1,1,true,0.07011,0.00612,40,,
TANGGA_AP,v1,2,MLP,0.10923,0.00718,40,,
TANGGA_AP,v1,2,nograph,0.1126,0.00771,40,,
TANGGA_AP,v1,2,random,0.11555,0.00701,40,,
TANGGA_AP,v1,2,rlocal3,0.11773,0.00793,40,,
TANGGA_AP,v1,2,rlocal6,0.11563,0.00716,40,,
TANGGA_AP,v1,2,true,0.12533,0.00689,40,,
TANGGA_AP,v1,3,MLP,0.16249,0.00899,40,,
TANGGA_AP,v1,3,nograph,0.16455,0.00883,40,,
TANGGA_AP,v1,3,random,0.16664,0.00722,40,,
TANGGA_AP,v1,3,rlocal3,0.16896,0.00789,40,,
TANGGA_AP,v1,3,rlocal6,0.16718,0.00767,40,,
TANGGA_AP,v1,3,true,0.18176,0.0076,40,,
TANGGA_AP,v1,4,MLP,0.18811,0.00763,40,,
TANGGA_AP,v1,4,nograph,0.18927,0.00564,40,,
TANGGA_AP,v1,4,random,0.19106,0.00703,40,,
TANGGA_AP,v1,4,rlocal3,0.19367,0.00801,40,,
TANGGA_AP,v1,4,rlocal6,0.1922,0.0091,40,,
TANGGA_AP,v1,4,true,0.2076,0.0113,40,,
