rank,palm_id,parcel,plot,progeny,xm,ym,in_risk_set,status,logit,risk_percentile,risk_decile,n_neighbours,n_sick_neighbours
1,D2L3_54,44B,21,D2L3,32.9090,30.0000,1,A,0.514005,100.00,10,6,4
2,D2L3_55,44B,21,D2L3,33.7750,28.5000,1,A,0.511103,99.85,10,6,4
3,D2L3_6,44A,73,D2L3,21.6506,11.5000,1,A,0.508691,99.70,10,6,5
4,D2L3_51,44B,21,D2L3,32.0429,30.5000,1,A,0.479587,99.55,10,6,5
5,D2L3_71,44B,14,D2L3,46.7654,23.0000,1,A,0.471832,99.40,10,6,4
6,D2L3_26,44A,51,D2L3,32.0429,4.5000,1,A,0.416173,99.25,10,6,4
7,D2L3_60,44B,21,D2L3,34.6410,30.0000,1,A,0.383236,99.11,10,6,3
8,D5L2_20,44A,59,D5L2,30.3109,10.5000,1,A,0.378221,98.96,10,6,4
9,D2L3_46,44B,21,D2L3,31.1769,28.0000,1,A,0.376939,98.81,10,6,4
10,D2L3_9,44A,73,D2L3,22.5167,11.0000,1,A,0.370267,98.66,10,6,3
11,D2L3_42,44A,35,D2L3,49.3634,5.5000,1,A,0.366942,98.51,10,6,4
12,D5L2_16,44A,59,D5L2,29.4449,9.0000,1,A,0.365177,98.36,10,6,5
13,D2L3_8,44A,73,D2L3,22.5167,10.0000,1,A,0.321161,98.21,10,6,3
14,D4L1_61,44B,9,D4L1,48.4974,25.0000,1,A,0.309427,98.06,10,6,4
15,D5L2_59,44B,29,D5L2,34.6410,23.0000,1,A,0.307347,97.91,10,6,4
16,D4L1_8,44A,71,D4L1,13.8564,7.0000,1,A,0.303070,97.76,10,6,4
17,D5L2_6,44A,65,D5L2,21.6506,5.5000,1,A,0.299542,97.62,10,6,3
18,D5L2_36,44A,33,D5L2,56.2917,5.5000,1,A,0.284177,97.47,10,6,3
19,D4L3_21,44A,53,D4L3,38.9711,8.5000,1,A,0.283484,97.32,10,6,5
20,D4L3_2,44A,77,D4L3,20.7846,13.0000,1,A,0.282116,97.17,10,6,4
21,D5L2_38,44A,33,D5L2,57.1577,4.0000,1,A,0.276814,97.02,10,6,4
22,D4L3_68,44B,3,D4L3,41.5692,32.0000,1,A,0.274894,96.87,10,6,4
23,D3L2_5,44A,80,D3L2,8.6603,13.0000,1,A,0.273813,96.72,10,6,5
24,D2L3_11,44A,73,D2L3,23.3827,10.5000,1,A,0.266742,96.57,10,6,2
25,D2L3_47,44B,21,D2L3,31.1769,29.0000,1,A,0.265341,96.42,10,6,3
26,D3L1_10,44A,76,D3L1,10.3923,9.0000,1,A,0.264348,96.27,10,6,5
27,D5L2_39,44A,33,D5L2,57.1577,5.0000,1,A,0.263916,96.13,10,6,3
28,D1Y1_48,44B,22,D1Y1,26.8468,30.5000,1,A,0.261853,95.98,10,6,5
29,D2L3_1,44A,73,D2L3,20.7846,9.0000,1,A,0.259672,95.83,10,6,3
30,D4L3_44,44A,34,D4L3,54.5596,4.5000,1,A,0.259079,95.68,10,6,5
31,D3L1_62,44B,1,D3L1,48.4974,32.0000,1,A,0.251145,95.53,10,6,4
32,D1L3_6,44A,68,D1L3,8.6603,5.0000,1,A,0.250152,95.38,10,6,4
33,D1L3_34,44A,40,D1L3,43.3013,6.0000,1,A,0.248319,95.23,10,6,5
34,D1L3_56,44B,17,D1L3,33.7750,32.5000,1,A,0.244695,95.08,10,6,5
35,D4L1_6,44A,71,D4L1,12.9904,8.5000,1,A,0.244418,94.93,10,6,4
36,D4L3_59,44B,19,D4L3,25.9808,32.0000,1,A,0.243674,94.78,10,6,4
37,D2L3_45,44A,35,D2L3,50.2295,5.0000,1,A,0.240290,94.63,10,6,2
38,D4L3_14,44A,77,D4L3,24.2487,13.0000,1,A,0.240276,94.49,10,6,3
39,D5L2_48,44B,29,D5L2,31.1769,24.0000,1,A,0.237825,94.34,10,6,3
40,D5L2_2,44A,65,D5L2,20.7846,4.0000,1,A,0.234162,94.19,10,6,3
41,D2Y1_12,44A,70,D2Y1,19.0526,8.0000,1,A,0.232306,94.04,10,6,5
42,D5L2_65,44B,10,D5L2,45.0333,26.0000,1,A,0.230653,93.89,10,6,2
43,D4L3_62,44B,3,D4L3,39.8372,32.0000,1,A,0.230116,93.74,10,6,4
44,D2L1_41,44A,54,D2L1,36.3731,7.0000,1,A,0.229196,93.59,10,6,5
45,D2L3_63,44B,14,D2L3,44.1673,24.5000,1,A,0.227793,93.44,10,6,1
46,D2L3_36,44A,35,D2L3,47.6314,5.5000,1,A,0.226973,93.29,10,6,2
47,D3L1_31,44A,42,D3L1,51.0955,9.5000,1,A,0.224600,93.14,10,6,4
48,D4L1_2,44A,71,D4L1,12.1244,7.0000,1,A,0.223359,93.00,10,6,4
49,D4L1_3,44A,71,D4L1,12.1244,8.0000,1,A,0.222080,92.85,10,6,4
50,D4L3_47,44B,19,D4L3,22.5167,32.0000,1,A,0.218365,92.70,10,6,3
51,D1Y1_17,44A,60,D1Y1,25.1147,10.5000,1,A,0.218187,92.55,10,6,3
52,D3L1_5,44A,76,D3L1,8.6603,10.0000,1,A,0.218045,92.40,10,6,4
53,D3L1_20,44A,62,D3L1,34.6410,13.0000,1,A,0.215568,92.25,10,6,4
54,D2Y1_59,44B,26,D2Y1,30.3109,26.5000,1,A,0.215217,92.10,10,6,4
55,D2L3_68,44B,14,D2L3,45.8993,23.5000,1,A,0.214838,91.95,10,6,2
56,D5L2_57,44B,29,D5L2,33.7750,24.5000,1,A,0.213488,91.80,10,6,3
57,D3L1_9,44A,76,D3L1,9.5263,11.5000,1,A,0.211600,91.65,10,6,4
58,D2L3_35,44A,35,D2L3,47.6314,4.5000,1,A,0.211481,91.36,10,6,2
59,D2L3_38,44A,35,D2L3,48.4974,4.0000,1,A,0.211481,91.51,10,6,2
60,D1L3_66,44B,13,D1L3,49.3634,24.5000,1,A,0.209621,91.21,10,6,5
61,D5L3_47,44B,31,D5L3,22.5167,23.0000,1,A,0.209252,91.06,10,6,4
62,D4L1_11,44A,71,D4L1,14.7224,7.5000,1,A,0.208610,90.91,10,6,3
63,D1Y1_43,44A,38,D1Y1,54.5596,6.5000,1,A,0.206720,90.76,10,6,5
64,D1L3_22,44A,64,D1L3,26.8468,12.5000,1,A,0.206704,90.61,10,6,3
65,D5L2_25,44A,59,D5L2,32.0429,9.5000,1,A,0.206008,90.46,10,6,2
66,D4L3_35,44A,34,D4L3,51.9615,4.0000,1,A,0.204501,90.31,10,6,3
67,D4L1_40,44A,41,D4L1,58.0237,9.5000,1,A,0.203763,90.16,10,6,3
68,D2L1_2,44A,75,D2L1,12.1244,10.0000,1,A,0.203063,90.01,10,6,5
69,D5L2_18,44A,59,D5L2,29.4449,11.0000,1,A,0.202288,89.87,9,6,2
70,D2L3_69,44B,14,D2L3,45.8993,24.5000,1,A,0.201500,89.72,9,6,2
71,D4L1_53,44B,20,D4L1,19.9186,32.5000,1,A,0.200910,89.57,9,6,3
72,D4L3_41,44A,34,D4L3,53.6936,4.0000,1,A,0.200184,89.42,9,6,4
73,D3L2_68,44B,16,D3L2,37.2391,23.5000,1,A,0.199321,89.27,9,6,4
74,D1Y1_59,44B,22,D1Y1,30.3109,29.5000,1,A,0.195834,89.12,9,6,2
75,D4L3_19,44A,53,D4L3,38.9711,6.5000,1,A,0.194528,88.97,9,6,3
76,D3L2_21,44A,57,D3L2,38.9711,11.5000,1,A,0.194157,88.82,9,6,3
77,D5L3_59,44B,31,D5L3,25.9808,23.0000,1,A,0.192065,88.67,9,6,5
78,D2L3_10,44A,73,D2L3,23.3827,9.5000,1,A,0.191491,88.52,9,6,1
79,D4L1_70,44B,9,D4L1,51.0955,25.5000,1,A,0.191132,88.38,9,6,3
80,D5L3_74,44B,15,D5L3,43.3013,23.0000,1,A,0.190234,88.23,9,6,2
81,D1L3_68,44B,13,D1L3,50.2295,23.0000,1,A,0.188772,88.08,9,6,4
82,D4L1_21,44A,52,D4L1,25.9808,5.0000,1,A,0.188316,87.93,9,6,2
83,D5L2_71,44B,10,D5L2,46.7654,26.0000,1,A,0.187140,87.78,9,6,3
84,D3Y1_16,44A,78,D3Y1,18.1865,12.5000,1,A,0.186466,87.63,9,6,6
85,D2L3_62,44B,14,D2L3,44.1673,23.5000,1,A,0.185680,87.48,9,6,1
86,D5L2_8,44A,65,D5L2,22.5167,4.0000,1,A,0.185567,87.33,9,6,2
87,D2L3_19,44A,51,D2L3,30.3109,3.5000,1,A,0.183057,87.18,9,5,2
88,D2L3_20,44A,51,D2L3,30.3109,4.5000,1,A,0.183024,87.03,9,6,1
89,D1L3_5,44A,68,D1L3,8.6603,4.0000,1,A,0.181921,86.89,9,6,3
90,D2Y1_19,44A,61,D2Y1,38.9711,12.5000,1,A,0.181760,86.74,9,6,3
91,D4L1_24,44A,52,D4L1,26.8468,5.5000,1,A,0.181136,86.59,9,6,2
92,D5L3_12,44A,69,D5L3,23.3827,8.5000,1,A,0.180211,86.44,9,6,3
93,D2L3_24,44A,51,D2L3,31.1769,5.0000,1,A,0.180210,86.29,9,6,1
94,D5L2_26,44A,59,D5L2,32.0429,10.5000,1,A,0.178367,86.14,9,6,2
95,D4L1_23,44A,52,D4L1,26.8468,4.5000,1,A,0.177969,85.99,9,6,2
96,D5L2_12,44A,65,D5L2,23.3827,5.5000,1,A,0.177707,85.84,9,6,2
97,D2L1_95,44B,28,D2L1,20.7846,26.0000,1,A,0.176726,85.69,9,6,3
98,D4L1_18,44A,52,D4L1,25.1147,5.5000,1,A,0.175877,85.54,9,6,2
99,D3L2_57,44B,25,D3L2,33.7750,27.5000,1,A,0.173166,85.39,9,6,2
100,D2L1_36,44A,54,D2L1,34.6410,8.0000,1,A,0.173083,85.25,9,6,4
101,D5L2_21,44A,59,D5L2,30.3109,11.5000,1,A,0.172936,85.10,9,6,3
102,D1Y1_45,44A,38,D1Y1,54.5596,8.5000,1,A,0.172534,84.95,9,6,3
103,D5L2_60,44B,29,D5L2,34.6410,24.0000,1,A,0.171393,84.80,9,6,3
104,D2Y1_66,44B,7,D2Y1,40.7032,30.5000,1,A,0.171204,84.65,9,6,3
105,D2L1_84,44B,28,D2L1,19.0526,27.0000,1,A,0.170918,84.50,9,6,4
106,D1Y1_30,44A,60,D1Y1,28.5788,11.5000,1,A,0.170877,84.35,9,6,3
107,D5L2_54,44B,29,D5L2,32.9090,24.0000,1,A,0.170068,84.20,9,6,3
108,D3L2_73,44B,16,D3L2,38.9711,22.5000,1,A,0.168055,84.05,9,5,5
109,D5L3_63,44B,15,D5L3,39.8372,24.0000,1,A,0.167811,83.90,9,6,4
110,D3Y1_26,44A,74,D3Y1,19.9186,10.5000,1,A,0.165549,83.76,9,6,4
111,D3L1_40,44A,42,D3L1,53.6936,9.0000,1,A,0.165324,83.61,9,6,3
112,D2L1_120,44B,12,D2L1,37.2391,27.5000,1,A,0.164976,83.46,9,6,4
113,D3Y1_112,44B,18,D3Y1,28.5788,31.5000,1,A,0.161608,83.31,9,6,6
114,D4L1_39,44A,41,D4L1,57.1577,11.0000,1,A,0.160768,83.16,9,6,3
115,D1Y1_53,44B,22,D1Y1,28.5788,29.5000,1,A,0.158533,83.01,9,6,3
116,D4L1_28,44A,52,D4L1,28.5788,3.5000,1,A,0.157809,82.86,9,5,3
117,D3L2_54,44B,25,D3L2,32.9090,27.0000,1,A,0.157116,82.71,9,6,3
118,D5L3_56,44B,31,D5L3,25.1147,23.5000,1,A,0.156716,82.56,9,6,3
119,D1Y1_10,44A,72,D1Y1,10.3923,6.0000,1,A,0.156208,82.41,9,6,3
120,D1Y1_72,44B,2,D1Y1,46.7654,33.0000,1,A,0.155406,82.27,9,5,3
121,D1L3_9,44A,68,D1L3,9.5263,5.5000,1,A,0.155340,82.12,9,6,3
122,D2Y1_35,44A,36,D2Y1,43.3013,4.0000,1,A,0.154340,81.97,9,6,3
123,D5L3_8,44A,69,D5L3,22.5167,7.0000,1,A,0.153979,81.82,9,6,4
124,D1Y1_57,44B,22,D1Y1,29.4449,30.0000,1,A,0.151765,81.67,9,6,3
125,D3Y1_62,44A,39,D3Y1,46.7654,7.0000,1,A,0.150573,81.52,9,6,4
126,D4L3_38,44A,34,D4L3,52.8275,4.5000,1,A,0.150548,81.37,9,6,3
127,D5L3_48,44B,31,D5L3,22.5167,24.0000,1,A,0.150032,81.22,9,6,4
128,D5L3_15,44A,69,D5L3,24.2487,8.0000,1,A,0.144351,81.07,9,6,3
129,D1Y1_31,44A,38,D1Y1,51.0955,6.5000,1,A,0.142618,80.92,9,6,3
130,D2Y1_5,44A,70,D2Y1,17.3205,7.0000,1,A,0.142514,80.77,9,6,2
131,D4L1_33,44A,41,D4L1,55.4256,11.0000,1,A,0.142342,80.63,9,6,2
132,D1Y1_24,44A,60,D1Y1,26.8468,11.5000,1,A,0.141621,80.48,9,6,2
133,D4L1_62,44B,9,D4L1,48.4974,26.0000,1,A,0.140582,80.33,9,6,3
134,D2L3_44,44A,35,D2L3,50.2295,4.0000,1,A,0.139924,80.18,9,6,1
135,D5L2_34,44A,33,D5L2,56.2917,3.5000,1,A,0.139591,80.03,9,5,3
136,D4L1_32,44A,41,D4L1,55.4256,10.0000,1,A,0.139496,79.88,8,6,2
137,D2L1_31,44A,54,D2L1,33.7750,6.5000,1,A,0.139450,79.73,8,6,4
138,D5L3_23,44A,56,D5L3,26.8468,7.5000,1,A,0.139297,79.58,8,6,3
139,D4L3_28,44A,53,D4L3,41.5692,6.0000,1,A,0.139142,79.43,8,6,3
140,D5L2_3,44A,65,D5L2,20.7846,5.0000,1,A,0.137336,79.28,8,6,1
141,D4L1_12,44A,71,D4L1,14.7224,8.5000,1,A,0.135251,79.14,8,6,2
142,D2Y1_72,44B,7,D2Y1,42.4352,30.5000,1,A,0.133964,78.99,8,6,3
143,D4L3_22,44A,53,D4L3,39.8372,6.0000,1,A,0.133902,78.84,8,6,4
144,D2L1_97,44B,24,D2L1,20.7846,28.0000,1,A,0.133710,78.69,8,6,3
145,D4L3_70,44B,3,D4L3,42.4352,31.5000,1,A,0.133506,78.54,8,6,2
146,D5L2_51,44B,29,D5L2,32.0429,24.5000,1,A,0.131165,78.39,8,6,2
147,D2L1_8,44A,75,D2L1,13.8564,10.0000,1,A,0.131082,78.24,8,6,2
148,D5L2_11,44A,65,D5L2,23.3827,4.5000,1,A,0.130744,78.09,8,6,2
149,D2Y1_3,44A,70,D2Y1,16.4545,8.5000,1,A,0.130456,77.94,8,6,3
150,D5L3_10,44A,69,D5L3,23.3827,6.5000,1,A,0.130031,77.79,8,6,3
151,D3L2_72,44B,16,D3L2,38.1051,24.0000,1,A,0.129628,77.65,8,6,3
152,D2L3_27,44A,51,D2L3,32.0429,5.5000,1,A,0.129465,77.50,8,6,1
153,D1L3_17,44A,64,D1L3,25.1147,13.5000,1,A,0.129355,77.35,8,6,2
154,D1L3_72,44B,13,D1L3,51.0955,24.5000,1,A,0.129158,77.20,8,6,3
155,D1L3_64,44B,13,D1L3,49.3634,22.5000,1,A,0.128982,77.05,8,5,4
156,D2L1_18,44A,55,D2L1,29.4449,8.0000,1,A,0.128597,76.90,8,6,4
157,D2L3_32,44A,35,D2L3,46.7654,4.0000,1,A,0.128363,76.75,8,6,1
158,D2L3_65,44B,14,D2L3,45.0333,23.0000,1,A,0.128146,76.60,8,6,1
159,D5L3_5,44A,69,D5L3,21.6506,7.5000,1,A,0.127179,76.45,8,6,4
160,D3L1_70,44B,1,D3L1,51.0955,31.5000,1,A,0.125658,76.30,8,6,3
161,D4L3_73,44B,3,D4L3,43.3013,31.0000,1,A,0.125234,76.15,8,6,2
162,D1L3_16,44A,64,D1L3,25.1147,12.5000,1,A,0.125032,76.01,8,6,2
163,D2L3_41,44A,35,D2L3,49.3634,4.5000,1,A,0.124739,75.86,8,6,1
164,D5L3_13,44A,69,D5L3,24.2487,6.0000,1,A,0.124267,75.71,8,6,2
165,D1L3_19,44A,64,D1L3,25.9808,12.0000,1,A,0.123582,75.56,8,6,2
166,D5L2_61,44B,10,D5L2,44.1673,25.5000,1,A,0.123174,75.41,8,6,1
167,D2L1_133,44B,8,D2L1,38.9711,28.5000,1,A,0.122625,75.26,8,6,3
168,D4L3_23,44A,53,D4L3,39.8372,7.0000,1,A,0.122319,75.11,8,6,2
169,D1Y1_41,44A,38,D1Y1,53.6936,7.0000,1,A,0.122210,74.96,8,6,3
170,D4L3_24,44A,53,D4L3,39.8372,8.0000,1,A,0.121109,74.81,8,6,2
171,D4L3_33,44A,34,D4L3,51.0955,5.5000,1,A,0.117188,74.66,8,6,2
172,D3L1_11,44A,76,D3L1,10.3923,10.0000,1,A,0.115398,74.37,8,6,3
173,D3L1_8,44A,76,D3L1,9.5263,10.5000,1,A,0.115398,74.52,8,6,3
174,D1L3_71,44B,13,D1L3,51.0955,23.5000,1,A,0.115365,74.22,8,6,3
175,D3L2_29,44A,57,D3L2,41.5692,10.0000,1,A,0.114709,74.07,8,6,2
176,D2Y1_50,44B,26,D2Y1,27.7128,26.0000,1,A,0.114306,73.92,8,6,1
177,D2L1_116,44B,8,D2L1,36.3731,29.0000,1,A,0.114124,73.77,8,6,3
178,D5L2_28,44A,59,D5L2,32.9090,9.0000,1,A,0.113292,73.62,8,6,1
179,D2L3_14,44A,73,D2L3,24.2487,10.0000,1,A,0.112512,73.47,8,6,1
180,D3L1_34,44A,42,D3L1,51.9615,9.0000,1,A,0.111523,73.32,8,6,2
181,D3L2_33,44A,43,D3L2,46.7654,11.0000,1,A,0.111492,73.17,8,6,3
182,D5L3_3,44A,69,D5L3,20.7846,8.0000,1,A,0.111012,73.03,8,6,3
183,D3Y1_105,44B,32,D3Y1,21.6506,24.5000,1,A,0.110401,72.88,8,6,4
184,D5L2_69,44B,10,D5L2,45.8993,27.5000,1,A,0.109721,72.73,8,6,1
185,D1L3_39,44A,40,D1L3,44.1673,8.5000,1,A,0.109586,72.58,8,6,2
186,D3L2_49,44B,25,D3L2,32.0429,25.5000,1,A,0.109105,72.43,8,6,3
187,D1L3_36,44A,40,D1L3,43.3013,8.0000,1,A,0.108820,72.28,8,6,2
188,D2Y1_22,44A,61,D2Y1,39.8372,12.0000,1,A,0.108725,72.13,8,6,2
189,D1L3_11,44A,68,D1L3,10.3923,4.0000,1,A,0.108432,71.98,8,6,2
190,D2Y1_45,44A,36,D2Y1,45.8993,5.5000,1,A,0.108390,71.83,8,6,2
191,D4L1_16,44A,52,D4L1,25.1147,3.5000,1,A,0.108222,71.68,8,5,2
192,D2L3_17,44A,51,D2L3,29.4449,4.0000,1,A,0.107302,71.54,8,6,1
193,D4L1_35,44A,41,D4L1,56.2917,10.5000,1,A,0.107226,71.39,8,6,2
194,D1L3_31,44A,40,D1L3,42.4352,6.5000,1,A,0.106167,71.24,8,6,2
195,D2Y1_54,44B,26,D2Y1,28.5788,27.5000,1,A,0.106166,71.09,8,6,2
196,D4L3_56,44B,19,D4L3,25.1147,32.5000,1,A,0.105852,70.94,8,6,2
197,D5L2_72,44B,10,D5L2,46.7654,27.0000,1,A,0.104331,70.79,8,6,2
198,D1L3_7,44A,68,D1L3,9.5263,3.5000,1,A,0.102834,70.64,8,5,3
199,D2L1_85,44B,24,D2L1,19.0526,28.0000,1,A,0.102270,70.49,8,6,3
200,D2L1_28,44A,55,D2L1,32.9090,6.0000,1,A,0.102036,70.34,8,6,3
201,D3Y1_83,44A,46,D3Y1,52.8275,13.5000,1,A,0.101974,70.19,8,6,4
202,D4L3_31,44A,34,D4L3,51.0955,3.5000,1,A,0.100746,70.04,8,5,2
203,D3L2_43,44A,43,D3L2,50.2295,9.0000,1,A,0.100392,69.90,7,6,3
204,D3L1_36,44A,42,D3L1,51.9615,11.0000,1,A,0.100117,69.75,7,6,2
205,D5L2_68,44B,10,D5L2,45.8993,26.5000,1,A,0.099816,69.60,7,6,1
206,D3L1_19,44A,62,D3L1,34.6410,12.0000,1,A,0.099461,69.45,7,6,2
207,D3L1_14,44A,76,D3L1,11.2583,10.5000,1,A,0.099455,69.30,7,6,3
208,D3L1_71,44B,1,D3L1,51.0955,32.5000,1,A,0.099070,69.15,7,6,2
209,D3Y1_57,44A,50,D3Y1,37.2391,5.5000,1,A,0.098969,69.00,7,6,4
210,D2L1_40,44A,54,D2L1,36.3731,6.0000,1,A,0.098255,68.85,7,6,3
211,D3L2_63,44B,16,D3L2,35.5070,24.5000,1,A,0.097301,68.70,7,6,3
212,D2L1_93,44B,24,D2L1,19.9186,30.5000,1,A,0.096975,68.55,7,6,3
213,D3L2_17,44A,57,D3L2,38.1051,10.0000,1,A,0.096906,68.41,7,6,3
214,D3L1_50,44B,30,D3L1,27.7128,23.0000,1,A,0.096560,68.26,7,6,2
215,D4L3_69,44B,3,D4L3,41.5692,33.0000,1,A,0.096456,68.11,7,5,3
216,D1Y1_25,44A,60,D1Y1,27.7128,9.0000,1,A,0.094202,67.96,7,6,2
217,D5L2_4,44A,65,D5L2,21.6506,3.5000,1,A,0.093753,67.81,7,5,1
218,D3L1_33,44A,42,D3L1,51.0955,11.5000,1,A,0.093382,67.66,7,6,2
219,D2L3_18,44A,51,D2L3,29.4449,5.0000,1,A,0.093341,67.51,7,6,1
220,D4L3_15,44A,77,D4L3,24.2487,14.0000,1,A,0.091718,67.36,7,5,2
221,D3L2_65,44B,16,D3L2,36.3731,23.0000,1,A,0.091600,67.21,7,6,3
222,D2L3_66,44B,14,D2L3,45.0333,24.0000,1,A,0.091067,67.06,7,6,0
223,D3Y1_60,44A,58,D3Y1,37.2391,11.5000,1,A,0.091061,66.92,7,6,3
224,D4L1_15,44A,71,D4L1,15.5885,8.0000,1,A,0.090738,66.77,7,6,2
225,D3L1_38,44A,42,D3L1,52.8275,10.5000,1,A,0.090054,66.62,7,6,3
226,D4L3_49,44B,19,D4L3,23.3827,31.5000,1,A,0.089786,66.47,7,6,2
227,D4L3_27,44A,53,D4L3,40.7032,8.5000,1,A,0.088109,66.32,7,6,2
228,D5L2_67,44B,10,D5L2,45.8993,25.5000,1,A,0.087041,66.17,7,6,1
229,D3Y1_31,44A,50,D3Y1,33.7750,3.5000,1,A,0.085289,66.02,7,5,5
230,D5L3_1,44A,69,D5L3,20.7846,6.0000,1,A,0.085178,65.87,7,6,2
231,D2L1_32,44A,54,D2L1,33.7750,7.5000,1,A,0.085174,65.72,7,6,3
232,D3L2_18,44A,57,D3L2,38.1051,11.0000,1,A,0.084566,65.57,7,6,2
233,D3L1_59,44B,30,D3L1,30.3109,23.5000,1,A,0.084473,65.42,7,6,2
234,D5L3_38,44A,45,D5L3,57.1577,13.0000,1,A,0.082530,65.28,7,6,3
235,D3L1_45,44A,42,D3L1,54.5596,11.5000,1,A,0.081986,65.13,7,6,3
236,D5L3_18,44A,56,D5L3,25.1147,8.5000,1,A,0.081782,64.98,7,6,2
237,D1Y1_58,44B,22,D1Y1,30.3109,28.5000,1,A,0.081709,64.83,7,6,1
238,D3L2_60,44B,25,D3L2,34.6410,27.0000,1,A,0.081288,64.68,7,6,1
239,D2Y1_25,44A,61,D2Y1,40.7032,12.5000,1,A,0.081264,64.53,7,6,2
240,D1L3_58,44B,17,D1L3,34.6410,31.0000,1,A,0.081042,64.38,7,6,2
241,D3L1_54,44B,30,D3L1,28.5788,24.5000,1,A,0.080045,64.23,7,6,1
242,D4L1_1,44A,71,D4L1,12.1244,6.0000,1,A,0.078655,64.08,7,6,2
243,D2L1_129,44B,8,D2L1,38.1051,30.0000,1,A,0.078387,63.93,7,6,3
244,D3Y1_29,44A,78,D3Y1,19.9186,13.5000,1,A,0.077747,63.79,7,6,3
245,D2L1_55,44A,44,D2L1,45.0333,9.0000,1,A,0.077240,63.64,7,6,2
246,D3Y1_124,44B,6,D3Y1,45.0333,28.0000,1,A,0.076878,63.49,7,6,3
247,D4L1_27,44A,52,D4L1,27.7128,5.0000,1,A,0.076412,63.34,7,6,2
248,D4L3_36,44A,34,D4L3,51.9615,5.0000,1,A,0.076377,63.19,7,6,2
249,D3L1_17,44A,62,D3L1,33.7750,13.5000,1,A,0.071921,63.04,7,6,2
250,D5L3_28,44A,56,D5L3,28.5788,6.5000,1,A,0.071070,62.89,7,6,2
251,D4L1_68,44B,9,D4L1,50.2295,26.0000,1,A,0.069106,62.74,7,6,2
252,D1L3_59,44B,17,D1L3,34.6410,32.0000,1,A,0.067985,62.59,7,6,3
253,D2Y1_15,44A,70,D2Y1,19.9186,8.5000,1,A,0.067882,62.44,7,6,2
254,D2Y1_58,44B,26,D2Y1,30.3109,25.5000,1,A,0.067593,62.30,7,6,2
255,D2L1_64,44A,37,D2L1,56.2917,6.5000,1,A,0.066278,62.15,7,6,3
256,D3L2_59,44B,25,D3L2,34.6410,26.0000,1,A,0.066229,62.00,7,6,2
257,D5L3_37,44A,45,D5L3,57.1577,12.0000,1,A,0.066103,61.85,7,6,2
258,D2Y1_62,44B,7,D2Y1,39.8372,29.0000,1,A,0.064333,61.70,7,6,2
259,D3L2_31,44A,43,D3L2,46.7654,9.0000,1,A,0.064160,61.55,7,6,2
260,D3L1_37,44A,42,D3L1,52.8275,9.5000,1,A,0.063947,61.40,7,6,2
261,D2L1_63,44A,37,D2L1,55.4256,8.0000,1,A,0.063232,61.25,7,6,3
262,D1Y1_29,44A,60,D1Y1,28.5788,10.5000,1,A,0.062815,61.10,7,6,2
263,D4L3_3,44A,77,D4L3,20.7846,14.0000,1,A,0.062409,60.95,7,5,2
264,D2Y1_13,44A,70,D2Y1,19.9186,6.5000,1,A,0.062105,60.80,7,6,3
265,D5L3_26,44A,56,D5L3,27.7128,7.0000,1,A,0.061235,60.66,7,6,2
266,D1Y1_3,44A,72,D1Y1,7.7942,8.5000,1,A,0.059971,60.51,7,4,4
267,D1Y1_64,44B,2,D1Y1,45.0333,31.0000,1,A,0.059692,60.36,7,6,2
268,D4L1_31,44A,41,D4L1,55.4256,9.0000,1,A,0.058979,60.21,7,6,1
269,D1Y1_36,44A,38,D1Y1,51.9615,8.0000,1,A,0.058848,60.06,7,6,2
270,D4L1_63,44B,9,D4L1,48.4974,27.0000,1,A,0.057715,59.91,6,6,2
271,D2L1_7,44A,75,D2L1,13.8564,9.0000,1,A,0.057162,59.76,6,6,2
272,D5L3_34,44A,45,D5L3,56.2917,12.5000,1,A,0.055999,59.61,6,6,2
273,D1Y1_65,44B,2,D1Y1,45.0333,32.0000,1,A,0.055801,59.46,6,6,2
274,D3L1_15,44A,76,D3L1,11.2583,11.5000,1,A,0.054565,59.31,6,6,2
275,D4L1_42,44A,41,D4L1,58.0237,11.5000,1,A,0.053117,59.17,6,6,2
276,D2Y1_42,44A,36,D2Y1,45.0333,5.0000,1,A,0.052645,59.02,6,6,2
277,D3L1_60,44B,30,D3L1,30.3109,24.5000,1,A,0.052325,58.87,6,6,2
278,D4L3_29,44A,53,D4L3,41.5692,7.0000,1,A,0.051486,58.72,6,6,1
279,D2Y1_1,44A,70,D2Y1,16.4545,6.5000,1,A,0.051253,58.57,6,6,2
280,D3Y1_75,44A,39,D3Y1,50.2295,8.0000,1,A,0.051177,58.42,6,6,3
281,D5L3_25,44A,56,D5L3,27.7128,6.0000,1,A,0.050489,58.27,6,6,1
282,D3L2_13,44A,80,D3L2,11.2583,12.5000,1,A,0.050452,58.12,6,6,2
283,D4L1_50,44B,20,D4L1,19.0526,32.0000,1,A,0.048773,57.97,6,6,1
284,D4L1_17,44A,52,D4L1,25.1147,4.5000,1,A,0.048388,57.82,6,6,1
285,D5L2_14,44A,65,D5L2,24.2487,4.0000,1,A,0.047885,57.68,6,6,1
286,D3L2_38,44A,43,D3L2,48.4974,10.0000,1,A,0.047546,57.53,6,6,2
287,D2L3_33,44A,35,D2L3,46.7654,5.0000,1,A,0.047381,57.38,6,6,0
288,D3L1_39,44A,42,D3L1,52.8275,11.5000,1,A,0.044981,57.23,6,6,2
289,D2L1_92,44B,24,D2L1,19.9186,29.5000,1,A,0.044896,56.93,6,6,2
290,D2L1_91,44B,24,D2L1,19.9186,28.5000,1,A,0.044896,57.08,6,6,2
291,D1Y1_47,44B,22,D1Y1,26.8468,29.5000,1,A,0.044677,56.78,6,6,2
292,D3L2_53,44B,25,D3L2,32.9090,26.0000,1,A,0.043903,56.63,6,6,2
293,D3L2_32,44A,43,D3L2,46.7654,10.0000,1,A,0.041481,56.48,6,6,2
294,D3Y1_58,44A,58,D3Y1,37.2391,9.5000,1,A,0.040962,56.33,6,6,3
295,D4L3_61,44B,3,D4L3,39.8372,31.0000,1,A,0.038951,56.18,6,6,1
296,D3Y1_14,44A,74,D3Y1,18.1865,10.5000,1,A,0.038551,56.04,6,6,3
297,D2Y1_23,44A,61,D2Y1,39.8372,13.0000,1,A,0.037380,55.89,6,6,2
298,D2Y1_71,44B,7,D2Y1,42.4352,29.5000,1,A,0.037380,55.74,6,6,2
299,D2Y1_38,44A,36,D2Y1,44.1673,4.5000,1,A,0.037380,55.59,6,6,2
300,D3L2_52,44B,25,D3L2,32.9090,25.0000,1,A,0.033749,55.44,6,6,1
301,D3Y1_68,44A,39,D3Y1,48.4974,7.0000,1,A,0.033634,55.29,6,6,4
302,D4L3_55,44B,19,D4L3,25.1147,31.5000,1,A,0.032798,55.14,6,6,2
303,D1L3_12,44A,68,D1L3,10.3923,5.0000,1,A,0.029694,54.99,6,6,1
304,D1Y1_50,44B,22,D1Y1,27.7128,29.0000,1,A,0.028468,54.84,6,6,2
305,D4L1_37,44A,41,D4L1,57.1577,9.0000,1,A,0.027478,54.69,6,6,1
306,D1L3_32,44A,40,D1L3,42.4352,7.5000,1,A,0.026780,54.55,6,6,1
307,D4L1_30,44A,52,D4L1,28.5788,5.5000,1,A,0.026458,54.40,6,6,1
308,D3L2_45,44A,43,D3L2,50.2295,11.0000,1,A,0.023997,54.25,6,6,2
309,D2Y1_65,44B,7,D2Y1,40.7032,29.5000,1,A,0.023995,54.10,6,6,2
310,D2Y1_68,44B,7,D2Y1,41.5692,29.0000,1,A,0.023995,53.95,6,6,2
311,D4L1_34,44A,41,D4L1,56.2917,9.5000,1,A,0.022634,53.80,6,6,1
312,D2L3_61,44B,14,D2L3,44.1673,22.5000,1,A,0.022168,53.65,6,5,0
313,D3L2_41,44A,43,D3L2,49.3634,10.5000,1,A,0.022131,53.50,6,6,2
314,D3Y1_122,44B,6,D3Y1,44.1673,29.5000,1,A,0.020119,53.35,6,6,3
315,D3Y1_97,44B,32,D3Y1,19.9186,22.5000,1,A,0.019924,53.20,6,5,4
316,D2Y1_2,44A,70,D2Y1,16.4545,7.5000,1,A,0.019837,53.06,6,6,2
317,D3Y1_48,44A,58,D3Y1,35.5070,11.5000,1,A,0.018630,52.91,6,6,3
318,D3L2_28,44A,57,D3L2,41.5692,9.0000,1,A,0.018139,52.76,6,6,1
319,D3L2_36,44A,43,D3L2,47.6314,11.5000,1,A,0.017916,52.61,6,6,2
320,D2L3_13,44A,73,D2L3,24.2487,9.0000,1,A,0.017451,52.46,6,6,0
321,D2L1_105,44B,24,D2L1,21.6506,30.5000,1,A,0.016879,52.31,6,6,3
322,D3Y1_13,44A,74,D3Y1,18.1865,9.5000,1,A,0.015957,52.16,6,6,3
323,D4L1_66,44B,9,D4L1,49.3634,27.5000,1,A,0.014564,51.86,6,6,1
324,D4L1_72,44B,9,D4L1,51.0955,27.5000,1,A,0.014564,52.01,6,6,1
325,D3Y1_77,44A,46,D3Y1,51.0955,13.5000,1,A,0.014442,51.71,6,6,3
326,D5L3_32,44A,45,D5L3,55.4256,13.0000,1,A,0.012636,51.56,6,6,2
327,D3Y1_85,44A,46,D3Y1,53.6936,12.0000,1,A,0.012300,51.42,6,6,4
328,D2L3_21,44A,51,D2L3,30.3109,5.5000,1,A,0.011444,51.27,6,6,0
329,D1Y1_27,44A,60,D1Y1,27.7128,11.0000,1,A,0.011376,51.12,6,6,1
330,D5L3_39,44A,45,D5L3,57.1577,14.0000,1,A,0.010569,50.97,6,5,3
331,D3Y1_144,44B,5,D3Y1,50.2295,30.0000,1,A,0.009449,50.82,6,6,3
332,D2Y1_56,44B,26,D2Y1,29.4449,26.0000,1,A,0.008876,50.67,6,6,1
333,D4L3_26,44A,53,D4L3,40.7032,7.5000,1,A,0.008873,50.52,6,6,1
334,D3L2_61,44B,16,D3L2,35.5070,22.5000,1,A,0.008790,50.37,6,5,2
335,D5L3_24,44A,56,D5L3,26.8468,8.5000,1,A,0.008454,50.22,6,6,1
336,D4L1_69,44B,9,D4L1,50.2295,27.0000,1,A,0.007994,50.07,6,6,1
337,D1Y1_37,44A,38,D1Y1,52.8275,6.5000,1,A,0.007645,49.93,5,6,2
338,D3Y1_56,44A,50,D3Y1,37.2391,4.5000,1,A,0.006116,49.78,5,6,3
339,D3Y1_80,44A,46,D3Y1,51.9615,13.0000,1,A,0.005751,49.63,5,6,2
340,D3L3_45,44A,49,D3L3,41.5692,5.0000,1,A,0.002333,49.48,5,6,4
341,D3L2_2,44A,80,D3L2,7.7942,13.5000,1,A,0.001416,49.33,5,4,3
342,D2L1_60,44A,44,D2L1,45.8993,11.5000,1,A,-0.000141,49.18,5,6,3
343,D4L3_48,44B,19,D4L3,22.5167,33.0000,1,A,-0.001398,49.03,5,5,1
344,D4L3_50,44B,19,D4L3,23.3827,32.5000,1,A,-0.001742,48.88,5,6,1
345,D2L1_122,44B,8,D2L1,37.2391,29.5000,1,A,-0.001753,48.73,5,6,2
346,D3Y1_46,44A,58,D3Y1,35.5070,9.5000,1,A,-0.001970,48.58,5,6,3
347,D4L3_74,44B,3,D4L3,43.3013,32.0000,1,A,-0.002051,48.44,5,6,1
348,D3L2_37,44A,43,D3L2,48.4974,9.0000,1,A,-0.002827,48.29,5,6,2
349,D3Y1_66,44A,39,D3Y1,47.6314,8.5000,1,A,-0.003452,48.14,5,6,3
350,D1Y1_61,44B,2,D1Y1,44.1673,31.5000,1,A,-0.003612,47.99,5,6,1
351,D3Y1_4,44A,78,D3Y1,16.4545,12.5000,1,A,-0.004020,47.84,5,6,3
352,D3L2_56,44B,25,D3L2,33.7750,26.5000,1,A,-0.004066,47.69,5,6,1
353,D3L1_53,44B,30,D3L1,28.5788,23.5000,1,A,-0.004387,47.54,5,6,1
354,D2L1_123,44B,8,D2L1,37.2391,30.5000,1,A,-0.005272,47.39,5,6,3
355,D3Y1_25,44A,74,D3Y1,19.9186,9.5000,1,A,-0.006148,47.24,5,6,2
356,D2Y1_63,44B,7,D2Y1,39.8372,30.0000,1,A,-0.006978,47.09,5,6,1
357,D5L2_45,44A,33,D5L2,58.8897,5.0000,1,A,-0.007648,46.94,5,4,2
358,D3Y1_79,44A,46,D3Y1,51.9615,12.0000,1,A,-0.010822,46.80,5,6,2
359,D3L3_83,44B,4,D3L3,37.2391,32.5000,1,A,-0.010917,46.65,5,6,6
360,D2L1_112,44B,12,D2L1,36.3731,25.0000,1,A,-0.011935,46.50,5,6,2
361,D3Y1_103,44B,32,D3Y1,21.6506,22.5000,1,A,-0.012704,46.35,5,5,3
362,D1Y1_39,44A,38,D1Y1,52.8275,8.5000,1,A,-0.013517,46.20,5,6,1
363,D2L1_135,44B,8,D2L1,38.9711,30.5000,1,A,-0.013679,46.05,5,6,2
364,D3Y1_64,44A,39,D3Y1,47.6314,6.5000,1,A,-0.013758,45.90,5,6,2
365,D3L1_69,44B,1,D3L1,50.2295,33.0000,1,A,-0.014433,45.75,5,5,2
366,D3Y1_40,44A,58,D3Y1,34.6410,9.0000,1,A,-0.014439,45.60,5,6,2
367,D2L1_58,44A,44,D2L1,45.8993,9.5000,1,A,-0.016852,45.45,5,6,2
368,D2Y1_52,44B,26,D2Y1,28.5788,25.5000,1,A,-0.018155,45.31,5,6,0
369,D2Y1_67,44B,7,D2Y1,41.5692,28.0000,1,A,-0.018581,45.16,5,6,2
370,D5L2_29,44A,59,D5L2,32.9090,10.0000,1,A,-0.019108,45.01,5,6,0
371,D1L3_15,44A,68,D1L3,11.2583,5.5000,1,A,-0.019613,44.86,5,6,1
372,D3Y1_89,44A,46,D3Y1,54.5596,13.5000,1,A,-0.020161,44.71,5,6,3
373,D2Y1_31,44A,36,D2Y1,42.4352,3.5000,1,A,-0.020654,44.56,5,5,3
374,D4L3_30,44A,53,D4L3,41.5692,8.0000,1,A,-0.021051,44.41,5,6,0
375,D5L3_57,44B,31,D5L3,25.1147,24.5000,1,A,-0.022074,44.26,5,6,2
376,D3L2_34,44A,43,D3L2,47.6314,9.5000,1,A,-0.024236,44.11,5,6,1
377,D1Y1_38,44A,38,D1Y1,52.8275,7.5000,1,A,-0.024245,43.96,5,6,1
378,D1Y1_20,44A,60,D1Y1,25.9808,10.0000,1,A,-0.025442,43.67,5,6,1
379,D1Y1_23,44A,60,D1Y1,26.8468,10.5000,1,A,-0.025442,43.82,5,6,1
380,D2L1_16,44A,55,D2L1,29.4449,6.0000,1,A,-0.025861,43.52,5,6,1
381,D2L1_111,44B,8,D2L1,35.5070,30.5000,1,A,-0.026780,43.37,5,6,2
382,D2L1_30,44A,55,D2L1,32.9090,8.0000,1,A,-0.027790,43.22,5,6,2
383,D3Y1_20,44A,74,D3Y1,19.0526,10.0000,1,A,-0.028110,43.07,5,6,2
384,D3Y1_50,44A,50,D3Y1,36.3731,4.0000,1,A,-0.028110,42.92,5,6,2
385,D5L2_15,44A,65,D5L2,24.2487,5.0000,1,A,-0.029372,42.77,5,6,0
386,D3Y1_121,44B,6,D3Y1,44.1673,28.5000,1,A,-0.029681,42.62,5,6,2
387,D3Y1_61,44A,39,D3Y1,46.7654,6.0000,1,A,-0.029683,42.47,5,6,1
388,D2L1_20,44A,55,D2L1,30.3109,7.5000,1,A,-0.031632,42.32,5,6,2
389,D2L1_117,44B,8,D2L1,36.3731,30.0000,1,A,-0.031891,42.18,5,6,2
390,D3L2_39,44A,43,D3L2,48.4974,11.0000,1,A,-0.033556,42.03,5,6,1
391,D2L1_102,44B,28,D2L1,21.6506,27.5000,1,A,-0.033899,41.88,5,6,2
392,D3Y1_71,44A,39,D3Y1,49.3634,7.5000,1,A,-0.034494,41.73,5,6,3
393,D5L2_46,44B,29,D5L2,31.1769,22.0000,1,A,-0.035842,41.58,5,3,2
394,D2L1_6,44A,75,D2L1,12.9904,11.5000,1,A,-0.036159,41.43,5,6,2
395,D3Y1_1,44A,74,D3Y1,16.4545,9.5000,1,A,-0.036205,41.28,5,6,2
396,D5L2_44,44A,33,D5L2,58.8897,4.0000,1,A,-0.037540,41.13,5,4,2
397,D3L1_2,44A,76,D3L1,7.7942,10.5000,1,A,-0.037631,40.98,5,4,3
398,D5L2_27,44A,59,D5L2,32.0429,11.5000,1,A,-0.038730,40.83,5,6,1
399,D1Y1_49,44B,22,D1Y1,27.7128,28.0000,1,A,-0.041670,40.69,5,6,1
400,D2Y1_74,44B,7,D2Y1,43.3013,29.0000,1,A,-0.043175,40.54,5,6,1
401,D2Y1_26,44A,61,D2Y1,40.7032,13.5000,1,A,-0.044124,40.39,5,6,1
402,D3Y1_8,44A,74,D3Y1,17.3205,10.0000,1,A,-0.044682,40.24,5,6,2
403,D3L1_56,44B,30,D3L1,29.4449,23.0000,1,A,-0.044948,40.09,5,6,1
404,D5L2_30,44A,59,D5L2,32.9090,11.0000,1,A,-0.045869,39.94,5,6,0
405,D2L1_132,44B,12,D2L1,38.9711,27.5000,1,A,-0.046578,39.79,4,6,2
406,D3Y1_43,44A,50,D3Y1,35.5070,3.5000,1,A,-0.046876,39.64,4,5,3
407,D2Y1_55,44B,26,D2Y1,29.4449,25.0000,1,A,-0.047223,39.49,4,6,1
408,D4L1_65,44B,9,D4L1,49.3634,26.5000,1,A,-0.048712,39.20,4,6,1
409,D4L1_71,44B,9,D4L1,51.0955,26.5000,1,A,-0.048712,39.34,4,6,1
410,D3Y1_139,44B,5,D3Y1,49.3634,28.5000,1,A,-0.049222,39.05,4,6,2
411,D2L1_19,44A,55,D2L1,30.3109,6.5000,1,A,-0.049281,38.90,4,6,1
412,D3L2_75,44B,16,D3L2,38.9711,24.5000,1,A,-0.049559,38.75,4,6,1
413,D2Y1_4,44A,70,D2Y1,17.3205,6.0000,1,A,-0.050329,38.60,4,6,1
414,D1L3_13,44A,68,D1L3,11.2583,3.5000,1,A,-0.050731,38.45,4,5,2
415,D4L1_45,44A,41,D4L1,58.8897,11.0000,1,A,-0.050765,38.30,4,4,2
416,D2Y1_47,44B,26,D2Y1,26.8468,26.5000,1,A,-0.050880,38.15,4,6,1
417,D3L1_58,44B,30,D3L1,30.3109,22.5000,1,A,-0.051126,38.00,4,5,1
418,D2L3_40,44A,35,D2L3,49.3634,3.5000,1,A,-0.052249,37.85,4,5,0
419,D2L1_24,44A,55,D2L1,31.1769,8.0000,1,A,-0.052664,37.70,4,6,2
420,D1L3_33,44A,40,D1L3,42.4352,8.5000,1,A,-0.053455,37.56,4,6,0
421,D3Y1_126,44B,6,D3Y1,45.0333,30.0000,1,A,-0.056093,37.41,4,6,2
422,D1Y1_34,44A,38,D1Y1,51.9615,6.0000,1,A,-0.056359,37.26,4,6,1
423,D3L3_18,44A,66,D3L3,16.4545,5.5000,1,A,-0.057543,37.11,4,6,3
424,D2L2_18,44A,63,D2L2,29.4449,14.0000,1,A,-0.058449,36.96,4,5,3
425,D3L2_9,44A,80,D3L2,9.5263,14.5000,1,A,-0.058917,36.81,4,3,3
426,D4L3_75,44B,3,D4L3,43.3013,33.0000,1,A,-0.059355,36.66,4,5,1
427,D4L3_54,44B,19,D4L3,24.2487,33.0000,1,A,-0.061462,36.51,4,5,1
428,D3Y1_137,44B,5,D3Y1,48.4974,29.0000,1,A,-0.062322,36.36,4,6,2
429,D2Y1_73,44B,7,D2Y1,43.3013,28.0000,1,A,-0.063581,36.21,4,6,1
430,D2L1_48,44A,44,D2L1,42.4352,11.5000,1,A,-0.064071,36.07,4,6,2
431,D3Y1_143,44B,5,D3Y1,50.2295,29.0000,1,A,-0.064647,35.92,4,6,2
432,D2L1_14,44A,75,D2L1,15.5885,10.0000,1,A,-0.065517,35.77,4,6,1
433,D2Y1_10,44A,70,D2Y1,19.0526,6.0000,1,A,-0.065547,35.62,4,6,1
434,D2L1_100,44B,28,D2L1,21.6506,25.5000,1,A,-0.068081,35.47,4,6,2
435,D3L3_76,44B,4,D3L3,35.5070,31.5000,1,A,-0.068204,35.32,4,6,3
436,D2L1_66,44A,37,D2L1,56.2917,8.5000,1,A,-0.068836,35.17,4,6,1
437,D2L1_118,44B,12,D2L1,37.2391,25.5000,1,A,-0.071126,35.02,4,6,1
438,D2L1_69,44A,37,D2L1,57.1577,8.0000,1,A,-0.071438,34.87,4,6,1
439,D1L3_75,44B,13,D1L3,51.9615,24.0000,1,A,-0.072717,34.72,4,4,2
440,D2L1_68,44A,37,D2L1,57.1577,7.0000,1,A,-0.072761,34.28,4,6,1
441,D2L1_98,44B,24,D2L1,20.7846,29.0000,1,A,-0.072761,34.43,4,6,1
442,D2L1_126,44B,12,D2L1,38.1051,27.0000,1,A,-0.072761,34.58,4,6,1
443,D1Y1_19,44A,60,D1Y1,25.9808,9.0000,1,A,-0.073561,34.13,4,6,1
444,D1Y1_66,44B,2,D1Y1,45.0333,33.0000,1,A,-0.075368,33.98,4,5,1
445,D2L1_47,44A,44,D2L1,42.4352,10.5000,1,A,-0.075705,33.83,4,6,1
446,D3L3_88,44B,4,D3L3,38.9711,31.5000,1,A,-0.078030,33.68,4,6,3
447,D1Y1_35,44A,38,D1Y1,51.9615,7.0000,1,A,-0.078826,33.53,4,6,1
448,D2L1_124,44B,12,D2L1,38.1051,25.0000,1,A,-0.079624,33.38,4,6,1
449,D1Y1_26,44A,60,D1Y1,27.7128,10.0000,1,A,-0.081939,33.23,4,6,1
450,D2Y1_51,44B,26,D2Y1,27.7128,27.0000,1,A,-0.082421,33.08,4,6,0
451,D2L1_107,44B,12,D2L1,35.5070,26.5000,1,A,-0.083634,32.94,4,6,1
452,D3Y1_54,44A,58,D3Y1,36.3731,11.0000,1,A,-0.084283,32.79,4,6,2
453,D2L2_66,44B,11,D2L2,40.7032,27.5000,1,A,-0.085139,32.64,4,6,3
454,D4L1_51,44B,20,D4L1,19.0526,33.0000,1,A,-0.088134,32.49,4,5,1
455,D4L3_52,44B,19,D4L3,24.2487,31.0000,1,A,-0.088409,32.34,4,6,1
456,D2Y1_61,44B,7,D2Y1,39.8372,28.0000,1,A,-0.090726,32.19,4,6,2
457,D3Y1_3,44A,74,D3Y1,16.4545,11.5000,1,A,-0.090787,32.04,4,6,2
458,D2L1_11,44A,75,D2L1,14.7224,10.5000,1,A,-0.090933,31.89,4,6,0
459,D3Y1_53,44A,58,D3Y1,36.3731,10.0000,1,A,-0.091067,31.74,4,6,2
460,D2L1_27,44A,55,D2L1,32.0429,8.5000,1,A,-0.091107,31.45,4,6,1
461,D2L1_67,44A,37,D2L1,57.1577,6.0000,1,A,-0.091107,31.59,4,6,1
462,D3Y1_145,44B,5,D3Y1,51.0955,28.5000,1,A,-0.092137,31.30,4,6,2
463,D2L2_68,44B,11,D2L2,41.5692,26.0000,1,A,-0.092148,31.15,4,6,3
464,D2L1_70,44A,37,D2L1,58.0237,6.5000,1,A,-0.092675,31.00,4,6,1
465,D3Y1_34,44A,58,D3Y1,33.7750,9.5000,1,A,-0.092773,30.85,4,6,1
466,D4L3_12,44A,77,D4L3,23.3827,14.5000,1,A,-0.093931,30.70,4,3,2
467,D4L3_6,44A,77,D4L3,21.6506,14.5000,1,A,-0.093931,30.55,4,3,2
468,D2L2_57,44B,23,D2L2,25.1147,30.5000,1,A,-0.094522,30.40,4,6,3
469,D3L3_44,44A,49,D3L3,41.5692,4.0000,1,A,-0.094855,30.25,4,6,4
470,D2L1_12,44A,75,D2L1,14.7224,11.5000,1,A,-0.095318,30.10,4,6,1
471,D5L3_43,44A,45,D5L3,58.8897,12.0000,1,A,-0.095755,29.96,4,4,2
472,D2Y1_29,44A,61,D2Y1,41.5692,13.0000,1,A,-0.097398,29.81,3,6,1
473,D3L3_15,44A,67,D3L3,15.5885,5.0000,1,A,-0.101584,29.66,3,6,4
474,D4L1_43,44A,41,D4L1,58.8897,9.0000,1,A,-0.101715,29.51,3,4,1
475,D3L3_73,44B,27,D3L3,25.9808,25.0000,1,A,-0.102111,29.36,3,6,3
476,D3Y1_72,44A,39,D3Y1,49.3634,8.5000,1,A,-0.104971,29.21,3,6,2
477,D2L2_34,44A,47,D2L2,47.6314,12.5000,1,A,-0.107378,29.06,3,6,3
478,D2Y1_44,44A,36,D2Y1,45.8993,4.5000,1,A,-0.108110,28.91,3,6,0
479,D2L2_14,44A,79,D2L2,15.5885,13.0000,1,A,-0.109464,28.76,3,6,2
480,D3Y1_129,44B,6,D3Y1,45.8993,30.5000,1,A,-0.110560,28.61,3,6,2
481,D1Y1_16,44A,60,D1Y1,25.1147,9.5000,1,A,-0.112423,28.46,3,6,0
482,D2L2_74,44B,11,D2L2,43.3013,26.0000,1,A,-0.112482,28.32,3,6,2
483,D5L3_33,44A,45,D5L3,55.4256,14.0000,1,A,-0.113218,28.17,3,5,1
484,D2L1_80,44B,24,D2L1,18.1865,29.5000,1,A,-0.114389,28.02,3,4,2
485,D2Y1_37,44A,36,D2Y1,44.1673,3.5000,1,A,-0.117175,27.87,3,5,1
486,D3Y1_36,44A,58,D3Y1,33.7750,11.5000,1,A,-0.118379,27.72,3,6,1
487,D3L3_6,44A,67,D3L3,12.9904,5.5000,1,A,-0.119464,27.57,3,6,2
488,D2L1_104,44B,24,D2L1,21.6506,29.5000,1,A,-0.119497,27.42,3,6,1
489,D3L1_73,44B,1,D3L1,51.9615,31.0000,1,A,-0.119550,27.27,3,4,1
490,D1L3_14,44A,68,D1L3,11.2583,4.5000,1,A,-0.120540,27.12,3,6,0
491,D2L1_49,44A,44,D2L1,43.3013,9.0000,1,A,-0.120674,26.97,3,6,0
492,D2L1_106,44B,12,D2L1,35.5070,25.5000,1,A,-0.124435,26.83,3,6,1
493,D5L2_31,44A,33,D5L2,55.4256,3.0000,1,A,-0.125291,26.68,3,3,2
494,D2L2_55,44B,23,D2L2,25.1147,28.5000,1,A,-0.126729,26.53,3,6,3
495,D3L1_24,44A,62,D3L1,35.5070,14.5000,1,A,-0.127010,26.38,3,3,2
496,D3Y1_130,44B,6,D3Y1,46.7654,28.0000,1,A,-0.128929,26.23,3,6,1
497,D3Y1_134,44B,6,D3Y1,47.6314,29.5000,1,A,-0.129589,26.08,3,6,2
498,D2Y1_41,44A,36,D2Y1,45.0333,4.0000,1,A,-0.129692,25.93,3,6,0
499,D2L1_22,44A,55,D2L1,31.1769,6.0000,1,A,-0.130169,25.78,3,6,0
500,D3Y1_136,44B,5,D3Y1,48.4974,28.0000,1,A,-0.130611,25.63,3,6,1
501,D2L1_25,44A,55,D2L1,32.0429,6.5000,1,A,-0.131281,25.48,3,6,1
502,D2L2_75,44B,11,D2L2,43.3013,27.0000,1,A,-0.131557,25.34,3,6,2
503,D3Y1_2,44A,74,D3Y1,16.4545,10.5000,1,A,-0.131650,25.19,3,6,1
504,D2L2_44,44A,47,D2L2,50.2295,13.0000,1,A,-0.133059,25.04,3,6,2
505,D2Y1_30,44A,61,D2Y1,41.5692,14.0000,1,A,-0.133138,24.89,3,5,1
506,D1L3_1,44A,68,D1L3,7.7942,3.5000,1,A,-0.133577,24.74,3,3,2
507,D2L1_56,44A,44,D2L1,45.0333,10.0000,1,A,-0.135210,24.59,3,6,1
508,D2L1_113,44B,12,D2L1,36.3731,26.0000,1,A,-0.135210,24.44,3,6,1
509,D2L1_119,44B,12,D2L1,37.2391,26.5000,1,A,-0.135210,24.29,3,6,1
510,D4L1_60,44B,20,D4L1,21.6506,33.5000,1,A,-0.138835,24.14,3,3,1
511,D3Y1_55,44A,50,D3Y1,37.2391,3.5000,1,A,-0.141750,23.99,3,5,2
512,D3L3_55,44A,48,D3L3,45.0333,12.0000,1,A,-0.143683,23.85,3,6,2
513,D2Y1_21,44A,61,D2Y1,38.9711,14.5000,1,A,-0.143975,23.70,3,3,3
514,D2L3_31,44A,35,D2L3,46.7654,3.0000,1,A,-0.147246,23.55,3,3,1
515,D1Y1_62,44B,2,D1Y1,44.1673,32.5000,1,A,-0.147345,23.40,3,6,0
516,D2L3_64,44B,14,D2L3,45.0333,22.0000,1,A,-0.149329,23.25,3,3,1
517,D2L3_37,44A,35,D2L3,48.4974,3.0000,1,A,-0.152700,23.10,3,3,1
518,D3Y1_132,44B,6,D3Y1,46.7654,30.0000,1,A,-0.152741,22.95,3,6,2
519,D3L3_35,44A,49,D3L3,38.9711,4.5000,1,A,-0.152751,22.80,3,6,4
520,D2L1_101,44B,28,D2L1,21.6506,26.5000,1,A,-0.154170,22.65,3,6,1
521,D2L1_99,44B,24,D2L1,20.7846,30.0000,1,A,-0.154320,22.50,3,6,1
522,D2L1_26,44A,55,D2L1,32.0429,7.5000,1,A,-0.155678,22.35,3,6,1
523,D3Y1_133,44B,6,D3Y1,47.6314,28.5000,1,A,-0.156091,22.21,3,6,1
524,D2L1_57,44A,44,D2L1,45.0333,11.0000,1,A,-0.157082,22.06,3,6,1
525,D1Y1_22,44A,60,D1Y1,26.8468,9.5000,1,A,-0.158639,21.91,3,6,0
526,D3Y1_127,44B,6,D3Y1,45.8993,28.5000,1,A,-0.158750,21.76,3,6,1
527,D2L2_47,44B,23,D2L2,22.5167,29.0000,1,A,-0.158980,21.61,3,6,2
528,D3L2_42,44A,43,D3L2,49.3634,11.5000,1,A,-0.160745,21.46,3,6,0
529,D2L2_7,44A,79,D2L2,13.8564,12.0000,1,A,-0.161183,21.31,3,6,1
530,D2Y1_70,44B,7,D2Y1,42.4352,28.5000,1,A,-0.162743,21.16,3,6,0
531,D2L2_71,44B,11,D2L2,42.4352,26.5000,1,A,-0.163916,21.01,3,6,2
532,D2L2_46,44B,23,D2L2,22.5167,28.0000,1,A,-0.165281,20.86,3,6,2
533,D3L3_20,44A,66,D3L3,17.3205,4.0000,1,A,-0.166063,20.72,3,6,3
534,D2L1_46,44A,44,D2L1,42.4352,9.5000,1,A,-0.169817,20.57,3,6,0
535,D2L1_79,44B,24,D2L1,18.1865,28.5000,1,A,-0.170344,20.42,3,4,2
536,D2L1_81,44B,24,D2L1,18.1865,30.5000,1,A,-0.170850,20.27,3,4,1
537,D2L1_52,44A,44,D2L1,44.1673,9.5000,1,A,-0.170921,20.12,3,6,0
538,D3Y1_128,44B,6,D3Y1,45.8993,29.5000,1,A,-0.172328,19.97,3,6,1
539,D3Y1_146,44B,5,D3Y1,51.0955,29.5000,1,A,-0.172328,19.82,2,6,1
540,D4L1_75,44B,9,D4L1,51.9615,27.0000,1,A,-0.173260,19.67,2,4,1
541,D3L3_74,44B,27,D3L3,25.9808,26.0000,1,A,-0.182268,19.52,2,6,2
542,D3L1_52,44B,30,D3L1,28.5788,22.5000,1,A,-0.182716,19.37,2,5,0
543,D3L3_24,44A,66,D3L3,18.1865,5.5000,1,A,-0.182762,19.23,2,6,1
544,D2L2_13,44A,79,D2L2,15.5885,12.0000,1,A,-0.183034,19.08,2,6,1
545,D2L2_28,44A,63,D2L2,32.9090,12.0000,1,A,-0.183660,18.93,2,6,1
546,D3Y1_147,44B,5,D3Y1,51.0955,30.5000,1,A,-0.184526,18.78,2,6,1
547,D3L2_15,44A,80,D3L2,11.2583,14.5000,1,A,-0.184850,18.63,2,3,2
548,D3L3_46,44A,48,D3L3,42.4352,12.5000,1,A,-0.185049,18.48,2,6,2
549,D4L1_46,44B,20,D4L1,18.1865,31.5000,1,A,-0.185454,18.33,2,4,0
550,D2Y1_43,44A,36,D2Y1,45.8993,3.5000,1,A,-0.186293,18.18,2,5,0
551,D2L2_8,44A,79,D2L2,13.8564,13.0000,1,A,-0.186877,17.88,2,6,2
552,D2L2_11,44A,79,D2L2,14.7224,13.5000,1,A,-0.186877,18.03,2,6,2
553,D2L2_43,44A,47,D2L2,50.2295,12.0000,1,A,-0.189434,17.73,2,6,1
554,D1Y1_46,44B,22,D1Y1,26.8468,28.5000,1,A,-0.189747,17.59,2,6,0
555,D2L2_22,44A,63,D2L2,31.1769,12.0000,1,A,-0.190366,17.44,2,6,2
556,D4L3_57,44B,19,D4L3,25.1147,33.5000,1,A,-0.190989,17.29,2,3,1
557,D2L2_64,44B,11,D2L2,40.7032,25.5000,1,A,-0.191005,17.14,2,6,2
558,D2L2_15,44A,79,D2L2,15.5885,14.0000,1,A,-0.191031,16.99,2,5,2
559,D5L2_13,44A,65,D5L2,24.2487,3.0000,1,A,-0.191594,16.84,2,3,1
560,D3Y1_42,44A,58,D3Y1,34.6410,11.0000,1,A,-0.191912,16.69,2,6,1
561,D2L2_61,44B,11,D2L2,39.8372,25.0000,1,A,-0.193203,16.54,2,6,1
562,D3Y1_18,44A,78,D3Y1,18.1865,14.5000,1,A,-0.194278,16.39,2,3,2
563,D3L3_47,44A,48,D3L3,42.4352,13.5000,1,A,-0.195914,16.24,2,6,2
564,D5L2_7,44A,65,D5L2,22.5167,3.0000,1,A,-0.196631,16.10,2,3,1
565,D2L2_72,44B,11,D2L2,42.4352,27.5000,1,A,-0.197189,15.95,2,6,1
566,D2L1_72,44A,37,D2L1,58.0237,8.5000,1,A,-0.198409,15.80,2,6,0
567,D2L1_131,44B,12,D2L1,38.9711,26.5000,1,A,-0.199264,15.65,2,6,1
568,D3Y1_41,44A,58,D3Y1,34.6410,10.0000,1,A,-0.199561,15.50,2,6,1
569,D2L2_59,44B,23,D2L2,25.9808,29.0000,1,A,-0.199719,15.35,2,6,2
570,D2L1_53,44A,44,D2L1,44.1673,10.5000,1,A,-0.200431,15.20,2,6,0
571,D2L1_71,44A,37,D2L1,58.0237,7.5000,1,A,-0.200431,14.90,2,6,0
572,D2L1_50,44A,44,D2L1,43.3013,10.0000,1,A,-0.200431,14.61,2,6,0
573,D2L1_125,44B,12,D2L1,38.1051,26.0000,1,A,-0.200431,15.05,2,6,0
574,D2L1_23,44A,55,D2L1,31.1769,7.0000,1,A,-0.200431,14.75,2,6,0
575,D3L3_27,44A,66,D3L3,19.0526,5.0000,1,A,-0.201617,14.46,2,6,2
576,D2Y1_48,44B,26,D2Y1,26.8468,27.5000,1,A,-0.202653,14.31,2,6,0
577,D2L2_51,44B,23,D2L2,23.3827,30.5000,1,A,-0.203766,14.16,2,6,1
578,D2L1_15,44A,75,D2L1,15.5885,11.0000,1,A,-0.208181,14.01,2,6,0
579,D2L2_48,44B,23,D2L2,22.5167,30.0000,1,A,-0.209286,13.86,2,6,1
580,D2L2_50,44B,23,D2L2,23.3827,29.5000,1,A,-0.212635,13.71,2,6,2
581,D3Y1_35,44A,58,D3Y1,33.7750,10.5000,1,A,-0.212843,13.56,2,6,0
582,D3L3_59,44A,48,D3L3,45.8993,13.5000,1,A,-0.213851,13.41,2,6,3
583,D2L2_20,44A,63,D2L2,30.3109,13.5000,1,A,-0.215677,13.26,2,6,2
584,D3L3_62,44B,27,D3L3,22.5167,26.0000,1,A,-0.216456,13.11,2,6,2
585,D3L2_64,44B,16,D3L2,36.3731,22.0000,1,A,-0.216775,12.97,2,3,1
586,D2L2_54,44B,23,D2L2,24.2487,30.0000,1,A,-0.216938,12.82,2,6,2
587,D2L1_51,44A,44,D2L1,43.3013,11.0000,1,A,-0.220724,12.67,2,6,0
588,D3L3_38,44A,49,D3L3,39.8372,4.0000,1,A,-0.224377,12.52,2,6,3
589,D2L3_43,44A,35,D2L3,50.2295,3.0000,1,A,-0.225724,12.37,2,3,0
590,D3L3_72,44B,27,D3L3,25.1147,27.5000,1,A,-0.226066,12.22,2,6,2
591,D3L3_14,44A,67,D3L3,15.5885,4.0000,1,A,-0.226409,12.07,2,6,3
592,D3L3_68,44B,27,D3L3,24.2487,26.0000,1,A,-0.226409,11.92,2,6,3
593,D4L3_72,44B,3,D4L3,42.4352,33.5000,1,A,-0.227605,11.77,2,3,1
594,D3L1_75,44B,1,D3L1,51.9615,33.0000,1,A,-0.231869,11.62,2,3,1
595,D3L1_49,44B,30,D3L1,27.7128,22.0000,1,A,-0.231869,11.48,2,3,1
596,D3L3_49,44A,48,D3L3,43.3013,12.0000,1,A,-0.233444,11.33,2,6,1
597,D2L2_29,44A,63,D2L2,32.9090,13.0000,1,A,-0.234671,11.18,2,6,1
598,D3L1_66,44B,1,D3L1,49.3634,33.5000,1,A,-0.235054,11.03,2,3,1
599,D3Y1_59,44A,58,D3Y1,37.2391,10.5000,1,A,-0.237869,10.88,2,6,0
600,D1Y1_69,44B,2,D1Y1,45.8993,33.5000,1,A,-0.238313,10.73,2,3,1
601,D2L2_1,44A,79,D2L2,12.1244,12.0000,1,A,-0.239099,10.58,2,6,1
602,D3Y1_131,44B,6,D3Y1,46.7654,29.0000,1,A,-0.239991,10.43,2,6,0
603,D2L1_130,44B,12,D2L1,38.9711,25.5000,1,A,-0.240626,10.28,2,6,0
604,D2L3_16,44A,51,D2L3,29.4449,3.0000,1,A,-0.240834,10.13,2,3,0
605,D3L3_52,44A,48,D3L3,44.1673,12.5000,1,A,-0.240957,9.99,2,6,2
606,D3L3_75,44B,27,D3L3,25.9808,27.0000,1,A,-0.241329,9.84,1,6,1
607,D3Y1_148,44B,5,D3Y1,51.9615,28.0000,1,A,-0.241469,9.69,1,4,1
608,D2L2_65,44B,11,D2L2,40.7032,26.5000,1,A,-0.246472,9.54,1,6,2
609,D2L1_73,44A,37,D2L1,58.8897,6.0000,1,A,-0.246732,9.39,1,4,1
610,D4L1_47,44B,20,D4L1,18.1865,32.5000,1,A,-0.254234,9.24,1,4,0
611,D3L3_69,44B,27,D3L3,24.2487,27.0000,1,A,-0.254755,9.09,1,6,2
612,D3L3_66,44B,27,D3L3,23.3827,27.5000,1,A,-0.254941,8.94,1,6,2
613,D3Y1_114,44B,18,D3Y1,28.5788,33.5000,1,A,-0.256035,8.79,1,3,3
614,D3L3_2,44A,67,D3L3,12.1244,4.0000,1,A,-0.257824,8.64,1,6,1
615,D5L3_36,44A,45,D5L3,56.2917,14.5000,1,A,-0.258259,8.49,1,3,1
616,D3L3_70,44B,27,D3L3,25.1147,25.5000,1,A,-0.267089,8.35,1,6,2
617,D3L3_23,44A,66,D3L3,18.1865,4.5000,1,A,-0.269099,8.20,1,6,2
618,D3Y1_150,44B,5,D3Y1,51.9615,30.0000,1,A,-0.271455,8.05,1,4,1
619,D2L1_54,44A,44,D2L1,44.1673,11.5000,1,A,-0.280471,7.90,1,6,0
620,D3L3_22,44A,66,D3L3,18.1865,3.5000,1,A,-0.281947,7.75,1,5,2
621,D3L3_53,44A,48,D3L3,44.1673,13.5000,1,A,-0.282703,7.60,1,6,2
622,D3L3_3,44A,67,D3L3,12.1244,5.0000,1,A,-0.282900,7.45,1,6,0
623,D2L2_33,44A,47,D2L2,46.7654,14.0000,1,A,-0.293298,7.30,1,5,2
624,D4L3_51,44B,19,D4L3,23.3827,33.5000,1,A,-0.297570,7.15,1,3,0
625,D2L2_2,44A,79,D2L2,12.1244,13.0000,1,A,-0.298165,7.00,1,6,1
626,D3L3_8,44A,67,D3L3,13.8564,4.0000,1,A,-0.299968,6.86,1,6,2
627,D2L2_38,44A,47,D2L2,48.4974,13.0000,1,A,-0.301129,6.71,1,6,1
628,D5L2_43,44A,33,D5L2,58.8897,3.0000,1,A,-0.303058,6.56,1,2,1
629,D3Y1_90,44A,46,D3Y1,54.5596,14.5000,1,A,-0.303398,6.41,1,3,1
630,D3L3_34,44A,49,D3L3,38.9711,3.5000,1,A,-0.310546,6.26,1,5,2
631,D2L2_5,44A,79,D2L2,12.9904,13.5000,1,A,-0.316567,6.11,1,6,1
632,D2L2_41,44A,47,D2L2,49.3634,13.5000,1,A,-0.316567,5.96,1,6,1
633,D2L2_62,44B,11,D2L2,39.8372,26.0000,1,A,-0.324647,5.81,1,6,1
634,D3L3_51,44A,48,D3L3,43.3013,14.0000,1,A,-0.324835,5.66,1,5,2
635,D3Y1_100,44B,32,D3Y1,20.7846,22.0000,1,A,-0.326381,5.51,1,3,1
636,D2Y1_27,44A,61,D2Y1,40.7032,14.5000,1,A,-0.326685,5.37,1,3,1
637,D2L2_3,44A,79,D2L2,12.1244,14.0000,1,A,-0.330416,5.22,1,5,1
638,D3L3_63,44B,27,D3L3,22.5167,27.0000,1,A,-0.332303,5.07,1,6,0
639,D2L2_39,44A,47,D2L2,48.4974,14.0000,1,A,-0.334798,4.92,1,5,1
640,D2L2_30,44A,63,D2L2,32.9090,14.0000,1,A,-0.339786,4.77,1,5,0
641,D3L1_55,44B,30,D3L1,29.4449,22.0000,1,A,-0.340529,4.47,1,3,0
642,D3L1_72,44B,1,D3L1,51.0955,33.5000,1,A,-0.340529,4.62,1,3,0
643,D3L3_5,44A,67,D3L3,12.9904,4.5000,1,A,-0.342127,4.32,1,6,1
644,D3L3_65,44B,27,D3L3,23.3827,26.5000,1,A,-0.342127,4.17,1,6,1
645,D2L2_23,44A,63,D2L2,31.1769,13.0000,1,A,-0.345814,4.02,1,6,1
646,D2L2_37,44A,47,D2L2,48.4974,12.0000,1,A,-0.351742,3.87,1,6,0
647,D2L2_58,44B,23,D2L2,25.9808,28.0000,1,A,-0.355860,3.73,1,6,0
648,D2L1_74,44A,37,D2L1,58.8897,7.0000,1,A,-0.356600,3.58,1,4,0
649,D2L1_75,44A,37,D2L1,58.8897,8.0000,1,A,-0.356777,3.43,1,4,0
650,D1Y1_63,44B,2,D1Y1,44.1673,33.5000,1,A,-0.367306,3.28,1,3,0
651,D3L3_57,44A,48,D3L3,45.0333,14.0000,1,A,-0.384345,3.13,1,5,1
652,D3L3_4,44A,67,D3L3,12.9904,3.5000,1,A,-0.384345,2.98,1,5,1
653,D3Y1_49,44A,50,D3Y1,36.3731,3.0000,1,A,-0.395369,2.83,1,3,0
654,D2Y1_40,44A,36,D2Y1,45.0333,3.0000,1,A,-0.398477,2.68,1,3,0
655,D2L2_4,44A,79,D2L2,12.9904,12.5000,1,A,-0.399868,2.53,1,6,0
656,D2L2_40,44A,47,D2L2,49.3634,12.5000,1,A,-0.400332,2.38,1,6,0
657,D2L2_25,44A,63,D2L2,32.0429,12.5000,1,A,-0.401737,2.24,1,6,0
658,D3L3_10,44A,67,D3L3,14.7224,3.5000,1,A,-0.414564,2.09,1,5,1
659,D2L2_26,44A,63,D2L2,32.0429,13.5000,1,A,-0.427907,1.94,1,6,0
660,D4L1_48,44B,20,D4L1,18.1865,33.5000,1,A,-0.437947,1.79,1,2,0
661,D2L2_36,44A,47,D2L2,47.6314,14.5000,1,A,-0.445500,1.64,1,3,1
662,D2L2_42,44A,47,D2L2,49.3634,14.5000,1,A,-0.459747,1.49,1,3,1
663,D2L2_12,44A,79,D2L2,14.7224,14.5000,1,A,-0.459747,1.34,1,3,1
664,D2L2_6,44A,79,D2L2,12.9904,14.5000,1,A,-0.459747,1.19,1,3,1
665,D3L3_13,44A,67,D3L3,15.5885,3.0000,1,A,-0.460105,1.04,1,3,1
666,D2L2_24,44A,63,D2L2,31.1769,14.0000,1,A,-0.465955,0.89,1,5,0
667,D3L3_37,44A,49,D3L3,39.8372,3.0000,1,A,-0.485781,0.75,1,3,1
668,D3L3_7,44A,67,D3L3,13.8564,3.0000,1,A,-0.513394,0.60,1,3,0
669,D3L3_54,44A,48,D3L3,44.1673,14.5000,1,A,-0.513394,0.45,1,3,0
670,D3L3_60,44A,48,D3L3,45.8993,14.5000,1,A,-0.521200,0.30,1,3,0
671,D2L2_21,44A,63,D2L2,30.3109,14.5000,1,A,-0.559406,0.00,1,3,0
672,D2L2_27,44A,63,D2L2,32.0429,14.5000,1,A,-0.559406,0.15,1,3,0
,D1L3_2,44A,68,D1L3,7.7942,4.5000,0,D,,,,4,1
,D1L3_3,44A,68,D1L3,7.7942,5.5000,0,D,,,,4,3
,D1Y1_1,44A,72,D1Y1,7.7942,6.5000,0,D,,,,4,4
,D1Y1_2,44A,72,D1Y1,7.7942,7.5000,0,D,,,,4,3
,D3L1_1,44A,76,D3L1,7.7942,9.5000,0,D,,,,4,1
,D3L1_3,44A,76,D3L1,7.7942,11.5000,0,S,,,,4,3
,D3L2_1,44A,80,D3L2,7.7942,12.5000,0,D,,,,4,2
,D3L2_3,44A,80,D3L2,7.7942,14.5000,0,D,,,,2,1
,D1L3_4,44A,68,D1L3,8.6603,3.0000,0,D,,,,3,0
,D1Y1_4,44A,72,D1Y1,8.6603,6.0000,0,D,,,,6,4
,D1Y1_5,44A,72,D1Y1,8.6603,7.0000,0,S,,,,6,6
,D1Y1_6,44A,72,D1Y1,8.6603,8.0000,0,S,,,,6,5
,D3L1_4,44A,76,D3L1,8.6603,9.0000,0,D,,,,6,4
,D3L1_6,44A,76,D3L1,8.6603,11.0000,0,S,,,,6,2
,D3L2_4,44A,80,D3L2,8.6603,12.0000,0,D,,,,6,4
,D3L2_6,44A,80,D3L2,8.6603,14.0000,0,D,,,,5,2
,D1L3_8,44A,68,D1L3,9.5263,4.5000,0,D,,,,6,0
,D1Y1_7,44A,72,D1Y1,9.5263,6.5000,0,D,,,,6,4
,D1Y1_8,44A,72,D1Y1,9.5263,7.5000,0,S,,,,6,6
,D1Y1_9,44A,72,D1Y1,9.5263,8.5000,0,D,,,,6,5
,D3L1_7,44A,76,D3L1,9.5263,9.5000,0,D,,,,6,2
,D3L2_7,44A,80,D3L2,9.5263,12.5000,0,D,,,,6,3
,D3L2_8,44A,80,D3L2,9.5263,13.5000,0,D,,,,6,4
,D1L3_10,44A,68,D1L3,10.3923,3.0000,0,D,,,,3,0
,D1Y1_11,44A,72,D1Y1,10.3923,7.0000,0,S,,,,6,5
,D1Y1_12,44A,72,D1Y1,10.3923,8.0000,0,S,,,,6,5
,D3L1_12,44A,76,D3L1,10.3923,11.0000,0,S,,,,6,0
,D3L2_10,44A,80,D3L2,10.3923,12.0000,0,C,,,,6,3
,D3L2_11,44A,80,D3L2,10.3923,13.0000,0,D,,,,6,4
,D3L2_12,44A,80,D3L2,10.3923,14.0000,0,D,,,,5,3
,D1Y1_13,44A,72,D1Y1,11.2583,6.5000,0,D,,,,6,2
,D1Y1_14,44A,72,D1Y1,11.2583,7.5000,0,S,,,,6,4
,D1Y1_15,44A,72,D1Y1,11.2583,8.5000,0,D,,,,6,4
,D3L1_13,44A,76,D3L1,11.2583,9.5000,0,S,,,,6,2
,D3L2_14,44A,80,D3L2,11.2583,13.5000,0,S,,,,6,2
,D3L3_1,44A,67,D3L3,12.1244,3.0000,0,D,,,,3,0
,D2L1_1,44A,75,D2L1,12.1244,9.0000,0,S,,,,6,3
,D2L1_3,44A,75,D2L1,12.1244,11.0000,0,S,,,,6,1
,D4L1_4,44A,71,D4L1,12.9904,6.5000,0,S,,,,6,1
,D4L1_5,44A,71,D4L1,12.9904,7.5000,0,S,,,,6,2
,D2L1_4,44A,75,D2L1,12.9904,9.5000,0,D,,,,6,2
,D2L1_5,44A,75,D2L1,12.9904,10.5000,0,D,,,,6,2
,D3L3_9,44A,67,D3L3,13.8564,5.0000,0,D,,,,6,2
,D4L1_7,44A,71,D4L1,13.8564,6.0000,0,C,,,,6,4
,D4L1_9,44A,71,D4L1,13.8564,8.0000,0,S,,,,6,1
,D2L1_9,44A,75,D2L1,13.8564,11.0000,0,C,,,,6,1
,D2L2_9,44A,79,D2L2,13.8564,14.0000,0,D,,,,5,0
,D3L3_11,44A,67,D3L3,14.7224,4.5000,0,S,,,,6,2
,D3L3_12,44A,67,D3L3,14.7224,5.5000,0,D,,,,6,4
,D4L1_10,44A,71,D4L1,14.7224,6.5000,0,D,,,,6,3
,D2L1_10,44A,75,D2L1,14.7224,9.5000,0,C,,,,6,1
,D2L2_10,44A,79,D2L2,14.7224,12.5000,0,D,,,,6,0
,D4L1_13,44A,71,D4L1,15.5885,6.0000,0,D,,,,6,3
,D4L1_14,44A,71,D4L1,15.5885,7.0000,0,S,,,,6,2
,D2L1_13,44A,75,D2L1,15.5885,9.0000,0,S,,,,6,0
,D3L3_16,44A,66,D3L3,16.4545,3.5000,0,D,,,,5,1
,D3L3_17,44A,66,D3L3,16.4545,4.5000,0,D,,,,6,2
,D3Y1_5,44A,78,D3Y1,16.4545,13.5000,0,D,,,,6,3
,D3Y1_6,44A,78,D3Y1,16.4545,14.5000,0,S,,,,3,2
,D3L3_19,44A,66,D3L3,17.3205,3.0000,0,C,,,,3,1
,D3L3_21,44A,66,D3L3,17.3205,5.0000,0,D,,,,6,1
,D2Y1_6,44A,70,D2Y1,17.3205,8.0000,0,S,,,,6,3
,D3Y1_7,44A,74,D3Y1,17.3205,9.0000,0,D,,,,6,2
,D3Y1_9,44A,74,D3Y1,17.3205,11.0000,0,D,,,,6,2
,D3Y1_10,44A,78,D3Y1,17.3205,12.0000,0,S,,,,6,3
,D3Y1_11,44A,78,D3Y1,17.3205,13.0000,0,D,,,,6,4
,D3Y1_12,44A,78,D3Y1,17.3205,14.0000,0,D,,,,5,4
,D2Y1_7,44A,70,D2Y1,18.1865,6.5000,0,C,,,,6,2
,D2Y1_8,44A,70,D2Y1,18.1865,7.5000,0,D,,,,6,3
,D2Y1_9,44A,70,D2Y1,18.1865,8.5000,0,S,,,,6,4
,D3Y1_15,44A,74,D3Y1,18.1865,11.5000,0,D,,,,6,4
,D3Y1_17,44A,78,D3Y1,18.1865,13.5000,0,D,,,,6,3
,D3L3_25,44A,66,D3L3,19.0526,3.0000,0,D,,,,3,2
,D3L3_26,44A,66,D3L3,19.0526,4.0000,0,D,,,,6,3
,D2Y1_11,44A,70,D2Y1,19.0526,7.0000,0,S,,,,6,2
,D3Y1_19,44A,74,D3Y1,19.0526,9.0000,0,D,,,,6,1
,D3Y1_21,44A,74,D3Y1,19.0526,11.0000,0,D,,,,6,3
,D3Y1_22,44A,78,D3Y1,19.0526,12.0000,0,S,,,,6,5
,D3Y1_23,44A,78,D3Y1,19.0526,13.0000,0,S,,,,6,3
,D3Y1_24,44A,78,D3Y1,19.0526,14.0000,0,C,,,,5,3
,D3L3_28,44A,66,D3L3,19.9186,3.5000,0,S,,,,5,4
,D3L3_29,44A,66,D3L3,19.9186,4.5000,0,D,,,,6,2
,D3L3_30,44A,66,D3L3,19.9186,5.5000,0,C,,,,6,1
,D2Y1_14,44A,70,D2Y1,19.9186,7.5000,0,S,,,,6,2
,D3Y1_27,44A,74,D3Y1,19.9186,11.5000,0,D,,,,6,5
,D3Y1_28,44A,78,D3Y1,19.9186,12.5000,0,D,,,,6,4
,D3Y1_30,44A,78,D3Y1,19.9186,14.5000,0,D,,,,3,0
,D5L2_1,44A,65,D5L2,20.7846,3.0000,0,D,,,,3,1
,D5L3_2,44A,69,D5L3,20.7846,7.0000,0,S,,,,6,2
,D2L3_2,44A,73,D2L3,20.7846,10.0000,0,S,,,,6,3
,D2L3_3,44A,73,D2L3,20.7846,11.0000,0,D,,,,6,4
,D4L3_1,44A,77,D4L3,20.7846,12.0000,0,D,,,,6,4
,D5L2_5,44A,65,D5L2,21.6506,4.5000,0,C,,,,6,1
,D5L3_4,44A,69,D5L3,21.6506,6.5000,0,D,,,,6,2
,D5L3_6,44A,69,D5L3,21.6506,8.5000,0,S,,,,6,3
,D2L3_4,44A,73,D2L3,21.6506,9.5000,0,S,,,,6,4
,D2L3_5,44A,73,D2L3,21.6506,10.5000,0,S,,,,6,3
,D4L3_4,44A,77,D4L3,21.6506,12.5000,0,D,,,,6,4
,D4L3_5,44A,77,D4L3,21.6506,13.5000,0,D,,,,6,3
,D5L2_9,44A,65,D5L2,22.5167,5.0000,0,S,,,,6,1
,D5L3_7,44A,69,D5L3,22.5167,6.0000,0,D,,,,6,2
,D5L3_9,44A,69,D5L3,22.5167,8.0000,0,S,,,,6,3
,D2L3_7,44A,73,D2L3,22.5167,9.0000,0,D,,,,6,3
,D4L3_7,44A,77,D4L3,22.5167,12.0000,0,D,,,,6,4
,D4L3_8,44A,77,D4L3,22.5167,13.0000,0,D,,,,6,6
,D4L3_9,44A,77,D4L3,22.5167,14.0000,0,D,,,,5,3
,D5L2_10,44A,65,D5L2,23.3827,3.5000,0,S,,,,5,0
,D5L3_11,44A,69,D5L3,23.3827,7.5000,0,S,,,,6,2
,D2L3_12,44A,73,D2L3,23.3827,11.5000,0,D,,,,6,4
,D4L3_10,44A,77,D4L3,23.3827,12.5000,0,D,,,,6,5
,D4L3_11,44A,77,D4L3,23.3827,13.5000,0,D,,,,6,3
,D5L3_14,44A,69,D5L3,24.2487,7.0000,0,D,,,,6,3
,D2L3_15,44A,73,D2L3,24.2487,11.0000,0,S,,,,6,3
,D4L3_13,44A,77,D4L3,24.2487,12.0000,0,D,,,,6,4
,D5L3_16,44A,56,D5L3,25.1147,6.5000,0,D,,,,6,4
,D5L3_17,44A,56,D5L3,25.1147,7.5000,0,D,,,,6,4
,D1Y1_18,44A,60,D1Y1,25.1147,11.5000,0,D,,,,6,3
,D1L3_18,44A,64,D1L3,25.1147,14.5000,0,D,,,,3,1
,D4L1_19,44A,52,D4L1,25.9808,3.0000,0,D,,,,3,1
,D4L1_20,44A,52,D4L1,25.9808,4.0000,0,D,,,,6,1
,D5L3_19,44A,56,D5L3,25.9808,6.0000,0,D,,,,6,3
,D5L3_20,44A,56,D5L3,25.9808,7.0000,0,D,,,,6,5
,D5L3_21,44A,56,D5L3,25.9808,8.0000,0,S,,,,6,2
,D1Y1_21,44A,60,D1Y1,25.9808,11.0000,0,D,,,,6,1
,D1L3_20,44A,64,D1L3,25.9808,13.0000,0,C,,,,6,2
,D1L3_21,44A,64,D1L3,25.9808,14.0000,0,D,,,,5,3
,D4L1_22,44A,52,D4L1,26.8468,3.5000,0,C,,,,5,4
,D5L3_22,44A,56,D5L3,26.8468,6.5000,0,D,,,,6,2
,D1L3_23,44A,64,D1L3,26.8468,13.5000,0,D,,,,6,4
,D1L3_24,44A,64,D1L3,26.8468,14.5000,0,D,,,,3,3
,D4L1_25,44A,52,D4L1,27.7128,3.0000,0,D,,,,3,1
,D4L1_26,44A,52,D4L1,27.7128,4.0000,0,S,,,,6,2
,D5L3_27,44A,56,D5L3,27.7128,8.0000,0,C,,,,6,2
,D1L3_25,44A,64,D1L3,27.7128,12.0000,0,D,,,,6,2
,D1L3_26,44A,64,D1L3,27.7128,13.0000,0,D,,,,6,5
,D1L3_27,44A,64,D1L3,27.7128,14.0000,0,D,,,,5,5
,D4L1_29,44A,52,D4L1,28.5788,4.5000,0,S,,,,6,1
,D5L3_29,44A,56,D5L3,28.5788,7.5000,0,S,,,,6,2
,D5L3_30,44A,56,D5L3,28.5788,8.5000,0,D,,,,6,2
,D1Y1_28,44A,60,D1Y1,28.5788,9.5000,0,S,,,,6,2
,D1L3_28,44A,64,D1L3,28.5788,12.5000,0,S,,,,6,5
,D1L3_29,44A,64,D1L3,28.5788,13.5000,0,D,,,,6,5
,D1L3_30,44A,64,D1L3,28.5788,14.5000,0,S,,,,3,2
,D2L1_17,44A,55,D2L1,29.4449,7.0000,0,D,,,,6,1
,D5L2_17,44A,59,D5L2,29.4449,10.0000,0,D,,,,6,2
,D2L2_16,44A,63,D2L2,29.4449,12.0000,0,D,,,,6,3
,D2L2_17,44A,63,D2L2,29.4449,13.0000,0,D,,,,6,4
,D2L1_21,44A,55,D2L1,30.3109,8.5000,0,S,,,,6,2
,D5L2_19,44A,59,D5L2,30.3109,9.5000,0,D,,,,6,4
,D2L2_19,44A,63,D2L2,30.3109,12.5000,0,S,,,,6,2
,D2L3_22,44A,51,D2L3,31.1769,3.0000,0,S,,,,3,2
,D2L3_23,44A,51,D2L3,31.1769,4.0000,0,D,,,,6,2
,D5L2_22,44A,59,D5L2,31.1769,9.0000,0,D,,,,6,3
,D5L2_23,44A,59,D5L2,31.1769,10.0000,0,D,,,,6,3
,D5L2_24,44A,59,D5L2,31.1769,11.0000,0,S,,,,6,1
,D2L3_25,44A,51,D2L3,32.0429,3.5000,0,S,,,,5,4
,D2L3_28,44A,51,D2L3,32.9090,3.0000,0,S,,,,3,2
,D2L3_29,44A,51,D2L3,32.9090,4.0000,0,S,,,,6,4
,D2L3_30,44A,51,D2L3,32.9090,5.0000,0,D,,,,6,3
,D2L1_29,44A,55,D2L1,32.9090,7.0000,0,S,,,,6,0
,D3Y1_32,44A,50,D3Y1,33.7750,4.5000,0,S,,,,6,5
,D3Y1_33,44A,50,D3Y1,33.7750,5.5000,0,D,,,,6,4
,D2L1_33,44A,54,D2L1,33.7750,8.5000,0,D,,,,6,0
,D3L1_16,44A,62,D3L1,33.7750,12.5000,0,D,,,,6,0
,D3L1_18,44A,62,D3L1,33.7750,14.5000,0,C,,,,3,1
,D3Y1_37,44A,50,D3Y1,34.6410,3.0000,0,D,,,,3,1
,D3Y1_38,44A,50,D3Y1,34.6410,4.0000,0,S,,,,6,4
,D3Y1_39,44A,50,D3Y1,34.6410,5.0000,0,S,,,,6,5
,D2L1_34,44A,54,D2L1,34.6410,6.0000,0,S,,,,6,4
,D2L1_35,44A,54,D2L1,34.6410,7.0000,0,D,,,,6,3
,D3L1_21,44A,62,D3L1,34.6410,14.0000,0,S,,,,5,1
,D3Y1_44,44A,50,D3Y1,35.5070,4.5000,0,D,,,,6,3
,D3Y1_45,44A,50,D3Y1,35.5070,5.5000,0,C,,,,6,5
,D2L1_37,44A,54,D2L1,35.5070,6.5000,0,D,,,,6,3
,D2L1_38,44A,54,D2L1,35.5070,7.5000,0,S,,,,6,4
,D2L1_39,44A,54,D2L1,35.5070,8.5000,0,D,,,,6,3
,D3Y1_47,44A,58,D3Y1,35.5070,10.5000,0,S,,,,6,0
,D3L1_22,44A,62,D3L1,35.5070,12.5000,0,D,,,,6,3
,D3L1_23,44A,62,D3L1,35.5070,13.5000,0,D,,,,6,3
,D3Y1_51,44A,50,D3Y1,36.3731,5.0000,0,D,,,,6,1
,D2L1_42,44A,54,D2L1,36.3731,8.0000,0,D,,,,6,5
,D3Y1_52,44A,58,D3Y1,36.3731,9.0000,0,D,,,,6,3
,D3L1_25,44A,62,D3L1,36.3731,12.0000,0,D,,,,6,3
,D3L1_26,44A,62,D3L1,36.3731,13.0000,0,D,,,,6,5
,D3L1_27,44A,62,D3L1,36.3731,14.0000,0,C,,,,5,4
,D2L1_43,44A,54,D2L1,37.2391,6.5000,0,S,,,,6,2
,D2L1_44,44A,54,D2L1,37.2391,7.5000,0,D,,,,6,4
,D2L1_45,44A,54,D2L1,37.2391,8.5000,0,D,,,,6,5
,D3L1_28,44A,62,D3L1,37.2391,12.5000,0,D,,,,6,5
,D3L1_29,44A,62,D3L1,37.2391,13.5000,0,D,,,,6,5
,D3L1_30,44A,62,D3L1,37.2391,14.5000,0,D,,,,3,2
,D3L3_31,44A,49,D3L3,38.1051,3.0000,0,D,,,,3,1
,D3L3_32,44A,49,D3L3,38.1051,4.0000,0,D,,,,6,2
,D3L3_33,44A,49,D3L3,38.1051,5.0000,0,D,,,,6,3
,D4L3_16,44A,53,D4L3,38.1051,6.0000,0,D,,,,6,3
,D4L3_17,44A,53,D4L3,38.1051,7.0000,0,C,,,,6,5
,D4L3_18,44A,53,D4L3,38.1051,8.0000,0,D,,,,6,4
,D3L2_16,44A,57,D3L2,38.1051,9.0000,0,S,,,,6,3
,D2Y1_16,44A,61,D2Y1,38.1051,12.0000,0,D,,,,6,2
,D2Y1_17,44A,61,D2Y1,38.1051,13.0000,0,D,,,,6,5
,D2Y1_18,44A,61,D2Y1,38.1051,14.0000,0,D,,,,5,4
,D3L3_36,44A,49,D3L3,38.9711,5.5000,0,S,,,,6,3
,D4L3_20,44A,53,D4L3,38.9711,7.5000,0,D,,,,6,1
,D3L2_19,44A,57,D3L2,38.9711,9.5000,0,D,,,,6,4
,D3L2_20,44A,57,D3L2,38.9711,10.5000,0,D,,,,6,3
,D2Y1_20,44A,61,D2Y1,38.9711,13.5000,0,S,,,,6,3
,D3L3_39,44A,49,D3L3,39.8372,5.0000,0,D,,,,6,3
,D3L2_22,44A,57,D3L2,39.8372,9.0000,0,S,,,,6,3
,D3L2_23,44A,57,D3L2,39.8372,10.0000,0,D,,,,6,5
,D3L2_24,44A,57,D3L2,39.8372,11.0000,0,D,,,,6,3
,D2Y1_24,44A,61,D2Y1,39.8372,14.0000,0,S,,,,5,1
,D3L3_40,44A,49,D3L3,40.7032,3.5000,0,S,,,,5,2
,D3L3_41,44A,49,D3L3,40.7032,4.5000,0,D,,,,6,3
,D3L3_42,44A,49,D3L3,40.7032,5.5000,0,D,,,,6,3
,D4L3_25,44A,53,D4L3,40.7032,6.5000,0,S,,,,6,1
,D3L2_25,44A,57,D3L2,40.7032,9.5000,0,D,,,,6,2
,D3L2_26,44A,57,D3L2,40.7032,10.5000,0,C,,,,6,5
,D3L2_27,44A,57,D3L2,40.7032,11.5000,0,D,,,,6,3
,D3L3_43,44A,49,D3L3,41.5692,3.0000,0,S,,,,3,1
,D3L2_30,44A,57,D3L2,41.5692,11.0000,0,D,,,,6,2
,D2Y1_28,44A,61,D2Y1,41.5692,12.0000,0,S,,,,6,2
,D2Y1_32,44A,36,D2Y1,42.4352,4.5000,0,D,,,,6,2
,D2Y1_33,44A,36,D2Y1,42.4352,5.5000,0,D,,,,6,2
,D3L3_48,44A,48,D3L3,42.4352,14.5000,0,D,,,,3,0
,D2Y1_34,44A,36,D2Y1,43.3013,3.0000,0,S,,,,3,0
,D2Y1_36,44A,36,D2Y1,43.3013,5.0000,0,S,,,,6,3
,D1L3_35,44A,40,D1L3,43.3013,7.0000,0,D,,,,6,2
,D3L3_50,44A,48,D3L3,43.3013,13.0000,0,D,,,,6,0
,D2Y1_39,44A,36,D2Y1,44.1673,5.5000,0,S,,,,6,3
,D1L3_37,44A,40,D1L3,44.1673,6.5000,0,S,,,,6,4
,D1L3_38,44A,40,D1L3,44.1673,7.5000,0,D,,,,6,3
,D1L3_40,44A,40,D1L3,45.0333,6.0000,0,S,,,,6,3
,D1L3_41,44A,40,D1L3,45.0333,7.0000,0,C,,,,6,6
,D1L3_42,44A,40,D1L3,45.0333,8.0000,0,D,,,,6,3
,D3L3_56,44A,48,D3L3,45.0333,13.0000,0,D,,,,6,1
,D1L3_43,44A,40,D1L3,45.8993,6.5000,0,D,,,,6,2
,D1L3_44,44A,40,D1L3,45.8993,7.5000,0,D,,,,6,4
,D1L3_45,44A,40,D1L3,45.8993,8.5000,0,D,,,,6,3
,D2L1_59,44A,44,D2L1,45.8993,10.5000,0,S,,,,6,0
,D3L3_58,44A,48,D3L3,45.8993,12.5000,0,D,,,,6,3
,D3Y1_63,44A,39,D3Y1,46.7654,8.0000,0,D,,,,6,3
,D2L2_31,44A,47,D2L2,46.7654,12.0000,0,D,,,,6,2
,D2L2_32,44A,47,D2L2,46.7654,13.0000,0,S,,,,6,3
,D2L3_34,44A,35,D2L3,47.6314,3.5000,0,S,,,,5,0
,D3Y1_65,44A,39,D3Y1,47.6314,7.5000,0,D,,,,6,2
,D3L2_35,44A,43,D3L2,47.6314,10.5000,0,D,,,,6,0
,D2L2_35,44A,47,D2L2,47.6314,13.5000,0,D,,,,6,1
,D2L3_39,44A,35,D2L3,48.4974,5.0000,0,S,,,,6,1
,D3Y1_67,44A,39,D3Y1,48.4974,6.0000,0,D,,,,6,2
,D3Y1_69,44A,39,D3Y1,48.4974,8.0000,0,S,,,,6,1
,D3Y1_70,44A,39,D3Y1,49.3634,6.5000,0,S,,,,6,3
,D3L2_40,44A,43,D3L2,49.3634,9.5000,0,D,,,,6,1
,D3Y1_73,44A,39,D3Y1,50.2295,6.0000,0,D,,,,6,2
,D3Y1_74,44A,39,D3Y1,50.2295,7.0000,0,D,,,,6,3
,D3L2_44,44A,43,D3L2,50.2295,10.0000,0,S,,,,6,2
,D2L2_45,44A,47,D2L2,50.2295,14.0000,0,D,,,,5,1
,D4L3_32,44A,34,D4L3,51.0955,4.5000,0,S,,,,6,0
,D1Y1_32,44A,38,D1Y1,51.0955,7.5000,0,S,,,,6,2
,D1Y1_33,44A,38,D1Y1,51.0955,8.5000,0,D,,,,6,1
,D3L1_32,44A,42,D3L1,51.0955,10.5000,0,D,,,,6,2
,D3Y1_76,44A,46,D3Y1,51.0955,12.5000,0,D,,,,6,0
,D3Y1_78,44A,46,D3Y1,51.0955,14.5000,0,S,,,,3,1
,D4L3_34,44A,34,D4L3,51.9615,3.0000,0,D,,,,3,1
,D3L1_35,44A,42,D3L1,51.9615,10.0000,0,D,,,,6,1
,D3Y1_81,44A,46,D3Y1,51.9615,14.0000,0,C,,,,5,2
,D4L3_37,44A,34,D4L3,52.8275,3.5000,0,D,,,,5,2
,D4L3_39,44A,34,D4L3,52.8275,5.5000,0,S,,,,6,2
,D3Y1_82,44A,46,D3Y1,52.8275,12.5000,0,D,,,,6,1
,D3Y1_84,44A,46,D3Y1,52.8275,14.5000,0,S,,,,3,1
,D4L3_40,44A,34,D4L3,53.6936,3.0000,0,S,,,,3,2
,D4L3_42,44A,34,D4L3,53.6936,5.0000,0,S,,,,6,3
,D1Y1_40,44A,38,D1Y1,53.6936,6.0000,0,S,,,,6,3
,D1Y1_42,44A,38,D1Y1,53.6936,8.0000,0,D,,,,6,1
,D3L1_41,44A,42,D3L1,53.6936,10.0000,0,S,,,,6,3
,D3L1_42,44A,42,D3L1,53.6936,11.0000,0,S,,,,6,2
,D3Y1_86,44A,46,D3Y1,53.6936,13.0000,0,S,,,,6,3
,D3Y1_87,44A,46,D3Y1,53.6936,14.0000,0,D,,,,5,2
,D4L3_43,44A,34,D4L3,54.5596,3.5000,0,S,,,,5,2
,D4L3_45,44A,34,D4L3,54.5596,5.5000,0,S,,,,6,4
,D1Y1_44,44A,38,D1Y1,54.5596,7.5000,0,S,,,,6,2
,D3L1_43,44A,42,D3L1,54.5596,9.5000,0,D,,,,6,2
,D3L1_44,44A,42,D3L1,54.5596,10.5000,0,S,,,,6,3
,D3Y1_88,44A,46,D3Y1,54.5596,12.5000,0,S,,,,6,1
,D5L2_32,44A,33,D5L2,55.4256,4.0000,0,S,,,,6,3
,D5L2_33,44A,33,D5L2,55.4256,5.0000,0,D,,,,6,4
,D2L1_61,44A,37,D2L1,55.4256,6.0000,0,S,,,,6,3
,D2L1_62,44A,37,D2L1,55.4256,7.0000,0,S,,,,6,3
,D5L3_31,44A,45,D5L3,55.4256,12.0000,0,C,,,,6,2
,D5L2_35,44A,33,D5L2,56.2917,4.5000,0,D,,,,6,2
,D2L1_65,44A,37,D2L1,56.2917,7.5000,0,D,,,,6,1
,D4L1_36,44A,41,D4L1,56.2917,11.5000,0,S,,,,6,0
,D5L3_35,44A,45,D5L3,56.2917,13.5000,0,S,,,,6,0
,D5L2_37,44A,33,D5L2,57.1577,3.0000,0,S,,,,3,1
,D4L1_38,44A,41,D4L1,57.1577,10.0000,0,D,,,,6,1
,D5L2_40,44A,33,D5L2,58.0237,3.5000,0,S,,,,5,2
,D5L2_41,44A,33,D5L2,58.0237,4.5000,0,S,,,,6,2
,D5L2_42,44A,33,D5L2,58.0237,5.5000,0,D,,,,6,1
,D4L1_41,44A,41,D4L1,58.0237,10.5000,0,S,,,,6,2
,D5L3_40,44A,45,D5L3,58.0237,12.5000,0,S,,,,6,2
,D5L3_41,44A,45,D5L3,58.0237,13.5000,0,D,,,,6,4
,D5L3_42,44A,45,D5L3,58.0237,14.5000,0,S,,,,3,2
,D4L1_44,44A,41,D4L1,58.8897,10.0000,0,D,,,,4,1
,D5L3_44,44A,45,D5L3,58.8897,13.0000,0,S,,,,4,3
,D5L3_45,44A,45,D5L3,58.8897,14.0000,0,S,,,,3,3
,D3Y1_91,44B,32,D3Y1,18.1865,22.5000,0,D,,,,3,3
,D3Y1_92,44B,32,D3Y1,18.1865,23.5000,0,S,,,,4,4
,D3Y1_93,44B,32,D3Y1,18.1865,24.5000,0,D,,,,4,4
,D2L1_76,44B,28,D2L1,18.1865,25.5000,0,D,,,,4,4
,D2L1_77,44B,28,D2L1,18.1865,26.5000,0,S,,,,4,3
,D2L1_78,44B,28,D2L1,18.1865,27.5000,0,S,,,,4,1
,D3Y1_94,44B,32,D3Y1,19.0526,22.0000,0,D,,,,3,2
,D3Y1_95,44B,32,D3Y1,19.0526,23.0000,0,S,,,,6,5
,D3Y1_96,44B,32,D3Y1,19.0526,24.0000,0,D,,,,6,6
,D2L1_82,44B,28,D2L1,19.0526,25.0000,0,D,,,,6,6
,D2L1_83,44B,28,D2L1,19.0526,26.0000,0,D,,,,6,4
,D2L1_86,44B,24,D2L1,19.0526,29.0000,0,D,,,,6,1
,D2L1_87,44B,24,D2L1,19.0526,30.0000,0,D,,,,6,1
,D4L1_49,44B,20,D4L1,19.0526,31.0000,0,C,,,,6,2
,D3Y1_98,44B,32,D3Y1,19.9186,23.5000,0,D,,,,6,5
,D3Y1_99,44B,32,D3Y1,19.9186,24.5000,0,D,,,,6,6
,D2L1_88,44B,28,D2L1,19.9186,25.5000,0,D,,,,6,4
,D2L1_89,44B,28,D2L1,19.9186,26.5000,0,C,,,,6,4
,D2L1_90,44B,28,D2L1,19.9186,27.5000,0,D,,,,6,1
,D4L1_52,44B,20,D4L1,19.9186,31.5000,0,S,,,,6,2
,D4L1_54,44B,20,D4L1,19.9186,33.5000,0,S,,,,3,0
,D3Y1_101,44B,32,D3Y1,20.7846,23.0000,0,D,,,,6,3
,D3Y1_102,44B,32,D3Y1,20.7846,24.0000,0,D,,,,6,5
,D2L1_94,44B,28,D2L1,20.7846,25.0000,0,D,,,,6,3
,D2L1_96,44B,28,D2L1,20.7846,27.0000,0,D,,,,6,1
,D4L1_55,44B,20,D4L1,20.7846,31.0000,0,S,,,,6,3
,D4L1_56,44B,20,D4L1,20.7846,32.0000,0,S,,,,6,4
,D4L1_57,44B,20,D4L1,20.7846,33.0000,0,C,,,,5,3
,D3Y1_104,44B,32,D3Y1,21.6506,23.5000,0,D,,,,6,2
,D2L1_103,44B,24,D2L1,21.6506,28.5000,0,D,,,,6,0
,D4L1_58,44B,20,D4L1,21.6506,31.5000,0,S,,,,6,4
,D4L1_59,44B,20,D4L1,21.6506,32.5000,0,D,,,,6,2
,D5L3_46,44B,31,D5L3,22.5167,22.0000,0,D,,,,3,1
,D3L3_61,44B,27,D3L3,22.5167,25.0000,0,S,,,,6,2
,D4L3_46,44B,19,D4L3,22.5167,31.0000,0,D,,,,6,1
,D5L3_49,44B,31,D5L3,23.3827,22.5000,0,D,,,,5,4
,D5L3_50,44B,31,D5L3,23.3827,23.5000,0,D,,,,6,3
,D5L3_51,44B,31,D5L3,23.3827,24.5000,0,D,,,,6,4
,D3L3_64,44B,27,D3L3,23.3827,25.5000,0,D,,,,6,3
,D2L2_49,44B,23,D2L2,23.3827,28.5000,0,S,,,,6,2
,D5L3_52,44B,31,D5L3,24.2487,22.0000,0,D,,,,3,3
,D5L3_53,44B,31,D5L3,24.2487,23.0000,0,D,,,,6,4
,D5L3_54,44B,31,D5L3,24.2487,24.0000,0,C,,,,6,4
,D3L3_67,44B,27,D3L3,24.2487,25.0000,0,S,,,,6,2
,D2L2_52,44B,23,D2L2,24.2487,28.0000,0,D,,,,6,2
,D2L2_53,44B,23,D2L2,24.2487,29.0000,0,D,,,,6,3
,D4L3_53,44B,19,D4L3,24.2487,32.0000,0,S,,,,6,0
,D5L3_55,44B,31,D5L3,25.1147,22.5000,0,D,,,,5,3
,D3L3_71,44B,27,D3L3,25.1147,26.5000,0,D,,,,6,0
,D2L2_56,44B,23,D2L2,25.1147,29.5000,0,S,,,,6,2
,D5L3_58,44B,31,D5L3,25.9808,22.0000,0,S,,,,3,2
,D5L3_60,44B,31,D5L3,25.9808,24.0000,0,D,,,,6,2
,D2L2_60,44B,23,D2L2,25.9808,30.0000,0,D,,,,6,2
,D4L3_58,44B,19,D4L3,25.9808,31.0000,0,S,,,,6,2
,D4L3_60,44B,19,D4L3,25.9808,33.0000,0,D,,,,5,2
,D3L1_46,44B,30,D3L1,26.8468,22.5000,0,D,,,,5,2
,D3L1_47,44B,30,D3L1,26.8468,23.5000,0,S,,,,6,3
,D3L1_48,44B,30,D3L1,26.8468,24.5000,0,S,,,,6,3
,D2Y1_46,44B,26,D2Y1,26.8468,25.5000,0,D,,,,6,1
,D3Y1_106,44B,18,D3Y1,26.8468,31.5000,0,D,,,,6,4
,D3Y1_107,44B,18,D3Y1,26.8468,32.5000,0,D,,,,6,5
,D3Y1_108,44B,18,D3Y1,26.8468,33.5000,0,D,,,,3,3
,D3L1_51,44B,30,D3L1,27.7128,24.0000,0,C,,,,6,2
,D2Y1_49,44B,26,D2Y1,27.7128,25.0000,0,C,,,,6,2
,D1Y1_51,44B,22,D1Y1,27.7128,30.0000,0,D,,,,6,2
,D3Y1_109,44B,18,D3Y1,27.7128,31.0000,0,D,,,,6,4
,D3Y1_110,44B,18,D3Y1,27.7128,32.0000,0,S,,,,6,5
,D3Y1_111,44B,18,D3Y1,27.7128,33.0000,0,S,,,,5,4
,D2Y1_53,44B,26,D2Y1,28.5788,26.5000,0,C,,,,6,1
,D1Y1_52,44B,22,D1Y1,28.5788,28.5000,0,S,,,,6,0
,D1Y1_54,44B,22,D1Y1,28.5788,30.5000,0,D,,,,6,3
,D3Y1_113,44B,18,D3Y1,28.5788,32.5000,0,S,,,,6,4
,D3L1_57,44B,30,D3L1,29.4449,24.0000,0,S,,,,6,0
,D2Y1_57,44B,26,D2Y1,29.4449,27.0000,0,S,,,,6,1
,D1Y1_55,44B,22,D1Y1,29.4449,28.0000,0,C,,,,6,3
,D1Y1_56,44B,22,D1Y1,29.4449,29.0000,0,C,,,,6,1
,D3Y1_115,44B,18,D3Y1,29.4449,31.0000,0,S,,,,6,4
,D3Y1_116,44B,18,D3Y1,29.4449,32.0000,0,D,,,,6,5
,D3Y1_117,44B,18,D3Y1,29.4449,33.0000,0,S,,,,5,4
,D2Y1_60,44B,26,D2Y1,30.3109,27.5000,0,S,,,,6,2
,D1Y1_60,44B,22,D1Y1,30.3109,30.5000,0,D,,,,6,4
,D3Y1_118,44B,18,D3Y1,30.3109,31.5000,0,D,,,,6,6
,D3Y1_119,44B,18,D3Y1,30.3109,32.5000,0,D,,,,6,6
,D3Y1_120,44B,18,D3Y1,30.3109,33.5000,0,D,,,,3,3
,D5L2_47,44B,29,D5L2,31.1769,23.0000,0,D,,,,6,2
,D3L2_46,44B,25,D3L2,31.1769,25.0000,0,S,,,,6,1
,D3L2_47,44B,25,D3L2,31.1769,26.0000,0,D,,,,6,3
,D3L2_48,44B,25,D3L2,31.1769,27.0000,0,D,,,,6,4
,D2L3_48,44B,21,D2L3,31.1769,30.0000,0,D,,,,6,3
,D1L3_46,44B,17,D1L3,31.1769,31.0000,0,S,,,,6,5
,D1L3_47,44B,17,D1L3,31.1769,32.0000,0,D,,,,6,6
,D1L3_48,44B,17,D1L3,31.1769,33.0000,0,D,,,,5,5
,D5L2_49,44B,29,D5L2,32.0429,22.5000,0,D,,,,5,3
,D5L2_50,44B,29,D5L2,32.0429,23.5000,0,S,,,,6,3
,D3L2_50,44B,25,D3L2,32.0429,26.5000,0,S,,,,6,3
,D3L2_51,44B,25,D3L2,32.0429,27.5000,0,D,,,,6,4
,D2L3_49,44B,21,D2L3,32.0429,28.5000,0,S,,,,6,4
,D2L3_50,44B,21,D2L3,32.0429,29.5000,0,S,,,,6,3
,D1L3_49,44B,17,D1L3,32.0429,31.5000,0,D,,,,6,5
,D1L3_50,44B,17,D1L3,32.0429,32.5000,0,D,,,,6,6
,D1L3_51,44B,17,D1L3,32.0429,33.5000,0,D,,,,3,3
,D5L2_52,44B,29,D5L2,32.9090,22.0000,0,C,,,,3,3
,D5L2_53,44B,29,D5L2,32.9090,23.0000,0,S,,,,6,4
,D2L3_52,44B,21,D2L3,32.9090,28.0000,0,D,,,,6,3
,D2L3_53,44B,21,D2L3,32.9090,29.0000,0,D,,,,6,3
,D1L3_52,44B,17,D1L3,32.9090,31.0000,0,D,,,,6,4
,D1L3_53,44B,17,D1L3,32.9090,32.0000,0,D,,,,6,5
,D1L3_54,44B,17,D1L3,32.9090,33.0000,0,D,,,,5,4
,D5L2_55,44B,29,D5L2,33.7750,22.5000,0,D,,,,5,3
,D5L2_56,44B,29,D5L2,33.7750,23.5000,0,S,,,,6,2
,D3L2_55,44B,25,D3L2,33.7750,25.5000,0,D,,,,6,1
,D2L3_56,44B,21,D2L3,33.7750,29.5000,0,C,,,,6,3
,D2L3_57,44B,21,D2L3,33.7750,30.5000,0,D,,,,6,2
,D1L3_55,44B,17,D1L3,33.7750,31.5000,0,S,,,,6,3
,D1L3_57,44B,17,D1L3,33.7750,33.5000,0,S,,,,3,2
,D5L2_58,44B,29,D5L2,34.6410,22.0000,0,D,,,,3,1
,D3L2_58,44B,25,D3L2,34.6410,25.0000,0,S,,,,6,1
,D2L3_58,44B,21,D2L3,34.6410,28.0000,0,D,,,,6,1
,D2L3_59,44B,21,D2L3,34.6410,29.0000,0,S,,,,6,2
,D1L3_60,44B,17,D1L3,34.6410,33.0000,0,D,,,,5,3
,D3L2_62,44B,16,D3L2,35.5070,23.5000,0,S,,,,6,1
,D2L1_108,44B,12,D2L1,35.5070,27.5000,0,C,,,,6,3
,D2L1_109,44B,8,D2L1,35.5070,28.5000,0,C,,,,6,4
,D2L1_110,44B,8,D2L1,35.5070,29.5000,0,S,,,,6,1
,D3L3_77,44B,4,D3L3,35.5070,32.5000,0,D,,,,6,4
,D3L3_78,44B,4,D3L3,35.5070,33.5000,0,D,,,,3,3
,D3L2_66,44B,16,D3L2,36.3731,24.0000,0,S,,,,6,2
,D2L1_114,44B,12,D2L1,36.3731,27.0000,0,S,,,,6,1
,D2L1_115,44B,8,D2L1,36.3731,28.0000,0,S,,,,6,2
,D3L3_79,44B,4,D3L3,36.3731,31.0000,0,D,,,,6,2
,D3L3_80,44B,4,D3L3,36.3731,32.0000,0,D,,,,6,4
,D3L3_81,44B,4,D3L3,36.3731,33.0000,0,D,,,,5,4
,D3L2_67,44B,16,D3L2,37.2391,22.5000,0,D,,,,5,2
,D3L2_69,44B,16,D3L2,37.2391,24.5000,0,D,,,,6,1
,D2L1_121,44B,8,D2L1,37.2391,28.5000,0,D,,,,6,3
,D3L3_82,44B,4,D3L3,37.2391,31.5000,0,S,,,,6,4
,D3L3_84,44B,4,D3L3,37.2391,33.5000,0,D,,,,3,2
,D3L2_70,44B,16,D3L2,38.1051,22.0000,0,S,,,,3,2
,D3L2_71,44B,16,D3L2,38.1051,23.0000,0,D,,,,6,3
,D2L1_127,44B,8,D2L1,38.1051,28.0000,0,D,,,,6,2
,D2L1_128,44B,8,D2L1,38.1051,29.0000,0,S,,,,6,3
,D3L3_85,44B,4,D3L3,38.1051,31.0000,0,D,,,,6,2
,D3L3_86,44B,4,D3L3,38.1051,32.0000,0,D,,,,6,4
,D3L3_87,44B,4,D3L3,38.1051,33.0000,0,D,,,,5,4
,D3L2_74,44B,16,D3L2,38.9711,23.5000,0,S,,,,6,2
,D2L1_134,44B,8,D2L1,38.9711,29.5000,0,D,,,,6,1
,D3L3_89,44B,4,D3L3,38.9711,32.5000,0,D,,,,6,4
,D3L3_90,44B,4,D3L3,38.9711,33.5000,0,D,,,,3,3
,D5L3_61,44B,15,D5L3,39.8372,22.0000,0,D,,,,3,2
,D5L3_62,44B,15,D5L3,39.8372,23.0000,0,D,,,,6,4
,D2L2_63,44B,11,D2L2,39.8372,27.0000,0,S,,,,6,0
,D4L3_63,44B,3,D4L3,39.8372,33.0000,0,D,,,,5,4
,D5L3_64,44B,15,D5L3,40.7032,22.5000,0,D,,,,5,4
,D5L3_65,44B,15,D5L3,40.7032,23.5000,0,D,,,,6,4
,D5L3_66,44B,15,D5L3,40.7032,24.5000,0,D,,,,6,3
,D2Y1_64,44B,7,D2Y1,40.7032,28.5000,0,S,,,,6,0
,D4L3_64,44B,3,D4L3,40.7032,31.5000,0,D,,,,6,2
,D4L3_65,44B,3,D4L3,40.7032,32.5000,0,D,,,,6,3
,D4L3_66,44B,3,D4L3,40.7032,33.5000,0,S,,,,3,2
,D5L3_67,44B,15,D5L3,41.5692,22.0000,0,D,,,,3,1
,D5L3_68,44B,15,D5L3,41.5692,23.0000,0,C,,,,6,5
,D5L3_69,44B,15,D5L3,41.5692,24.0000,0,D,,,,6,5
,D2L2_67,44B,11,D2L2,41.5692,25.0000,0,S,,,,6,4
,D2L2_69,44B,11,D2L2,41.5692,27.0000,0,D,,,,6,0
,D2Y1_69,44B,7,D2Y1,41.5692,30.0000,0,S,,,,6,1
,D4L3_67,44B,3,D4L3,41.5692,31.0000,0,D,,,,6,2
,D5L3_70,44B,15,D5L3,42.4352,22.5000,0,C,,,,5,2
,D5L3_71,44B,15,D5L3,42.4352,23.5000,0,D,,,,6,3
,D5L3_72,44B,15,D5L3,42.4352,24.5000,0,D,,,,6,5
,D2L2_70,44B,11,D2L2,42.4352,25.5000,0,D,,,,6,2
,D4L3_71,44B,3,D4L3,42.4352,32.5000,0,S,,,,6,0
,D5L3_73,44B,15,D5L3,43.3013,22.0000,0,C,,,,3,0
,D5L3_75,44B,15,D5L3,43.3013,24.0000,0,D,,,,6,2
,D2L2_73,44B,11,D2L2,43.3013,25.0000,0,C,,,,6,3
,D2Y1_75,44B,7,D2Y1,43.3013,30.0000,0,S,,,,6,1
,D5L2_62,44B,10,D5L2,44.1673,26.5000,0,S,,,,6,2
,D5L2_63,44B,10,D5L2,44.1673,27.5000,0,D,,,,6,2
,D3Y1_123,44B,6,D3Y1,44.1673,30.5000,0,D,,,,6,1
,D5L2_64,44B,10,D5L2,45.0333,25.0000,0,C,,,,6,0
,D5L2_66,44B,10,D5L2,45.0333,27.0000,0,D,,,,6,2
,D3Y1_125,44B,6,D3Y1,45.0333,29.0000,0,S,,,,6,0
,D2L3_67,44B,14,D2L3,45.8993,22.5000,0,S,,,,5,1
,D1Y1_67,44B,2,D1Y1,45.8993,31.5000,0,S,,,,6,3
,D1Y1_68,44B,2,D1Y1,45.8993,32.5000,0,D,,,,6,2
,D2L3_70,44B,14,D2L3,46.7654,22.0000,0,S,,,,3,2
,D2L3_72,44B,14,D2L3,46.7654,24.0000,0,S,,,,6,2
,D5L2_70,44B,10,D5L2,46.7654,25.0000,0,S,,,,6,3
,D1Y1_70,44B,2,D1Y1,46.7654,31.0000,0,S,,,,6,4
,D1Y1_71,44B,2,D1Y1,46.7654,32.0000,0,D,,,,6,4
,D2L3_73,44B,14,D2L3,47.6314,22.5000,0,D,,,,5,3
,D2L3_74,44B,14,D2L3,47.6314,23.5000,0,C,,,,6,5
,D2L3_75,44B,14,D2L3,47.6314,24.5000,0,D,,,,6,4
,D5L2_73,44B,10,D5L2,47.6314,25.5000,0,D,,,,6,3
,D5L2_74,44B,10,D5L2,47.6314,26.5000,0,S,,,,6,2
,D5L2_75,44B,10,D5L2,47.6314,27.5000,0,S,,,,6,1
,D3Y1_135,44B,6,D3Y1,47.6314,30.5000,0,S,,,,6,4
,D1Y1_73,44B,2,D1Y1,47.6314,31.5000,0,D,,,,6,4
,D1Y1_74,44B,2,D1Y1,47.6314,32.5000,0,C,,,,6,3
,D1Y1_75,44B,2,D1Y1,47.6314,33.5000,0,D,,,,3,0
,D1L3_61,44B,13,D1L3,48.4974,22.0000,0,S,,,,3,2
,D1L3_62,44B,13,D1L3,48.4974,23.0000,0,D,,,,6,4
,D1L3_63,44B,13,D1L3,48.4974,24.0000,0,S,,,,6,3
,D3Y1_138,44B,5,D3Y1,48.4974,30.0000,0,S,,,,6,4
,D3L1_61,44B,1,D3L1,48.4974,31.0000,0,S,,,,6,5
,D3L1_63,44B,1,D3L1,48.4974,33.0000,0,C,,,,5,2
,D1L3_65,44B,13,D1L3,49.3634,23.5000,0,D,,,,6,3
,D4L1_64,44B,9,D4L1,49.3634,25.5000,0,S,,,,6,1
,D3Y1_140,44B,5,D3Y1,49.3634,29.5000,0,D,,,,6,2
,D3Y1_141,44B,5,D3Y1,49.3634,30.5000,0,D,,,,6,5
,D3L1_64,44B,1,D3L1,49.3634,31.5000,0,D,,,,6,5
,D3L1_65,44B,1,D3L1,49.3634,32.5000,0,S,,,,6,2
,D1L3_67,44B,13,D1L3,50.2295,22.0000,0,D,,,,3,1
,D1L3_69,44B,13,D1L3,50.2295,24.0000,0,S,,,,6,2
,D4L1_67,44B,9,D4L1,50.2295,25.0000,0,D,,,,6,2
,D3Y1_142,44B,5,D3Y1,50.2295,28.0000,0,S,,,,6,0
,D3L1_67,44B,1,D3L1,50.2295,31.0000,0,S,,,,6,3
,D3L1_68,44B,1,D3L1,50.2295,32.0000,0,D,,,,6,3
,D1L3_70,44B,13,D1L3,51.0955,22.5000,0,S,,,,5,3
,D1L3_73,44B,13,D1L3,51.9615,22.0000,0,S,,,,2,2
,D1L3_74,44B,13,D1L3,51.9615,23.0000,0,D,,,,4,2
,D4L1_73,44B,9,D4L1,51.9615,25.0000,0,S,,,,4,1
,D4L1_74,44B,9,D4L1,51.9615,26.0000,0,S,,,,4,1
,D3Y1_149,44B,5,D3Y1,51.9615,29.0000,0,S,,,,4,0
,D3L1_74,44B,1,D3L1,51.9615,32.0000,0,D,,,,4,0
